Indicator,CountryName,Year,Percentage,GDP_Value
Individuals using the Internet,South Africa,2000,5.34856%,23455.189
Individuals using the Internet,South Africa,2001,6.34662%,25499.541
Individuals using the Internet,South Africa,2002,6.71032%,29216.048
Individuals using the Internet,South Africa,2003,7.00769%,31707.244
Individuals using the Internet,South Africa,2004,8.42512%,34784.402
Individuals using the Internet,South Africa,2005,7.48854%,38222.259
Individuals using the Internet,South Africa,2006,7.60714%,42300.769
Individuals using the Internet,South Africa,2007,8.06538%,47633.228
Individuals using the Internet,South Africa,2008,8.43%,52299.563
Individuals using the Internet,South Africa,2009,10.0%,55163.047
Individuals using the Internet,South Africa,2010,24.0%,59441.941
Individuals using the Internet,South Africa,2011,33.97%,63715.782
Individuals using the Internet,South Africa,2012,41.0%,67204.059
Individuals using the Internet,South Africa,2013,46.5%,71721.005
Individuals using the Internet,South Africa,2014,49.0%,75394.364
Individuals using the Internet,South Africa,2015,51.9191%,79352.246
Individuals using the Internet,South Africa,2016,54.0%,84175.848
Individuals using the Internet,South Africa,2017,56.1674%,88522.662
Individuals using the Internet,South Africa,2018,62.4%,92098.81
Individuals using the Internet,South Africa,2019,69.6969%,95131.268
Individuals using the Internet,South Africa,2020,72.1128%,92708.031
Individuals using the Internet,South Africa,2021,74.9686%,102352.182
Individuals using the Internet,South Africa,2022,75.4556%,108654.101
Individuals using the Internet,South Africa,2023,75.6592%,113182.277
Individuals using the Internet,Angola,2000,0.105046%,7745.324
Individuals using the Internet,Angola,2001,0.136014%,16116.611
Individuals using the Internet,Angola,2002,0.270377%,43021.696
Individuals using the Internet,Angola,2003,0.370682%,83735.509
Individuals using the Internet,Angola,2004,0.464815%,120155.185
Individuals using the Internet,Angola,2005,1.14337%,185497.024
Individuals using the Internet,Angola,2006,1.5%,233796.375
Individuals using the Internet,Angola,2007,1.7%,267935.661
Individuals using the Internet,Angola,2008,1.9%,341726.966
Individuals using the Internet,Angola,2009,2.3%,287969.428
Individuals using the Internet,Angola,2010,2.8%,375844.824
Individuals using the Internet,Angola,2011,4.7%,486153.883
Individuals using the Internet,Angola,2012,7.7%,544165.996
Individuals using the Internet,Angola,2013,13.0%,567589.355
Individuals using the Internet,Angola,2014,21.3623%,595896.018
Individuals using the Internet,Angola,2015,22.0%,561983.568
Individuals using the Internet,Angola,2016,23.2%,644211.272
Individuals using the Internet,Angola,2017,26.0%,768018.958
Individuals using the Internet,Angola,2018,29.0%,923253.251
Individuals using the Internet,Angola,2019,32.1294%,1067532.541
Individuals using the Internet,Angola,2020,36.6347%,1150699.676
Individuals using the Internet,Angola,2021,39.3876%,1544120.42
Individuals using the Internet,Angola,2022,42.0719%,1843387.9
Individuals using the Internet,Angola,2023,44.7581%,2100436.777
Individuals using the Internet,Albania,2000,0.114097%,162251.412
Individuals using the Internet,Albania,2001,0.325798%,184123.189
Individuals using the Internet,Albania,2002,0.390081%,200095.796
Individuals using the Internet,Albania,2003,0.9719%,222968.14
Individuals using the Internet,Albania,2004,2.42039%,243696.866
Individuals using the Internet,Albania,2005,6.04389%,267031.938
Individuals using the Internet,Albania,2006,9.60999%,291636.221
Individuals using the Internet,Albania,2007,15.0361%,325091.661
Individuals using the Internet,Albania,2008,23.86%,366664.675
Individuals using the Internet,Albania,2009,41.2%,390752.872
Individuals using the Internet,Albania,2010,45.0%,425552.917
Individuals using the Internet,Albania,2011,47.0%,447689.081
Individuals using the Internet,Albania,2012,49.4%,459526.455
Individuals using the Internet,Albania,2013,51.8%,466324.606
Individuals using the Internet,Albania,2014,54.3%,482954.103
Individuals using the Internet,Albania,2015,56.9%,497901.557
Individuals using the Internet,Albania,2016,59.6%,511970.591
Individuals using the Internet,Albania,2017,62.4%,539644.574
Individuals using the Internet,Albania,2018,65.4%,579414.666
Individuals using the Internet,Albania,2019,68.5504%,599832.84
Individuals using the Internet,Albania,2020,72.2377%,583534.975
Individuals using the Internet,Albania,2021,79.3237%,663902.314
Individuals using the Internet,Albania,2022,82.6137%,773931.604
Individuals using the Internet,Albania,2023,83.1356%,859764.075
Individuals using the Internet,Algeria,2000,0.491706%,146698.076
Individuals using the Internet,Algeria,2001,0.646114%,148207.243
Individuals using the Internet,Algeria,2002,1.59164%,156036.162
Individuals using the Internet,Algeria,2003,2.19536%,178364.686
Individuals using the Internet,Algeria,2004,4.63448%,204639.282
Individuals using the Internet,Algeria,2005,5.84394%,238745.427
Individuals using the Internet,Algeria,2006,7.37598%,268107.553
Individuals using the Internet,Algeria,2007,9.45119%,291599.356
Individuals using the Internet,Algeria,2008,10.18%,336783.961
Individuals using the Internet,Algeria,2009,11.23%,309633.747
Individuals using the Internet,Algeria,2010,12.5%,367577.853
Individuals using the Internet,Algeria,2011,14.9%,433713.811
Individuals using the Internet,Algeria,2012,18.2%,469710.895
Individuals using the Internet,Algeria,2013,22.5%,476043.424
Individuals using the Internet,Algeria,2014,29.5%,492247.405
Individuals using the Internet,Algeria,2015,38.2%,472412.607
Individuals using the Internet,Algeria,2016,42.9455%,484458.541
Individuals using the Internet,Algeria,2017,47.6911%,505061.144
Individuals using the Internet,Algeria,2018,49.0385%,532759.759
Individuals using the Internet,Algeria,2019,55.7907%,531735.883
Individuals using the Internet,Algeria,2020,63.4727%,476662.425
Individuals using the Internet,Algeria,2021,72.2124%,564267.583
Individuals using the Internet,Algeria,2022,74.8319%,707239.048
Individuals using the Internet,Algeria,2023,76.9081%,732569.658
Individuals using the Internet,Argentina,2000,7.03868%,8638.543
Individuals using the Internet,Argentina,2001,9.78081%,8085.356
Individuals using the Internet,Argentina,2002,10.8821%,9315.73
Individuals using the Internet,Argentina,2003,11.9137%,11098.367
Individuals using the Internet,Argentina,2004,16.0367%,12690.697
Individuals using the Internet,Argentina,2005,17.7206%,15094.732
Individuals using the Internet,Argentina,2006,20.9272%,18370.363
Individuals using the Internet,Argentina,2007,25.9466%,22791.226
Individuals using the Internet,Argentina,2008,28.1126%,28925.107
Individuals using the Internet,Argentina,2009,34.0%,31093.737
Individuals using the Internet,Argentina,2010,45.0%,40739.985
Individuals using the Internet,Argentina,2011,51.0%,52810.117
Individuals using the Internet,Argentina,2012,55.8%,63208.892
Individuals using the Internet,Argentina,2013,59.9%,79338.285
Individuals using the Internet,Argentina,2014,64.7%,107315.212
Individuals using the Internet,Argentina,2015,68.0431%,138053.315
Individuals using the Internet,Argentina,2016,70.969%,188760.956
Individuals using the Internet,Argentina,2017,74.2949%,242031.427
Individuals using the Internet,Argentina,2018,77.7%,331385.005
Individuals using the Internet,Argentina,2019,79.947%,479729.91
Individuals using the Internet,Argentina,2020,85.5144%,599642.029
Individuals using the Internet,Argentina,2021,87.1507%,1008957.601
Individuals using the Internet,Argentina,2022,88.3754%,1791074.937
Individuals using the Internet,Argentina,2023,89.229%,4124101.94
Individuals using the Internet,Argentina,2024,89.6672%,12391673.434
Individuals using the Internet,Saudi Arabia,2000,2.21069%,39182.107
Individuals using the Internet,Saudi Arabia,2001,4.68105%,37118.641
Individuals using the Internet,Saudi Arabia,2002,6.38471%,37265.362
Individuals using the Internet,Saudi Arabia,2003,8.00158%,41354.731
Individuals using the Internet,Saudi Arabia,2004,10.2345%,48342.496
Individuals using the Internet,Saudi Arabia,2005,12.705%,59787.818
Individuals using the Internet,Saudi Arabia,2006,19.4596%,66852.69
Individuals using the Internet,Saudi Arabia,2007,30.0%,71985.215
Individuals using the Internet,Saudi Arabia,2008,36.0%,87763.644
Individuals using the Internet,Saudi Arabia,2009,38.0%,70638.582
Individuals using the Internet,Saudi Arabia,2010,41.0%,82606.38
Individuals using the Internet,Saudi Arabia,2011,47.5%,101725.312
Individuals using the Internet,Saudi Arabia,2012,54.0%,107750.353
Individuals using the Internet,Saudi Arabia,2013,60.5%,104495.46
Individuals using the Internet,Saudi Arabia,2014,64.7137%,104270.498
Individuals using the Internet,Saudi Arabia,2015,69.6162%,87210.648
Individuals using the Internet,Saudi Arabia,2016,74.8793%,83503.956
Individuals using the Internet,Saudi Arabia,2017,94.1756%,89734.808
Individuals using the Internet,Saudi Arabia,2018,93.31%,110100.115
Individuals using the Internet,Saudi Arabia,2019,95.7247%,110875.176
Individuals using the Internet,Saudi Arabia,2020,97.8623%,91193.569
Individuals using the Internet,Saudi Arabia,2021,100.0%,119702.87
Individuals using the Internet,Saudi Arabia,2022,100.0%,144413.385
Individuals using the Internet,Saudi Arabia,2023,100.0%,135588.181
Individuals using the Internet,Saudi Arabia,2024,100.0%,131706.264
Individuals using the Internet,Antigua and Barbuda,2000,6.48223%,32179.992
Individuals using the Internet,Antigua and Barbuda,2001,8.89929%,30824.728
Individuals using the Internet,Antigua and Barbuda,2002,12.5%,31221.915
Individuals using the Internet,Antigua and Barbuda,2003,17.2286%,32646.406
Individuals using the Internet,Antigua and Barbuda,2004,24.2665%,34990.277
Individuals using the Internet,Antigua and Barbuda,2005,27.0%,38603.122
Individuals using the Internet,Antigua and Barbuda,2006,30.0%,43533.733
Individuals using the Internet,Antigua and Barbuda,2007,34.0%,49132.94
Individuals using the Internet,Antigua and Barbuda,2008,38.0%,50876.813
Individuals using the Internet,Antigua and Barbuda,2009,42.0%,44767.053
Individuals using the Internet,Antigua and Barbuda,2010,47.0%,41425.87
Individuals using the Internet,Antigua and Barbuda,2011,52.0%,40621.618
Individuals using the Internet,Antigua and Barbuda,2012,58.0%,42454.691
Individuals using the Internet,Antigua and Barbuda,2013,63.4%,40636.773
Individuals using the Internet,Antigua and Barbuda,2014,67.78%,41643.007
Individuals using the Internet,Antigua and Barbuda,2015,70.0%,42765.798
Individuals using the Internet,Antigua and Barbuda,2016,70.9743%,43642.154
Individuals using the Internet,Antigua and Barbuda,2017,71.9621%,44283.669
Individuals using the Internet,Antigua and Barbuda,2018,72.9637%,47170.781
Individuals using the Internet,Antigua and Barbuda,2019,73.9792%,48328.305
Individuals using the Internet,Antigua and Barbuda,2020,75.0089%,38933.756
Individuals using the Internet,Antigua and Barbuda,2021,76.0528%,43546.111
Individuals using the Internet,Antigua and Barbuda,2022,77.1648%,50011.213
Individuals using the Internet,Antigua and Barbuda,2023,77.5756%,52993.004
Individuals using the Internet,Australia,2000,46.7561%,35913.887
Individuals using the Internet,Australia,2001,52.6893%,37680.369
Individuals using the Internet,Australia,2005,63.0%,47471.037
Individuals using the Internet,Australia,2006,66.0%,50415.544
Individuals using the Internet,Australia,2007,69.45%,53911.233
Individuals using the Internet,Australia,2008,71.67%,57524.1
Individuals using the Internet,Australia,2009,74.25%,57843.63
Individuals using the Internet,Australia,2010,76.0%,61538.568
Individuals using the Internet,Australia,2011,79.4877%,65189.422
Individuals using the Internet,Australia,2012,79.0%,66114.335
Individuals using the Internet,Australia,2013,83.4535%,67364.71
Individuals using the Internet,Australia,2014,84.0%,68272.606
Individuals using the Internet,Australia,2015,84.5605%,68356.75
Individuals using the Internet,Australia,2016,86.54%,69606.42
Individuals using the Internet,Australia,2017,86.545%,72748.968
Individuals using the Internet,Australia,2018,90.0%,75329.295
Individuals using the Internet,Australia,2019,93.6099%,78111.577
Individuals using the Internet,Australia,2020,94.6935%,77004.068
Individuals using the Internet,Australia,2021,96.9722%,85457.264
Individuals using the Internet,Australia,2022,97.0424%,94330.172
Individuals using the Internet,Australia,2023,97.0631%,97228.216
Individuals using the Internet,Austria,2000,33.7301%,26512.52
Individuals using the Internet,Austria,2001,39.1855%,27277.457
Individuals using the Internet,Austria,2002,36.56%,27850.103
Individuals using the Internet,Austria,2003,42.7%,28397.985
Individuals using the Internet,Austria,2004,54.28%,29444.083
Individuals using the Internet,Austria,2005,58.0%,30680.422
Individuals using the Internet,Austria,2006,63.6%,32164.402
Individuals using the Internet,Austria,2007,69.37%,34020.708
Individuals using the Internet,Austria,2008,72.87%,35071.173
Individuals using the Internet,Austria,2009,73.45%,34319.329
Individuals using the Internet,Austria,2010,75.17%,35169.02
Individuals using the Internet,Austria,2011,78.74%,36736.705
Individuals using the Internet,Austria,2012,80.03%,37571.53
Individuals using the Internet,Austria,2013,80.6188%,37888.756
Individuals using the Internet,Austria,2014,80.9958%,38637.175
Individuals using the Internet,Austria,2015,83.9401%,39641.085
Individuals using the Internet,Austria,2016,84.3237%,40694.919
Individuals using the Internet,Austria,2017,87.9356%,41668.703
Individuals using the Internet,Austria,2018,87.4791%,43134.69
Individuals using the Internet,Austria,2019,87.7522%,44668.217
Individuals using the Internet,Austria,2020,87.5294%,42727.547
Individuals using the Internet,Austria,2021,92.5292%,45480.531
Individuals using the Internet,Austria,2022,93.6141%,49898.967
Individuals using the Internet,Austria,2023,95.3347%,51975.689
Individuals using the Internet,Austria,2024,94.9197%,52869.688
Individuals using the Internet,Brazil,2000,2.87069%,6863.886
Individuals using the Internet,Brazil,2001,4.52849%,7433.493
Individuals using the Internet,Brazil,2002,9.14943%,8306.659
Individuals using the Internet,Brazil,2003,13.2076%,9471.679
Individuals using the Internet,Brazil,2004,19.0737%,10670.706
Individuals using the Internet,Brazil,2005,21.0227%,11700.103
Individuals using the Internet,Brazil,2006,28.1784%,12848.0
Individuals using the Internet,Brazil,2007,30.88%,14358.069
Individuals using the Internet,Brazil,2008,33.83%,16253.168
Individuals using the Internet,Brazil,2009,39.22%,17254.073
Individuals using the Internet,Brazil,2010,40.65%,19953.07
Individuals using the Internet,Brazil,2011,45.69%,22310.425
Individuals using the Internet,Brazil,2012,48.56%,24357.489
Individuals using the Internet,Brazil,2013,51.04%,26761.568
Individuals using the Internet,Brazil,2014,54.551%,28778.051
Individuals using the Internet,Brazil,2015,58.328%,29622.921
Individuals using the Internet,Brazil,2016,60.8725%,30751.301
Individuals using the Internet,Brazil,2017,67.4713%,32091.17
Individuals using the Internet,Brazil,2018,70.4343%,33913.589
Individuals using the Internet,Brazil,2019,73.9124%,35541.739
Individuals using the Internet,Brazil,2020,81.3427%,36380.853
Individuals using the Internet,Brazil,2021,80.6899%,42893.792
Individuals using the Internet,Brazil,2022,80.5278%,47802.017
Individuals using the Internet,Brazil,2023,84.1506%,51693.88
Individuals using the Internet,Brazil,2024,84.4635%,55247.445
Individuals using the Internet,Burundi,2000,0.0772484%,110176.2
Individuals using the Internet,Burundi,2001,0.106001%,123018.593
Individuals using the Internet,Burundi,2002,0.118228%,123670.629
Individuals using the Internet,Burundi,2003,0.201273%,129717.194
Individuals using the Internet,Burundi,2004,0.34906%,143325.708
Individuals using the Internet,Burundi,2005,0.542143%,159245.602
Individuals using the Internet,Burundi,2006,0.657593%,166536.415
Individuals using the Internet,Burundi,2007,0.7%,179766.436
Individuals using the Internet,Burundi,2008,0.81%,224690.873
Individuals using the Internet,Burundi,2009,0.9%,244106.327
Individuals using the Internet,Burundi,2010,1.0%,266737.262
Individuals using the Internet,Burundi,2011,1.11%,290135.87
Individuals using the Internet,Burundi,2012,1.22%,334207.193
Individuals using the Internet,Burundi,2013,1.26422%,365205.045
Individuals using the Internet,Burundi,2014,1.04239%,387507.622
Individuals using the Internet,Burundi,2015,2.0%,441706.962
Individuals using the Internet,Burundi,2016,2.2%,435706.424
Individuals using the Internet,Burundi,2017,2.66075%,476682.146
Individuals using the Internet,Burundi,2018,4.0%,456554.632
Individuals using the Internet,Burundi,2019,6.1%,453155.307
Individuals using the Internet,Burundi,2020,9.17302%,468923.942
Individuals using the Internet,Burundi,2021,10.9847%,510769.624
Individuals using the Internet,Burundi,2022,11.0009%,598915.874
Individuals using the Internet,Burundi,2023,11.0784%,796446.883
Individuals using the Internet,Belgium,2000,29.4317%,25038.956
Individuals using the Internet,Belgium,2001,31.2884%,25755.075
Individuals using the Internet,Belgium,2002,46.33%,26504.587
Individuals using the Internet,Belgium,2003,49.97%,27153.847
Individuals using the Internet,Belgium,2004,53.86%,28550.21
Individuals using the Internet,Belgium,2005,55.82%,29680.394
Individuals using the Internet,Belgium,2006,61.9819%,30933.23
Individuals using the Internet,Belgium,2007,66.7604%,32464.254
Individuals using the Internet,Belgium,2008,68.8573%,32975.29
Individuals using the Internet,Belgium,2009,74.5441%,32338.177
Individuals using the Internet,Belgium,2010,77.6398%,33509.703
Individuals using the Internet,Belgium,2011,81.61%,34429.549
Individuals using the Internet,Belgium,2012,80.72%,35025.27
Individuals using the Internet,Belgium,2013,82.1702%,35429.873
Individuals using the Internet,Belgium,2014,85.0012%,36219.014
Individuals using the Internet,Belgium,2015,85.0529%,36978.541
Individuals using the Internet,Belgium,2016,86.5165%,37880.167
Individuals using the Internet,Belgium,2017,87.6797%,39060.841
Individuals using the Internet,Belgium,2018,88.6473%,40311.305
Individuals using the Internet,Belgium,2019,90.2754%,41852.84
Individuals using the Internet,Belgium,2020,91.5264%,40247.552
Individuals using the Internet,Belgium,2021,92.7887%,43795.517
Individuals using the Internet,Belgium,2022,94.0078%,48521.974
Individuals using the Internet,Belgium,2023,94.6263%,50771.724
Individuals using the Internet,Belgium,2024,95.7758%,51957.351
Individuals using the Internet,Benin,2000,0.225248%,346172.445
Individuals using the Internet,Benin,2001,0.363418%,360633.69
Individuals using the Internet,Benin,2002,0.702946%,379089.246
Individuals using the Internet,Benin,2003,0.951327%,392012.321
Individuals using the Internet,Benin,2004,1.18254%,400089.169
Individuals using the Internet,Benin,2005,1.27103%,410965.084
Individuals using the Internet,Benin,2006,1.53785%,422719.153
Individuals using the Internet,Benin,2007,1.79%,436675.873
Individuals using the Internet,Benin,2008,1.85%,473028.77
Individuals using the Internet,Benin,2009,2.24%,481628.821
Individuals using the Internet,Benin,2010,3.13%,481555.645
Individuals using the Internet,Benin,2011,4.14832%,499247.15
Individuals using the Internet,Benin,2012,4.5%,547074.345
Individuals using the Internet,Benin,2013,4.9%,577332.617
Individuals using the Internet,Benin,2014,6.0%,594680.908
Individuals using the Internet,Benin,2015,11.255%,592641.762
Individuals using the Internet,Benin,2016,14.5%,598848.061
Individuals using the Internet,Benin,2017,18.7%,615910.341
Individuals using the Internet,Benin,2018,19.0%,643166.423
Individuals using the Internet,Benin,2019,20.5%,676591.48
Individuals using the Internet,Benin,2020,22.1206%,689265.026
Individuals using the Internet,Benin,2021,28.2047%,731334.451
Individuals using the Internet,Benin,2022,30.0134%,788873.672
Individuals using the Internet,Benin,2023,32.2083%,845784.666
Individuals using the Internet,Burkina Faso,2000,0.0770802%,176776.821
Individuals using the Internet,Burkina Faso,2001,0.157732%,190046.379
Individuals using the Internet,Burkina Faso,2002,0.200993%,198162.019
Individuals using the Internet,Burkina Faso,2003,0.37344%,210139.692
Individuals using the Internet,Burkina Faso,2004,0.400295%,212945.867
Individuals using the Internet,Burkina Faso,2005,0.469914%,232607.486
Individuals using the Internet,Burkina Faso,2006,0.632708%,237972.006
Individuals using the Internet,Burkina Faso,2007,0.75%,246345.332
Individuals using the Internet,Burkina Faso,2008,0.92%,276269.165
Individuals using the Internet,Burkina Faso,2009,1.13%,282914.189
Individuals using the Internet,Burkina Faso,2010,2.4%,309225.262
Individuals using the Internet,Burkina Faso,2011,3.0%,341666.926
Individuals using the Internet,Burkina Faso,2012,3.72503%,373456.715
Individuals using the Internet,Burkina Faso,2013,5.0%,375246.198
Individuals using the Internet,Burkina Faso,2014,6.0%,377656.059
Individuals using the Internet,Burkina Faso,2015,6.55%,372537.124
Individuals using the Internet,Burkina Faso,2016,7.14%,393320.971
Individuals using the Internet,Burkina Faso,2017,7.79%,411511.343
Individuals using the Internet,Burkina Faso,2018,8.5%,432353.666
Individuals using the Internet,Burkina Faso,2019,9.27181%,449770.16
Individuals using the Internet,Burkina Faso,2020,10.7927%,477318.018
Individuals using the Internet,Burkina Faso,2021,12.5631%,496601.788
Individuals using the Internet,Burkina Faso,2022,14.6238%,516055.64
Individuals using the Internet,Burkina Faso,2023,17.0226%,529828.116
Individuals using the Internet,Bangladesh,2000,0.0710394%,25195.763
Individuals using the Internet,Bangladesh,2001,0.129808%,26827.587
Individuals using the Internet,Bangladesh,2002,0.13992%,28418.338
Individuals using the Internet,Bangladesh,2003,0.163878%,30955.741
Individuals using the Internet,Bangladesh,2004,0.199036%,33518.13
Individuals using the Internet,Bangladesh,2005,0.241637%,36796.198
Individuals using the Internet,Bangladesh,2006,1.0%,41001.505
Individuals using the Internet,Bangladesh,2007,1.8%,46166.484
Individuals using the Internet,Bangladesh,2008,2.5%,52188.839
Individuals using the Internet,Bangladesh,2009,3.1%,57880.176
Individuals using the Internet,Bangladesh,2010,3.7%,64738.602
Individuals using the Internet,Bangladesh,2011,4.5%,73494.75
Individuals using the Internet,Bangladesh,2012,5.0%,83707.136
Individuals using the Internet,Bangladesh,2013,6.63%,94014.28
Individuals using the Internet,Bangladesh,2014,11.9%,104167.969
Individuals using the Internet,Bangladesh,2015,12.9%,116206.513
Individuals using the Internet,Bangladesh,2016,18.1%,131405.328
Individuals using the Internet,Bangladesh,2017,21.5%,145568.884
Individuals using the Internet,Bangladesh,2018,25.6%,163566.732
Individuals using the Internet,Bangladesh,2019,30.4%,181017.988
Individuals using the Internet,Bangladesh,2020,36.1091%,192512.07
Individuals using the Internet,Bangladesh,2021,38.9174%,211823.955
Individuals using the Internet,Bangladesh,2022,41.6165%,235682.796
Individuals using the Internet,Bangladesh,2023,44.5027%,263734.99
Individuals using the Internet,Belize,2000,5.96384%,9113.672
Individuals using the Internet,Belize,2002,5.68425%,9472.986
Individuals using the Internet,Belize,2004,9.8%,10132.404
Individuals using the Internet,Belize,2005,17.0%,10396.99
Individuals using the Internet,Belize,2006,24.0%,10928.389
Individuals using the Internet,Belize,2007,24.6%,11420.59
Individuals using the Internet,Belize,2008,26.3%,11332.481
Individuals using the Internet,Belize,2009,27.2%,10714.752
Individuals using the Internet,Belize,2010,28.2%,10848.021
Individuals using the Internet,Belize,2011,30.7%,11155.397
Individuals using the Internet,Belize,2012,31.0%,11474.114
Individuals using the Internet,Belize,2013,33.6%,11913.723
Individuals using the Internet,Belize,2014,38.7%,12247.606
Individuals using the Internet,Belize,2015,41.59%,12296.408
Individuals using the Internet,Belize,2016,44.5757%,12301.534
Individuals using the Internet,Belize,2017,48.8771%,12204.207
Individuals using the Internet,Belize,2018,53.5936%,12070.201
Individuals using the Internet,Belize,2019,58.7652%,12333.895
Individuals using the Internet,Belize,2020,64.4359%,10418.831
Individuals using the Internet,Belize,2021,70.6537%,12162.095
Individuals using the Internet,Belize,2022,71.8096%,14323.114
Individuals using the Internet,Belize,2023,72.3595%,15103.304
Individuals using the Internet,Botswana,2000,2.90267%,16788.145
Individuals using the Internet,Botswana,2001,3.43089%,18103.158
Individuals using the Internet,Botswana,2002,3.38592%,19018.419
Individuals using the Internet,Botswana,2003,3.34519%,20236.52
Individuals using the Internet,Botswana,2004,3.30489%,22265.823
Individuals using the Internet,Botswana,2005,3.26255%,26580.007
Individuals using the Internet,Botswana,2006,4.28993%,29984.731
Individuals using the Internet,Botswana,2007,5.28%,32979.725
Individuals using the Internet,Botswana,2008,6.25%,36495.35
Individuals using the Internet,Botswana,2009,6.15%,35333.879
Individuals using the Internet,Botswana,2010,6.0%,41045.262
Individuals using the Internet,Botswana,2011,9.0%,48420.014
Individuals using the Internet,Botswana,2012,16.0%,48845.78
Individuals using the Internet,Botswana,2013,30.0%,54060.439
Individuals using the Internet,Botswana,2014,36.7447%,61432.611
Individuals using the Internet,Botswana,2015,37.3121%,59454.525
Individuals using the Internet,Botswana,2016,42.2576%,69893.34
Individuals using the Internet,Botswana,2017,47.8587%,69382.958
Individuals using the Internet,Botswana,2018,54.2022%,70867.568
Individuals using the Internet,Botswana,2019,61.3865%,71840.46
Individuals using the Internet,Botswana,2020,69.523%,67170.029
Individuals using the Internet,Botswana,2021,78.738%,80314.581
Individuals using the Internet,Botswana,2022,80.3696%,95558.983
Individuals using the Internet,Botswana,2023,81.36%,98649.83
Individuals using the Internet,Barbados,2000,3.97368%,24543.573
Individuals using the Internet,Barbados,2001,11.9365%,24429.632
Individuals using the Internet,Barbados,2002,27.8363%,24779.257
Individuals using the Internet,Barbados,2003,39.6896%,25556.911
Individuals using the Internet,Barbados,2004,49.8%,27489.337
Individuals using the Internet,Barbados,2005,52.5%,30747.746
Individuals using the Internet,Barbados,2006,55.3%,34194.336
Individuals using the Internet,Barbados,2007,58.2%,38191.047
Individuals using the Internet,Barbados,2008,61.4%,38954.754
Individuals using the Internet,Barbados,2009,64.7%,36366.972
Individuals using the Internet,Barbados,2010,65.1%,36753.214
Individuals using the Internet,Barbados,2011,66.5%,37787.83
Individuals using the Internet,Barbados,2012,71.2%,37166.62
Individuals using the Internet,Barbados,2013,71.8%,37787.685
Individuals using the Internet,Barbados,2014,71.9%,37870.577
Individuals using the Internet,Barbados,2015,72.0%,37211.411
Individuals using the Internet,Barbados,2016,72.2%,37409.378
Individuals using the Internet,Barbados,2017,72.3%,38620.746
Individuals using the Internet,Barbados,2018,72.4%,39309.041
Individuals using the Internet,Barbados,2019,74.1791%,40312.552
Individuals using the Internet,Barbados,2020,76.002%,35903.869
Individuals using the Internet,Barbados,2021,77.8697%,36553.742
Individuals using the Internet,Barbados,2022,79.4451%,43249.024
Individuals using the Internet,Barbados,2023,79.9923%,46334.597
Individuals using the Internet,Myanmar,2001,0.000289277%,74305.225
Individuals using the Internet,Myanmar,2002,0.000426494%,110613.169
Individuals using the Internet,Myanmar,2003,0.0240641%,159546.224
Individuals using the Internet,Myanmar,2004,0.0243374%,199458.527
Individuals using the Internet,Myanmar,2005,0.0652389%,252166.032
Individuals using the Internet,Myanmar,2006,0.182048%,341840.087
Individuals using the Internet,Myanmar,2007,0.217128%,468535.387
Individuals using the Internet,Myanmar,2008,0.22%,588512.085
Individuals using the Internet,Myanmar,2009,0.22%,664671.001
Individuals using the Internet,Myanmar,2010,0.25%,740745.418
Individuals using the Internet,Myanmar,2011,0.98%,844220.376
Individuals using the Internet,Myanmar,2012,1.4%,965794.912
Individuals using the Internet,Myanmar,2013,1.8%,1114964.557
Individuals using the Internet,Myanmar,2014,7.4%,1269210.981
Individuals using the Internet,Myanmar,2015,10.9%,1402509.264
Individuals using the Internet,Myanmar,2016,16.0%,1525065.299
Individuals using the Internet,Myanmar,2017,23.6211%,1700978.333
Individuals using the Internet,Myanmar,2018,29.379%,1890865.374
Individuals using the Internet,Myanmar,2019,36.5405%,2108719.531
Individuals using the Internet,Myanmar,2020,45.4477%,1953592.555
Individuals using the Internet,Myanmar,2021,56.5261%,1760084.272
Individuals using the Internet,Myanmar,2022,58.0112%,2311834.295
Individuals using the Internet,Myanmar,2023,58.5357%,2566272.398
Individuals using the Internet,Brunei Darussalam,2000,8.99628%,35295.191
Individuals using the Internet,Brunei Darussalam,2001,12.9178%,33408.53
Individuals using the Internet,Brunei Darussalam,2002,15.3299%,34088.888
Individuals using the Internet,Brunei Darussalam,2003,19.595%,36543.236
Individuals using the Internet,Brunei Darussalam,2004,29.7156%,41849.226
Individuals using the Internet,Brunei Darussalam,2005,36.4664%,49032.65
Individuals using the Internet,Brunei Darussalam,2006,42.1863%,55404.897
Individuals using the Internet,Brunei Darussalam,2007,44.68%,55277.884
Individuals using the Internet,Brunei Darussalam,2008,46.0%,60271.677
Individuals using the Internet,Brunei Darussalam,2009,49.0%,45509.605
Individuals using the Internet,Brunei Darussalam,2010,53.0%,48319.028
Individuals using the Internet,Brunei Darussalam,2011,56.0%,59238.075
Individuals using the Internet,Brunei Darussalam,2012,60.2731%,59699.774
Individuals using the Internet,Brunei Darussalam,2013,64.5%,56133.853
Individuals using the Internet,Brunei Darussalam,2014,68.77%,53149.149
Individuals using the Internet,Brunei Darussalam,2015,71.2%,43108.65
Individuals using the Internet,Brunei Darussalam,2016,90.0%,37741.155
Individuals using the Internet,Brunei Darussalam,2017,94.8667%,39276.919
Individuals using the Internet,Brunei Darussalam,2018,95.0%,41916.309
Individuals using the Internet,Brunei Darussalam,2019,95.0%,40742.764
Individuals using the Internet,Brunei Darussalam,2020,96.3055%,37493.069
Individuals using the Internet,Brunei Darussalam,2021,97.6288%,42707.936
Individuals using the Internet,Brunei Darussalam,2022,98.9704%,51645.947
Individuals using the Internet,Brunei Darussalam,2023,99.0336%,45003.122
Individuals using the Internet,Bhutan,2000,0.400944%,34398.307
Individuals using the Internet,Bhutan,2001,0.864629%,37022.32
Individuals using the Internet,Bhutan,2002,1.6758%,41397.66
Individuals using the Internet,Bhutan,2003,2.43691%,45912.414
Individuals using the Internet,Bhutan,2004,3.15698%,49581.034
Individuals using the Internet,Bhutan,2005,3.84711%,54264.721
Individuals using the Internet,Bhutan,2006,4.51832%,60349.629
Individuals using the Internet,Bhutan,2007,5.92%,69853.897
Individuals using the Internet,Bhutan,2008,6.55%,79660.873
Individuals using the Internet,Bhutan,2009,7.17%,87762.426
Individuals using the Internet,Bhutan,2010,13.6%,101613.897
Individuals using the Internet,Bhutan,2011,14.4%,120126.75
Individuals using the Internet,Bhutan,2012,15.6%,137857.917
Individuals using the Internet,Bhutan,2013,22.4%,151271.491
Individuals using the Internet,Bhutan,2014,30.3%,164745.008
Individuals using the Internet,Bhutan,2015,39.8%,181023.612
Individuals using the Internet,Bhutan,2016,46.5%,200106.432
Individuals using the Internet,Bhutan,2017,54.3%,217259.101
Individuals using the Internet,Bhutan,2018,63.5%,227521.002
Individuals using the Internet,Bhutan,2019,74.1794%,241456.321
Individuals using the Internet,Bhutan,2020,76.8508%,243353.055
Individuals using the Internet,Bhutan,2021,85.6369%,249531.501
Individuals using the Internet,Bhutan,2022,86.2903%,277214.592
Individuals using the Internet,Bhutan,2023,88.426%,303903.356
Individuals using the Internet,Bulgaria,2000,5.37092%,3451.117
Individuals using the Internet,Bulgaria,2001,7.6123%,3926.789
Individuals using the Internet,Bulgaria,2002,9.08%,4342.287
Individuals using the Internet,Bulgaria,2003,12.04%,4696.402
Individuals using the Internet,Bulgaria,2004,18.13%,5308.728
Individuals using the Internet,Bulgaria,2005,19.97%,6091.302
Individuals using the Internet,Bulgaria,2006,27.09%,6980.91
Individuals using the Internet,Bulgaria,2007,33.64%,8310.536
Individuals using the Internet,Bulgaria,2008,39.67%,9576.883
Individuals using the Internet,Bulgaria,2009,45.0%,9675.34
Individuals using the Internet,Bulgaria,2010,46.23%,9978.536
Individuals using the Internet,Bulgaria,2011,47.98%,11071.903
Individuals using the Internet,Bulgaria,2012,51.9%,11344.943
Individuals using the Internet,Bulgaria,2013,53.0615%,11352.069
Individuals using the Internet,Bulgaria,2014,55.4904%,11683.612
Individuals using the Internet,Bulgaria,2015,56.6563%,12520.84
Individuals using the Internet,Bulgaria,2016,59.8255%,13425.983
Individuals using the Internet,Bulgaria,2017,63.4101%,14564.89
Individuals using the Internet,Bulgaria,2018,64.782%,15683.006
Individuals using the Internet,Bulgaria,2019,67.947%,17249.054
Individuals using the Internet,Bulgaria,2020,70.1625%,17507.059
Individuals using the Internet,Bulgaria,2021,75.2714%,20412.816
Individuals using the Internet,Bulgaria,2022,79.1269%,26111.601
Individuals using the Internet,Bulgaria,2023,80.3896%,28738.352
Individuals using the Internet,Bulgaria,2024,82.439%,31513.148
Individuals using the Internet,Canada,2000,51.3%,36090.206
Individuals using the Internet,Canada,2001,60.2%,36954.966
Individuals using the Internet,Canada,2002,61.5933%,38127.61
Individuals using the Internet,Canada,2003,64.2%,39704.871
Individuals using the Internet,Canada,2004,65.956%,41873.285
Individuals using the Internet,Canada,2005,71.66%,44144.774
Individuals using the Internet,Canada,2006,72.4%,46007.907
Individuals using the Internet,Canada,2007,73.2%,48028.178
Individuals using the Internet,Canada,2008,76.7%,49911.651
Individuals using the Internet,Canada,2009,80.3%,46790.712
Individuals using the Internet,Canada,2010,80.3%,49059.883
Individuals using the Internet,Canada,2011,83.0%,51724.169
Individuals using the Internet,Canada,2012,83.0%,52711.551
Individuals using the Internet,Canada,2013,85.8%,54299.9
Individuals using the Internet,Canada,2014,87.12%,56370.195
Individuals using the Internet,Canada,2015,90.0%,55791.428
Individuals using the Internet,Canada,2016,91.16%,56182.883
Individuals using the Internet,Canada,2017,92.7014%,58656.795
Individuals using the Internet,Canada,2018,94.64%,60408.402
Individuals using the Internet,Canada,2019,91.9129%,61604.309
Individuals using the Internet,Canada,2020,92.3%,58438.307
Individuals using the Internet,Canada,2021,93.9371%,66345.354
Individuals using the Internet,Canada,2022,94.0%,73353.111
Individuals using the Internet,Canada,2023,93.9564%,73402.996
Individuals using the Internet,Cambodia,2000,0.0470226%,1203016.499
Individuals using the Internet,Cambodia,2001,0.0769561%,1352575.51
Individuals using the Internet,Cambodia,2002,0.226983%,1442506.77
Individuals using the Internet,Cambodia,2003,0.26057%,1616624.956
Individuals using the Internet,Cambodia,2004,0.300437%,1871847.397
Individuals using the Internet,Cambodia,2005,0.317322%,2254234.802
Individuals using the Internet,Cambodia,2006,0.468357%,2628184.068
Individuals using the Internet,Cambodia,2007,0.49%,3100592.607
Individuals using the Internet,Cambodia,2008,0.51%,3665638.593
Individuals using the Internet,Cambodia,2009,0.53%,3782162.645
Individuals using the Internet,Cambodia,2010,1.26%,4155591.69
Individuals using the Internet,Cambodia,2011,3.1%,4604254.308
Individuals using the Internet,Cambodia,2012,4.94%,5005869.191
Individuals using the Internet,Cambodia,2013,6.0%,5465245.219
Individuals using the Internet,Cambodia,2014,14.0%,5999671.414
Individuals using the Internet,Cambodia,2015,6.43319%,6523421.262
Individuals using the Internet,Cambodia,2016,32.3985%,7035948.268
Individuals using the Internet,Cambodia,2017,32.9003%,7637811.544
Individuals using the Internet,Cambodia,2019,52.3059%,9265986.191
Individuals using the Internet,Cambodia,2020,53.6508%,8722124.48
Individuals using the Internet,Cambodia,2021,57.9592%,9088227.681
Individuals using the Internet,Cambodia,2022,59.6606%,9557011.043
Individuals using the Internet,Cambodia,2023,60.7171%,10229810.344
Individuals using the Internet,Chile,2000,16.6%,2751361.08
Individuals using the Internet,Chile,2001,19.1%,2925831.871
Individuals using the Internet,Chile,2002,22.1%,3086278.664
Individuals using the Internet,Chile,2003,25.4738%,3335903.18
Individuals using the Internet,Chile,2004,28.1779%,3769271.108
Individuals using the Internet,Chile,2005,31.1753%,4230727.997
Individuals using the Internet,Chile,2006,34.4978%,4990095.541
Individuals using the Internet,Chile,2007,35.9%,5458278.527
Individuals using the Internet,Chile,2008,37.3%,5621541.795
Individuals using the Internet,Chile,2009,41.56%,5695043.705
Individuals using the Internet,Chile,2010,45.0%,6491932.777
Individuals using the Internet,Chile,2011,52.2496%,7042319.42
Individuals using the Internet,Chile,2012,55.05%,7451111.363
Individuals using the Internet,Chile,2013,58.0%,7796386.33
Individuals using the Internet,Chile,2014,61.11%,8317656.66
Individuals using the Internet,Chile,2015,76.6296%,8826396.385
Individuals using the Internet,Chile,2016,83.5586%,9289553.665
Individuals using the Internet,Chile,2017,82.3275%,9735221.284
Individuals using the Internet,Chile,2018,84.9%,10102435.897
Individuals using the Internet,Chile,2019,85.0176%,10233396.744
Individuals using the Internet,Chile,2020,87.4593%,10343022.852
Individuals using the Internet,Chile,2021,90.2328%,12166567.107
Individuals using the Internet,Chile,2022,93.5377%,13266994.789
Individuals using the Internet,Chile,2023,94.4574%,14120487.67
Individuals using the Internet,Colombia,2000,2.20753%,5293868.708
Individuals using the Internet,Colombia,2001,2.8542%,5660791.315
Individuals using the Internet,Colombia,2002,4.6%,6072220.821
Individuals using the Internet,Colombia,2003,7.38892%,6657297.983
Individuals using the Internet,Colombia,2004,9.11869%,7430853.205
Individuals using the Internet,Colombia,2005,11.0073%,8109977.669
Individuals using the Internet,Colombia,2006,15.3417%,9049154.845
Individuals using the Internet,Colombia,2007,21.8%,10045001.445
Individuals using the Internet,Colombia,2008,25.6%,11048217.466
Individuals using the Internet,Colombia,2009,30.0%,11501714.225
Individuals using the Internet,Colombia,2010,36.5%,12340797.452
Individuals using the Internet,Colombia,2011,40.3509%,13893951.476
Individuals using the Internet,Colombia,2012,48.98%,14810749.607
Individuals using the Internet,Colombia,2013,51.7%,15716824.289
Individuals using the Internet,Colombia,2014,52.5681%,16633297.73
Individuals using the Internet,Colombia,2015,55.905%,17374741.379
Individuals using the Internet,Colombia,2016,58.1365%,18445032.252
Individuals using the Internet,Colombia,2017,62.2599%,19411335.493
Individuals using the Internet,Colombia,2018,64.1264%,20468748.983
Individuals using the Internet,Colombia,2019,65.0069%,21460723.75
Individuals using the Internet,Colombia,2020,69.7953%,19807927.158
Individuals using the Internet,Colombia,2021,73.0284%,23331282.759
Individuals using the Internet,Colombia,2022,72.7964%,28463668.262
Individuals using the Internet,Colombia,2023,77.3369%,30346581.168
Individuals using the Internet,Sri Lanka,2000,0.64741%,81944.314
Individuals using the Internet,Sri Lanka,2001,0.793822%,91051.934
Individuals using the Internet,Sri Lanka,2002,1.05042%,101531.158
Individuals using the Internet,Sri Lanka,2003,1.45858%,112150.411
Individuals using the Internet,Sri Lanka,2004,1.44616%,127582.909
Individuals using the Internet,Sri Lanka,2005,1.79205%,148459.868
Individuals using the Internet,Sri Lanka,2006,2.53757%,176506.335
Individuals using the Internet,Sri Lanka,2007,3.88%,213364.891
Individuals using the Internet,Sri Lanka,2014,10.5%,518592.357
Individuals using the Internet,Sri Lanka,2015,15.26%,551596.9
Individuals using the Internet,Sri Lanka,2016,22.19%,604300.052
Individuals using the Internet,Sri Lanka,2017,25.1%,670925.154
Individuals using the Internet,Sri Lanka,2018,28.3%,708441.809
Individuals using the Internet,Sri Lanka,2019,32.0%,729760.859
Individuals using the Internet,Sri Lanka,2020,36.1847%,713821.479
Individuals using the Internet,Sri Lanka,2021,44.4531%,794925.528
Individuals using the Internet,Sri Lanka,2022,48.3%,1074461.154
Individuals using the Internet,Sri Lanka,2023,51.2%,1211244.31
Individuals using the Internet,Cameroon,2000,0.25212%,503229.035
Individuals using the Internet,Cameroon,2001,0.277051%,524008.777
Individuals using the Internet,Cameroon,2002,0.360872%,547772.499
Individuals using the Internet,Cameroon,2003,0.587623%,573078.573
Individuals using the Internet,Cameroon,2004,0.976075%,597681.357
Individuals using the Internet,Cameroon,2005,1.40265%,602458.409
Individuals using the Internet,Cameroon,2006,2.02874%,622446.426
Individuals using the Internet,Cameroon,2007,2.93%,634511.549
Individuals using the Internet,Cameroon,2008,3.4%,665495.687
Individuals using the Internet,Cameroon,2009,3.84%,687282.12
Individuals using the Internet,Cameroon,2010,4.3%,692012.833
Individuals using the Internet,Cameroon,2011,5.0%,713451.856
Individuals using the Internet,Cameroon,2012,7.5%,739846.548
Individuals using the Internet,Cameroon,2013,10.0%,778350.652
Individuals using the Internet,Cameroon,2014,16.2149%,814424.765
Individuals using the Internet,Cameroon,2015,18.3%,836564.592
Individuals using the Internet,Cameroon,2016,20.6%,854371.451
Individuals using the Internet,Cameroon,2017,23.203%,868714.477
Individuals using the Internet,Cameroon,2018,29.7%,895065.153
Individuals using the Internet,Cameroon,2019,36.5392%,911298.339
Individuals using the Internet,Cameroon,2020,41.2264%,896069.057
Individuals using the Internet,Cameroon,2021,42.0405%,927356.218
Individuals using the Internet,Cameroon,2022,41.775%,1001058.471
Individuals using the Internet,Cameroon,2023,41.9088%,1053527.394
Individuals using the Internet,Cabo Verde,2000,1.82244%,195776.272
Individuals using the Internet,Cabo Verde,2001,2.68533%,231044.592
Individuals using the Internet,Cabo Verde,2002,3.51876%,236315.804
Individuals using the Internet,Cabo Verde,2003,4.32489%,246847.477
Individuals using the Internet,Cabo Verde,2004,5.31883%,251980.844
Individuals using the Internet,Cabo Verde,2005,6.07409%,274004.284
Individuals using the Internet,Cabo Verde,2006,6.80891%,279118.594
Individuals using the Internet,Cabo Verde,2007,8.28322%,287414.656
Individuals using the Internet,Cabo Verde,2008,14.0%,315638.59
Individuals using the Internet,Cabo Verde,2009,21.0%,313627.13
Individuals using the Internet,Cabo Verde,2010,30.0%,318007.843
Individuals using the Internet,Cabo Verde,2011,32.0%,337646.924
Individuals using the Internet,Cabo Verde,2012,34.74%,341693.14
Individuals using the Internet,Cabo Verde,2013,37.5%,346806.768
Individuals using the Internet,Cabo Verde,2014,40.26%,346928.699
Individuals using the Internet,Cabo Verde,2015,42.683%,353882.935
Individuals using the Internet,Cabo Verde,2016,50.3228%,373688.255
Individuals using the Internet,Cabo Verde,2017,57.1621%,394120.092
Individuals using the Internet,Cabo Verde,2018,59.5%,413994.423
Individuals using the Internet,Cabo Verde,2019,61.9434%,443687.756
Individuals using the Internet,Cabo Verde,2020,69.3734%,352338.396
Individuals using the Internet,Cabo Verde,2021,70.2825%,379407.595
Individuals using the Internet,Cabo Verde,2022,72.7601%,465120.299
Individuals using the Internet,Cabo Verde,2023,73.539%,500852.038
Individuals using the Internet,Côte d'Ivoire,2000,0.231462%,648737.974
Individuals using the Internet,Côte d'Ivoire,2001,0.395748%,678175.504
Individuals using the Internet,Côte d'Ivoire,2002,0.497929%,691553.99
Individuals using the Internet,Côte d'Ivoire,2003,0.75867%,695028.964
Individuals using the Internet,Côte d'Ivoire,2004,0.849282%,664258.521
Individuals using the Internet,Côte d'Ivoire,2005,1.03924%,665457.097
Individuals using the Internet,Côte d'Ivoire,2006,1.5249%,668219.239
Individuals using the Internet,Côte d'Ivoire,2007,1.8%,680501.378
Individuals using the Internet,Côte d'Ivoire,2008,1.9%,736089.441
Individuals using the Internet,Côte d'Ivoire,2009,2.0%,756228.001
Individuals using the Internet,Côte d'Ivoire,2010,2.7%,790439.973
Individuals using the Internet,Côte d'Ivoire,2011,2.9%,755245.995
Individuals using the Internet,Côte d'Ivoire,2012,4.4%,829096.453
Individuals using the Internet,Côte d'Ivoire,2013,6.6%,910268.695
Individuals using the Internet,Côte d'Ivoire,2014,10.0%,1000427.793
Individuals using the Internet,Côte d'Ivoire,2015,38.44%,1091506.891
Individuals using the Internet,Côte d'Ivoire,2016,41.2078%,1123861.231
Individuals using the Internet,Côte d'Ivoire,2017,43.8399%,1161365.776
Individuals using the Internet,Côte d'Ivoire,2018,37.5465%,1203675.043
Individuals using the Internet,Côte d'Ivoire,2019,36.289%,1273640.425
Individuals using the Internet,Côte d'Ivoire,2020,36.0166%,1269695.276
Individuals using the Internet,Côte d'Ivoire,2021,35.9507%,1373529.313
Individuals using the Internet,Côte d'Ivoire,2022,38.4133%,1463431.912
Individuals using the Internet,Côte d'Ivoire,2023,40.6528%,1553165.413
Individuals using the Internet,Costa Rica,2000,5.80025%,1214389.372
Individuals using the Internet,Costa Rica,2001,9.55948%,1329006.375
Individuals using the Internet,Costa Rica,2002,19.8949%,1483031.356
Individuals using the Internet,Costa Rica,2003,20.3336%,1684992.065
Individuals using the Internet,Costa Rica,2004,20.7923%,1963026.314
Individuals using the Internet,Costa Rica,2005,22.07%,2271994.957
Individuals using the Internet,Costa Rica,2006,25.1%,2714244.87
Individuals using the Internet,Costa Rica,2007,28.4%,3199955.05
Individuals using the Internet,Costa Rica,2008,32.29%,3680436.753
Individuals using the Internet,Costa Rica,2009,34.33%,3943794.751
Individuals using the Internet,Costa Rica,2010,36.5%,4348350.66
Individuals using the Internet,Costa Rica,2011,39.2122%,4687846.106
Individuals using the Internet,Costa Rica,2012,47.5%,5083072.758
Individuals using the Internet,Costa Rica,2013,45.96%,5379816.072
Individuals using the Internet,Costa Rica,2014,53.0%,5842596.561
Individuals using the Internet,Costa Rica,2015,59.763%,6219817.652
Individuals using the Internet,Costa Rica,2016,65.8804%,6529710.506
Individuals using the Internet,Costa Rica,2017,71.5817%,6915180.168
Individuals using the Internet,Costa Rica,2018,73.4797%,7170945.547
Individuals using the Internet,Costa Rica,2019,81.2026%,7454064.411
Individuals using the Internet,Costa Rica,2020,80.5302%,7116292.837
Individuals using the Internet,Costa Rica,2021,82.749%,7785002.819
Individuals using the Internet,Costa Rica,2022,82.598%,8569035.302
Individuals using the Internet,Costa Rica,2023,85.3951%,8915932.427
Individuals using the Internet,Cyprus,2000,15.2554%,15344.165
Individuals using the Internet,Cyprus,2001,18.8188%,16367.166
Individuals using the Internet,Cyprus,2002,28.32%,16834.08
Individuals using the Internet,Cyprus,2003,30.09%,17997.674
Individuals using the Internet,Cyprus,2004,33.83%,19167.982
Individuals using the Internet,Cyprus,2005,32.81%,20219.571
Individuals using the Internet,Cyprus,2006,35.83%,21505.001
Individuals using the Internet,Cyprus,2007,40.77%,23104.803
Individuals using the Internet,Cyprus,2008,42.31%,24486.4
Individuals using the Internet,Cyprus,2009,49.81%,23434.179
Individuals using the Internet,Cyprus,2010,52.99%,23757.966
Individuals using the Internet,Cyprus,2011,56.8599%,23647.724
Individuals using the Internet,Cyprus,2012,60.6899%,22616.185
Individuals using the Internet,Cyprus,2013,65.4548%,20907.709
Individuals using the Internet,Cyprus,2014,69.3287%,20328.081
Individuals using the Internet,Cyprus,2015,71.7157%,20844.611
Individuals using the Internet,Cyprus,2016,75.9002%,22012.61
Individuals using the Internet,Cyprus,2017,80.7432%,23350.861
Individuals using the Internet,Cyprus,2018,84.4336%,24821.051
Individuals using the Internet,Cyprus,2019,86.0636%,26287.641
Individuals using the Internet,Cyprus,2020,90.8019%,24793.086
Individuals using the Internet,Cyprus,2021,90.7595%,28660.156
Individuals using the Internet,Cyprus,2022,89.601%,32471.69
Individuals using the Internet,Cyprus,2023,91.2211%,33844.273
Individuals using the Internet,Germany,2000,30.2163%,26144.672
Individuals using the Internet,Germany,2001,31.6509%,26933.235
Individuals using the Internet,Germany,2002,48.82%,27254.24
Individuals using the Internet,Germany,2003,55.9%,27478.165
Individuals using the Internet,Germany,2004,64.73%,28150.399
Individuals using the Internet,Germany,2005,68.71%,28593.33
Individuals using the Internet,Germany,2006,72.16%,29888.726
Individuals using the Internet,Germany,2007,75.16%,31388.048
Individuals using the Internet,Germany,2008,78.0%,32059.63
Individuals using the Internet,Germany,2009,79.0%,30987.345
Individuals using the Internet,Germany,2010,82.0%,32574.703
Individuals using the Internet,Germany,2011,81.27%,34218.322
Individuals using the Internet,Germany,2012,82.35%,34823.087
Individuals using the Internet,Germany,2013,84.17%,35600.597
Individuals using the Internet,Germany,2014,86.1937%,36955.491
Individuals using the Internet,Germany,2015,87.5898%,37949.143
Individuals using the Internet,Germany,2016,84.1652%,39029.16
Individuals using the Internet,Germany,2017,84.3942%,40628.855
Individuals using the Internet,Germany,2018,87.0371%,41798.513
Individuals using the Internet,Germany,2019,88.1345%,43031.164
Individuals using the Internet,Germany,2020,89.8129%,42017.388
Individuals using the Internet,Germany,2021,91.4306%,44909.461
Individuals using the Internet,Germany,2022,91.6298%,48339.25
Individuals using the Internet,Germany,2023,92.4764%,50660.191
Individuals using the Internet,Germany,2024,93.5%,51833.71
Individuals using the Internet,Djibouti,2000,0.194501%,193399.321
Individuals using the Internet,Djibouti,2001,0.343526%,196679.696
Individuals using the Internet,Djibouti,2002,0.486972%,199254.91
Individuals using the Internet,Djibouti,2003,0.62594%,206239.304
Individuals using the Internet,Djibouti,2004,0.781317%,215548.697
Individuals using the Internet,Djibouti,2005,0.953611%,225922.022
Individuals using the Internet,Djibouti,2006,1.27004%,241609.416
Individuals using the Internet,Djibouti,2007,1.62%,262746.191
Individuals using the Internet,Djibouti,2008,2.26%,300780.267
Individuals using the Internet,Djibouti,2009,4.0%,306096.218
Individuals using the Internet,Djibouti,2010,6.5%,326511.079
Individuals using the Internet,Djibouti,2011,7.0%,362295.008
Individuals using the Internet,Djibouti,2012,9.4%,389259.284
Individuals using the Internet,Djibouti,2013,12.7%,411345.687
Individuals using the Internet,Djibouti,2014,17.0%,439135.336
Individuals using the Internet,Djibouti,2015,22.9%,471407.303
Individuals using the Internet,Djibouti,2016,30.8%,498274.435
Individuals using the Internet,Djibouti,2017,55.6814%,520038.891
Individuals using the Internet,Djibouti,2018,57.0617%,539963.952
Individuals using the Internet,Djibouti,2019,58.4762%,563864.025
Individuals using the Internet,Djibouti,2020,59.9257%,565564.674
Individuals using the Internet,Djibouti,2021,61.4112%,601649.443
Individuals using the Internet,Djibouti,2022,63.2573%,623155.472
Individuals using the Internet,Djibouti,2023,65.0248%,676079.659
Individuals using the Internet,Dominica,2000,8.81484%,12639.182
Individuals using the Internet,Dominica,2001,13.2452%,12893.429
Individuals using the Internet,Dominica,2002,18.4249%,12636.712
Individuals using the Internet,Dominica,2003,23.6204%,13029.579
Individuals using the Internet,Dominica,2004,30.3196%,13946.089
Individuals using the Internet,Dominica,2005,38.5436%,13844.081
Individuals using the Internet,Dominica,2006,39.3982%,14842.578
Individuals using the Internet,Dominica,2007,40.2745%,16037.757
Individuals using the Internet,Dominica,2008,41.16%,17451.288
Individuals using the Internet,Dominica,2009,42.02%,18640.789
Individuals using the Internet,Dominica,2010,47.45%,18848.584
Individuals using the Internet,Dominica,2011,48.6%,19332.743
Individuals using the Internet,Dominica,2012,49.8%,18886.138
Individuals using the Internet,Dominica,2013,51.0%,19314.364
Individuals using the Internet,Dominica,2014,57.5%,19949.174
Individuals using the Internet,Dominica,2015,65.0%,20509.798
Individuals using the Internet,Dominica,2016,67.03%,21840.975
Individuals using the Internet,Dominica,2017,69.6197%,20269.893
Individuals using the Internet,Dominica,2019,73.3819%,22859.299
Individuals using the Internet,Dominica,2020,75.6567%,18554.995
Individuals using the Internet,Dominica,2021,82.6979%,20331.991
Individuals using the Internet,Dominica,2022,83.3101%,22121.421
Individuals using the Internet,Dominica,2023,83.8255%,23709.065
Individuals using the Internet,Denmark,2000,39.1724%,248776.365
Individuals using the Internet,Denmark,2001,42.9575%,256538.159
Individuals using the Internet,Denmark,2002,64.25%,262926.029
Individuals using the Internet,Denmark,2003,76.26%,267278.003
Individuals using the Internet,Denmark,2004,80.93%,279691.495
Individuals using the Internet,Denmark,2005,82.74%,293838.476
Individuals using the Internet,Denmark,2006,86.65%,310502.944
Individuals using the Internet,Denmark,2007,85.03%,320014.158
Individuals using the Internet,Denmark,2008,85.02%,330494.9
Individuals using the Internet,Denmark,2009,86.84%,313806.655
Individuals using the Internet,Denmark,2010,88.72%,327548.657
Individuals using the Internet,Denmark,2011,89.81%,332432.236
Individuals using the Internet,Denmark,2012,92.26%,339204.833
Individuals using the Internet,Denmark,2013,94.6297%,345472.875
Individuals using the Internet,Denmark,2014,95.9935%,351906.753
Individuals using the Internet,Denmark,2015,96.3305%,358711.702
Individuals using the Internet,Denmark,2016,96.9678%,368219.481
Individuals using the Internet,Denmark,2017,97.0994%,380879.628
Individuals using the Internet,Denmark,2018,97.3192%,388076.157
Individuals using the Internet,Denmark,2019,98.0464%,396762.808
Individuals using the Internet,Denmark,2020,96.5491%,399568.04
Individuals using the Internet,Denmark,2021,98.8659%,437198.686
Individuals using the Internet,Denmark,2022,97.8601%,482048.279
Individuals using the Internet,Denmark,2023,98.7756%,469929.816
Individuals using the Internet,Denmark,2024,99.7692%,490984.02
Individuals using the Internet,Spain,2000,13.625%,15924.267
Individuals using the Internet,Spain,2001,18.1487%,17081.842
Individuals using the Internet,Spain,2002,20.39%,17924.523
Individuals using the Internet,Spain,2003,39.93%,18865.594
Individuals using the Internet,Spain,2004,44.01%,19864.476
Individuals using the Internet,Spain,2005,47.88%,21088.904
Individuals using the Internet,Spain,2006,50.37%,22440.184
Individuals using the Internet,Spain,2007,55.11%,23594.615
Individuals using the Internet,Spain,2008,59.6%,24058.165
Individuals using the Internet,Spain,2009,62.4%,23081.695
Individuals using the Internet,Spain,2010,65.8%,23081.427
Individuals using the Internet,Spain,2011,67.09%,22826.372
Individuals using the Internet,Spain,2012,69.81%,22177.376
Individuals using the Internet,Spain,2013,71.635%,22059.051
Individuals using the Internet,Spain,2014,76.1867%,22378.737
Individuals using the Internet,Spain,2015,78.6896%,23419.607
Individuals using the Internet,Spain,2016,80.5613%,24151.182
Individuals using the Internet,Spain,2017,84.6022%,25083.551
Individuals using the Internet,Spain,2018,86.1072%,25837.662
Individuals using the Internet,Spain,2019,90.7187%,26495.386
Individuals using the Internet,Spain,2020,93.2056%,23822.679
Individuals using the Internet,Spain,2021,93.8975%,26017.249
Individuals using the Internet,Spain,2022,94.4855%,28612.929
Individuals using the Internet,Spain,2023,95.4456%,30800.22
Individuals using the Internet,Spain,2024,95.7575%,32485.646
Individuals using the Internet,Ecuador,2000,1.46219%,1404.638
Individuals using the Internet,Ecuador,2001,2.67044%,1823.704
Individuals using the Internet,Ecuador,2002,4.2608%,2097.116
Individuals using the Internet,Ecuador,2003,4.46023%,2358.041
Individuals using the Internet,Ecuador,2004,4.83444%,2633.053
Individuals using the Internet,Ecuador,2005,5.99426%,2960.733
Individuals using the Internet,Ecuador,2006,7.2%,3298.408
Individuals using the Internet,Ecuador,2007,10.8%,3533.67
Individuals using the Internet,Ecuador,2008,18.8%,4257.891
Individuals using the Internet,Ecuador,2009,24.6%,4111.478
Individuals using the Internet,Ecuador,2010,29.03%,4578.936
Individuals using the Internet,Ecuador,2011,31.3668%,5209.999
Individuals using the Internet,Ecuador,2012,35.1351%,5682.119
Individuals using the Internet,Ecuador,2013,40.2791%,6144.123
Individuals using the Internet,Ecuador,2014,45.5904%,6422.124
Individuals using the Internet,Ecuador,2015,48.9404%,5975.078
Individuals using the Internet,Ecuador,2016,54.0629%,5907.928
Individuals using the Internet,Ecuador,2017,55.8%,6220.968
Individuals using the Internet,Ecuador,2018,57.5%,6293.459
Individuals using the Internet,Ecuador,2019,59.2%,6199.031
Individuals using the Internet,Ecuador,2020,70.7%,5469.758
Individuals using the Internet,Ecuador,2021,69.1148%,6084.743
Individuals using the Internet,Ecuador,2022,69.7181%,6555.526
Individuals using the Internet,Ecuador,2023,72.6943%,6792.722
Individuals using the Internet,Ecuador,2024,77.1727%,6939.335
Individuals using the Internet,France,2000,14.3079%,24352.372
Individuals using the Internet,France,2001,26.3259%,25107.246
Individuals using the Internet,France,2002,30.18%,25711.952
Individuals using the Internet,France,2003,36.14%,26240.816
Individuals using the Internet,France,2004,39.15%,27246.25
Individuals using the Internet,France,2005,42.87%,28089.159
Individuals using the Internet,France,2006,46.87%,29215.611
Individuals using the Internet,France,2007,66.09%,30469.418
Individuals using the Internet,France,2008,70.68%,31112.291
Individuals using the Internet,France,2009,71.58%,30104.27
Individuals using the Internet,France,2010,77.28%,30892.806
Individuals using the Internet,France,2011,77.82%,31757.786
Individuals using the Internet,France,2012,81.44%,32008.695
Individuals using the Internet,France,2013,81.9198%,32339.814
Individuals using the Internet,France,2014,83.7511%,32567.739
Individuals using the Internet,France,2015,78.006%,33142.43
Individuals using the Internet,France,2016,79.2698%,33509.465
Individuals using the Internet,France,2017,80.5025%,34319.712
Individuals using the Internet,France,2018,82.0432%,35158.786
Individuals using the Internet,France,2019,83.3397%,36162.355
Individuals using the Internet,France,2020,84.7064%,34374.443
Individuals using the Internet,France,2021,86.0955%,37048.889
Individuals using the Internet,France,2022,85.3333%,38994.842
Individuals using the Internet,France,2023,86.8364%,41470.571
Individuals using the Internet,France,2024,88.6538%,42684.811
Individuals using the Internet,Finland,2000,37.2485%,26373.629
Individuals using the Internet,Finland,2001,43.1054%,27911.56
Individuals using the Internet,Finland,2002,62.43%,28574.173
Individuals using the Internet,Finland,2003,69.22%,29140.492
Individuals using the Internet,Finland,2004,72.39%,30411.715
Individuals using the Internet,Finland,2005,74.48%,31445.146
Individuals using the Internet,Finland,2006,79.66%,32890.946
Individuals using the Internet,Finland,2007,80.78%,35448.284
Individuals using the Internet,Finland,2008,83.67%,36648.163
Individuals using the Internet,Finland,2009,82.49%,34120.219
Individuals using the Internet,Finland,2010,86.89%,35158.286
Individuals using the Internet,Finland,2011,88.71%,36771.135
Individuals using the Internet,Finland,2012,89.88%,37098.333
Individuals using the Internet,Finland,2013,91.5144%,37499.396
Individuals using the Internet,Finland,2014,86.5304%,37762.76
Individuals using the Internet,Finland,2015,86.4221%,38414.015
Individuals using the Internet,Finland,2016,87.7036%,39311.991
Individuals using the Internet,Finland,2017,87.4689%,40831.16
Individuals using the Internet,Finland,2018,88.89%,42064.127
Individuals using the Internet,Finland,2019,89.6074%,43226.079
Individuals using the Internet,Finland,2020,92.1703%,42782.716
Individuals using the Internet,Finland,2021,92.8081%,44953.615
Individuals using the Internet,Finland,2022,92.9888%,47967.455
Individuals using the Internet,Finland,2023,93.5139%,49043.039
Individuals using the Internet,United Kingdom,2000,26.8218%,18692.932
Individuals using the Internet,United Kingdom,2001,33.4811%,19388.882
Individuals using the Internet,United Kingdom,2002,56.48%,20069.383
Individuals using the Internet,United Kingdom,2003,64.82%,21099.888
Individuals using the Internet,United Kingdom,2004,65.61%,22062.335
Individuals using the Internet,United Kingdom,2005,70.0%,23153.113
Individuals using the Internet,United Kingdom,2006,68.82%,24200.404
Individuals using the Internet,United Kingdom,2007,75.09%,25190.186
Individuals using the Internet,United Kingdom,2008,78.39%,25776.398
Individuals using the Internet,United Kingdom,2009,83.56%,24875.958
Individuals using the Internet,United Kingdom,2010,85.0%,25630.226
Individuals using the Internet,United Kingdom,2011,85.38%,26271.47
Individuals using the Internet,United Kingdom,2012,87.48%,26900.793
Individuals using the Internet,United Kingdom,2013,89.8441%,27787.742
Individuals using the Internet,United Kingdom,2014,91.6133%,28832.825
Individuals using the Internet,United Kingdom,2015,92.0003%,29434.05
Individuals using the Internet,United Kingdom,2016,94.7758%,30338.243
Individuals using the Internet,United Kingdom,2017,90.4246%,31533.646
Individuals using the Internet,United Kingdom,2018,90.692%,32396.652
Individuals using the Internet,United Kingdom,2019,92.5166%,33443.433
Individuals using the Internet,United Kingdom,2020,94.8182%,31357.404
Individuals using the Internet,United Kingdom,2021,96.1965%,34097.216
Individuals using the Internet,United Kingdom,2022,96.2989%,37375.407
Individuals using the Internet,United Kingdom,2023,96.2988%,39715.594
Individuals using the Internet,Gabon,2000,1.21614%,3187746.189
Individuals using the Internet,Gabon,2001,1.34762%,2977859.581
Individuals using the Internet,Gabon,2002,1.93953%,2922795.134
Individuals using the Internet,Gabon,2003,2.65959%,2909259.889
Individuals using the Internet,Gabon,2004,2.97907%,3079795.497
Individuals using the Internet,Gabon,2005,4.89326%,3658573.605
Individuals using the Internet,Gabon,2006,5.4892%,3798404.105
Individuals using the Internet,Gabon,2007,5.767%,4140720.091
Individuals using the Internet,Gabon,2008,7.5%,4647060.597
Individuals using the Internet,Gabon,2009,9.5%,3699042.987
Individuals using the Internet,Gabon,2010,13.0%,4416541.263
Individuals using the Internet,Gabon,2011,18.0%,5134433.559
Individuals using the Internet,Gabon,2012,24.0%,5053048.96
Individuals using the Internet,Gabon,2013,30.538%,4820759.12
Individuals using the Internet,Gabon,2014,38.0712%,4811307.039
Individuals using the Internet,Gabon,2015,45.7845%,4405922.355
Individuals using the Internet,Gabon,2016,48.0523%,4198120.431
Individuals using the Internet,Gabon,2017,51.6049%,4281153.506
Individuals using the Internet,Gabon,2018,55.4202%,4551797.181
Individuals using the Internet,Gabon,2019,59.5176%,4752308.984
Individuals using the Internet,Gabon,2020,63.9179%,4189646.863
Individuals using the Internet,Gabon,2021,68.6436%,5051230.996
Individuals using the Internet,Gabon,2022,70.7069%,5899474.16
Individuals using the Internet,Gabon,2023,71.9256%,5506407.463
Individuals using the Internet,Ghana,2000,0.153615%,342.689
Individuals using the Internet,Ghana,2001,0.200008%,465.748
Individuals using the Internet,Ghana,2002,0.830284%,582.171
Individuals using the Internet,Ghana,2003,1.19306%,764.746
Individuals using the Internet,Ghana,2004,1.7168%,894.79
Individuals using the Internet,Ghana,2005,1.8312%,1065.094
Individuals using the Internet,Ghana,2006,2.72318%,1229.754
Individuals using the Internet,Ghana,2007,3.85%,1441.811
Individuals using the Internet,Ghana,2008,4.27%,1792.392
Individuals using the Internet,Ghana,2009,5.44%,2100.258
Individuals using the Internet,Ghana,2010,7.8%,2550.839
Individuals using the Internet,Ghana,2011,9.0%,3124.174
Individuals using the Internet,Ghana,2012,10.6%,3805.92
Individuals using the Internet,Ghana,2013,15.0%,4545.269
Individuals using the Internet,Ghana,2014,19.0%,5658.873
Individuals using the Internet,Ghana,2015,23.0%,6395.49
Individuals using the Internet,Ghana,2016,28.0%,7480.21
Individuals using the Internet,Ghana,2017,37.8842%,8757.498
Individuals using the Internet,Ghana,2018,43.0%,10072.181
Individuals using the Internet,Ghana,2019,22.0732%,11406.153
Individuals using the Internet,Ghana,2020,62.5176%,12291.243
Individuals using the Internet,Ghana,2021,68.6%,14197.846
Individuals using the Internet,Ghana,2022,69.3607%,18532.486
Individuals using the Internet,Ghana,2023,69.9445%,26274.132
Individuals using the Internet,Guinea-Bissau,2000,0.230103%,232804.952
Individuals using the Internet,Guinea-Bissau,2001,0.299569%,247813.512
Individuals using the Internet,Guinea-Bissau,2002,1.02299%,259979.024
Individuals using the Internet,Guinea-Bissau,2003,1.3542%,252360.311
Individuals using the Internet,Guinea-Bissau,2004,1.80814%,236251.077
Individuals using the Internet,Guinea-Bissau,2005,1.90137%,254093.443
Individuals using the Internet,Guinea-Bissau,2006,2.0572%,244481.144
Individuals using the Internet,Guinea-Bissau,2007,2.2063%,260062.769
Individuals using the Internet,Guinea-Bissau,2008,2.35489%,299856.914
Individuals using the Internet,Guinea-Bissau,2009,2.30328%,288870.894
Individuals using the Internet,Guinea-Bissau,2010,2.45%,318557.397
Individuals using the Internet,Guinea-Bissau,2011,2.672%,365379.057
Individuals using the Internet,Guinea-Bissau,2012,2.89399%,351294.087
Individuals using the Internet,Guinea-Bissau,2013,3.1%,351615.545
Individuals using the Internet,Guinea-Bissau,2014,3.32%,351872.198
Individuals using the Internet,Guinea-Bissau,2015,6.1%,418474.517
Individuals using the Internet,Guinea-Bissau,2016,13.8%,443444.056
Individuals using the Internet,Guinea-Bissau,2017,14.8%,501946.485
Individuals using the Internet,Guinea-Bissau,2018,15.7%,496714.203
Individuals using the Internet,Guinea-Bissau,2019,17.9215%,490359.57
Individuals using the Internet,Guinea-Bissau,2020,20.4573%,482130.934
Individuals using the Internet,Guinea-Bissau,2021,23.3519%,514528.057
Individuals using the Internet,Guinea-Bissau,2022,27.5672%,564924.857
Individuals using the Internet,Guinea-Bissau,2023,32.4661%,627885.281
Individuals using the Internet,Greece,2000,9.13884%,12636.035
Individuals using the Internet,Greece,2001,10.935%,13606.391
Individuals using the Internet,Greece,2002,14.67%,14593.892
Individuals using the Internet,Greece,2003,17.8%,15949.035
Individuals using the Internet,Greece,2004,21.42%,17266.803
Individuals using the Internet,Greece,2005,24.0%,17755.238
Individuals using the Internet,Greece,2006,32.25%,19473.369
Individuals using the Internet,Greece,2007,35.88%,20775.882
Individuals using the Internet,Greece,2008,38.2%,21583.651
Individuals using the Internet,Greece,2009,42.4%,21120.143
Individuals using the Internet,Greece,2010,44.4%,20108.345
Individuals using the Internet,Greece,2011,51.65%,18292.532
Individuals using the Internet,Greece,2012,55.07%,16768.211
Individuals using the Internet,Greece,2013,59.8663%,16186.853
Individuals using the Internet,Greece,2014,63.2073%,16113.747
Individuals using the Internet,Greece,2015,66.835%,16150.544
Individuals using the Internet,Greece,2016,69.0879%,16176.954
Individuals using the Internet,Greece,2017,69.893%,16472.448
Individuals using the Internet,Greece,2018,72.2384%,16815.28
Individuals using the Internet,Greece,2019,75.6712%,17266.958
Individuals using the Internet,Greece,2020,78.1158%,15630.777
Individuals using the Internet,Greece,2021,78.4943%,17284.48
Individuals using the Internet,Greece,2022,83.1707%,19871.753
Individuals using the Internet,Greece,2023,85.0102%,21624.476
Individuals using the Internet,Greece,2024,86.2697%,22842.015
Individuals using the Internet,Grenada,2000,4.06391%,13653.841
Individuals using the Internet,Grenada,2001,5.1281%,13623.804
Individuals using the Internet,Grenada,2002,14.7588%,14018.815
Individuals using the Internet,Grenada,2003,18.6452%,15231.128
Individuals using the Internet,Grenada,2004,19.5706%,15448.277
Individuals using the Internet,Grenada,2005,20.4878%,17976.657
Individuals using the Internet,Grenada,2006,21.396%,18016.675
Individuals using the Internet,Grenada,2007,22.29%,19512.578
Individuals using the Internet,Grenada,2008,23.18%,21179.32
Individuals using the Internet,Grenada,2009,24.05%,19799.762
Individuals using the Internet,Grenada,2010,27.0%,19818.923
Individuals using the Internet,Grenada,2011,30.0%,19709.657
Individuals using the Internet,Grenada,2012,32.0%,20071.562
Individuals using the Internet,Grenada,2013,35.0%,20952.938
Individuals using the Internet,Grenada,2014,51.6%,22501.143
Individuals using the Internet,Grenada,2015,52.5%,24450.661
Individuals using the Internet,Grenada,2016,53.3%,25844.649
Individuals using the Internet,Grenada,2017,54.2%,27266.814
Individuals using the Internet,Grenada,2018,61.4%,28131.637
Individuals using the Internet,Grenada,2019,64.3128%,29103.466
Individuals using the Internet,Grenada,2020,67.3637%,24901.313
Individuals using the Internet,Grenada,2021,70.5594%,26631.744
Individuals using the Internet,Grenada,2022,74.2689%,28883.995
Individuals using the Internet,Grenada,2023,74.1201%,31372.331
Individuals using the Internet,Guatemala,2000,0.712333%,12028.303
Individuals using the Internet,Guatemala,2001,1.7382%,12948.714
Individuals using the Internet,Guatemala,2002,3.39175%,13999.153
Individuals using the Internet,Guatemala,2003,4.54885%,14632.649
Individuals using the Internet,Guatemala,2004,5.1%,15502.908
Individuals using the Internet,Guatemala,2005,5.7%,16441.711
Individuals using the Internet,Guatemala,2006,6.5%,17806.144
Individuals using the Internet,Guatemala,2007,7.3%,19691.111
Individuals using the Internet,Guatemala,2008,8.3%,21838.929
Individuals using the Internet,Guatemala,2009,9.3%,21806.002
Individuals using the Internet,Guatemala,2010,10.5%,23064.257
Individuals using the Internet,Guatemala,2011,12.3%,24969.368
Individuals using the Internet,Guatemala,2012,16.0%,25906.899
Individuals using the Internet,Guatemala,2013,19.7%,27060.122
Individuals using the Internet,Guatemala,2014,23.4%,28525.327
Individuals using the Internet,Guatemala,2015,28.8059%,29804.062
Individuals using the Internet,Guatemala,2016,34.5093%,30856.79
Individuals using the Internet,Guatemala,2017,37.9%,31779.807
Individuals using the Internet,Guatemala,2018,41.5%,32730.523
Individuals using the Internet,Guatemala,2019,44.401%,34727.483
Individuals using the Internet,Guatemala,2020,47.5123%,34574.596
Individuals using the Internet,Guatemala,2021,50.8416%,37996.127
Individuals using the Internet,Guatemala,2022,55.4086%,41520.525
Individuals using the Internet,Guatemala,2023,56.0535%,45099.075
Individuals using the Internet,Guinea,2000,0.0954249%,806677.417
Individuals using the Internet,Guinea,2001,0.175542%,834603.294
Individuals using the Internet,Guinea,2002,0.402023%,878585.226
Individuals using the Internet,Guinea,2003,0.45096%,1026268.374
Individuals using the Internet,Guinea,2004,0.508819%,1199020.37
Individuals using the Internet,Guinea,2005,0.542254%,1714913.726
Individuals using the Internet,Guinea,2006,0.637492%,2217377.492
Individuals using the Internet,Guinea,2007,0.780025%,2624573.167
Individuals using the Internet,Guinea,2008,0.92%,3106834.746
Individuals using the Internet,Guinea,2009,0.94%,3044203.251
Individuals using the Internet,Guinea,2010,1.0%,3608254.958
Individuals using the Internet,Guinea,2011,2.0%,4047473.778
Individuals using the Internet,Guinea,2012,3.1%,4506486.752
Individuals using the Internet,Guinea,2013,4.5%,4926666.341
Individuals using the Internet,Guinea,2014,6.4%,5112359.417
Individuals using the Internet,Guinea,2015,9.2%,5332411.18
Individuals using the Internet,Guinea,2016,13.1%,6092110.25
Individuals using the Internet,Guinea,2017,18.7%,7234650.605
Individuals using the Internet,Guinea,2018,21.83%,8036911.391
Individuals using the Internet,Guinea,2019,22.6255%,9059988.681
Individuals using the Internet,Guinea,2020,23.4499%,9648186.207
Individuals using the Internet,Guinea,2021,24.3044%,11129511.582
Individuals using the Internet,Guinea,2022,24.6954%,11606095.21
Individuals using the Internet,Guinea,2023,26.5014%,12708903.398
Individuals using the Internet,Guyana,2000,0.6%,367997.8
Individuals using the Internet,Guyana,2001,1.0%,379065.609
Individuals using the Internet,Guyana,2002,1.5%,399054.438
Individuals using the Internet,Guyana,2003,2.4%,415696.19
Individuals using the Internet,Guyana,2004,3.7%,442629.993
Individuals using the Internet,Guyana,2005,5.7%,460820.097
Individuals using the Internet,Guyana,2006,8.9%,510834.165
Individuals using the Internet,Guyana,2007,13.8%,603193.159
Individuals using the Internet,Guyana,2008,18.2%,678025.013
Individuals using the Internet,Guyana,2009,23.9%,705129.902
Individuals using the Internet,Guyana,2010,29.9%,781412.483
Individuals using the Internet,Guyana,2011,30.0%,898243.165
Individuals using the Internet,Guyana,2012,30.5%,1095417.109
Individuals using the Internet,Guyana,2013,31.0%,1124891.35
Individuals using the Internet,Guyana,2014,32.0%,1115383.508
Individuals using the Internet,Guyana,2015,34.0%,1152264.713
Individuals using the Internet,Guyana,2016,35.66%,1197043.074
Individuals using the Internet,Guyana,2017,42.7%,1260508.653
Individuals using the Internet,Guyana,2018,48.5989%,1271337.42
Individuals using the Internet,Guyana,2019,55.3127%,1374927.105
Individuals using the Internet,Guyana,2020,62.954%,1449638.065
Individuals using the Internet,Guyana,2021,71.6509%,2124228.757
Individuals using the Internet,Guyana,2022,78.3924%,3876420.251
Individuals using the Internet,Guyana,2023,81.7221%,4442543.119
Individuals using the Internet,Honduras,2000,1.20386%,16222.383
Individuals using the Internet,Honduras,2001,1.41528%,17538.099
Individuals using the Internet,Honduras,2002,2.5974%,18640.736
Individuals using the Internet,Honduras,2003,4.8%,20097.297
Individuals using the Internet,Honduras,2004,5.6%,22176.101
Individuals using the Internet,Honduras,2005,6.5%,24634.37
Individuals using the Internet,Honduras,2006,7.8%,27021.214
Individuals using the Internet,Honduras,2007,9.4%,29911.848
Individuals using the Internet,Honduras,2008,9.6%,32880.388
Individuals using the Internet,Honduras,2009,9.8%,33816.686
Individuals using the Internet,Honduras,2010,11.09%,35982.817
Individuals using the Internet,Honduras,2011,15.9%,39504.869
Individuals using the Internet,Honduras,2012,18.12%,41819.398
Individuals using the Internet,Honduras,2013,17.8%,42795.761
Individuals using the Internet,Honduras,2014,23.0%,46298.853
Individuals using the Internet,Honduras,2015,27.1395%,50522.27
Individuals using the Internet,Honduras,2016,29.5282%,53480.161
Individuals using the Internet,Honduras,2017,31.7358%,57588.828
Individuals using the Internet,Honduras,2018,36.0401%,59915.056
Individuals using the Internet,Honduras,2019,39.3884%,62416.071
Individuals using the Internet,Honduras,2020,45.2483%,57739.11
Individuals using the Internet,Honduras,2021,51.9516%,66813.898
Individuals using the Internet,Honduras,2022,56.3896%,74749.009
Individuals using the Internet,Honduras,2023,58.2789%,80686.569
Individuals using the Internet,Hungary,2000,6.99968%,1305056.838
Individuals using the Internet,Hungary,2001,14.5286%,1511083.039
Individuals using the Internet,Hungary,2002,16.67%,1714099.459
Individuals using the Internet,Hungary,2003,21.63%,1884124.729
Individuals using the Internet,Hungary,2004,27.74%,2084479.391
Individuals using the Internet,Hungary,2005,38.97%,2235336.601
Individuals using the Internet,Hungary,2006,47.06%,2413610.102
Individuals using the Internet,Hungary,2007,53.3%,2556155.176
Individuals using the Internet,Hungary,2008,61.0%,2711118.865
Individuals using the Internet,Hungary,2009,62.0%,2638600.239
Individuals using the Internet,Hungary,2010,65.0%,2738922.708
Individuals using the Internet,Hungary,2011,68.02%,2853201.382
Individuals using the Internet,Hungary,2012,70.58%,2911718.888
Individuals using the Internet,Hungary,2013,72.6439%,3066532.996
Individuals using the Internet,Hungary,2014,75.6532%,3332667.005
Individuals using the Internet,Hungary,2015,72.8347%,3564054.197
Individuals using the Internet,Hungary,2016,79.2594%,3712871.37
Individuals using the Internet,Hungary,2017,76.7505%,4038596.304
Individuals using the Internet,Hungary,2018,76.0744%,4483630.224
Individuals using the Internet,Hungary,2019,80.3717%,4942319.175
Individuals using the Internet,Hungary,2020,84.7712%,5037441.016
Individuals using the Internet,Hungary,2021,88.6408%,5756964.667
Individuals using the Internet,Hungary,2022,89.1428%,6883395.734
Individuals using the Internet,Hungary,2023,91.4501%,7871757.604
Individuals using the Internet,Hungary,2024,93.779%,8504352.008
Individuals using the Internet,Haiti,2000,0.231271%,15588.689
Individuals using the Internet,Haiti,2001,0.340832%,17303.853
Individuals using the Internet,Haiti,2002,0.893433%,18515.075
Individuals using the Internet,Haiti,2003,1.64736%,21692.83
Individuals using the Internet,Haiti,2004,5.40126%,26197.519
Individuals using the Internet,Haiti,2005,6.3762%,30139.376
Individuals using the Internet,Haiti,2006,6.796%,32991.161
Individuals using the Internet,Haiti,2007,7.2%,37089.998
Individuals using the Internet,Haiti,2008,7.6%,41101.918
Individuals using the Internet,Haiti,2009,8.1%,47544.493
Individuals using the Internet,Haiti,2010,8.37%,47400.506
Individuals using the Internet,Haiti,2011,9.0%,51142.501
Individuals using the Internet,Haiti,2012,9.8%,54737.439
Individuals using the Internet,Haiti,2013,10.6%,60748.624
Individuals using the Internet,Haiti,2014,11.4%,62869.215
Individuals using the Internet,Haiti,2015,14.2%,66006.911
Individuals using the Internet,Haiti,2016,22.8%,76230.052
Individuals using the Internet,Haiti,2017,27.2%,87766.917
Individuals using the Internet,Haiti,2018,32.4736%,94326.785
Individuals using the Internet,Haiti,2019,39.262%,107448.414
Individuals using the Internet,Italy,2000,23.1109%,21866.953
Individuals using the Internet,Italy,2001,27.2221%,22974.142
Individuals using the Internet,Italy,2002,28.04%,23783.913
Individuals using the Internet,Italy,2003,29.04%,24470.618
Individuals using the Internet,Italy,2004,33.24%,25296.071
Individuals using the Internet,Italy,2005,35.0%,25826.33
Individuals using the Internet,Italy,2006,37.99%,26760.866
Individuals using the Internet,Italy,2007,40.79%,27716.525
Individuals using the Internet,Italy,2008,44.53%,27858.792
Individuals using the Internet,Italy,2009,48.83%,26659.226
Individuals using the Internet,Italy,2010,53.68%,27105.636
Individuals using the Internet,Italy,2011,54.39%,27646.431
Individuals using the Internet,Italy,2012,55.83%,27167.357
Individuals using the Internet,Italy,2013,58.4593%,26896.722
Individuals using the Internet,Italy,2014,55.6385%,27108.213
Individuals using the Internet,Italy,2015,58.1417%,27585.443
Individuals using the Internet,Italy,2016,61.3243%,28336.948
Individuals using the Internet,Italy,2017,63.0773%,29042.598
Individuals using the Internet,Italy,2018,74.3872%,29659.829
Individuals using the Internet,Italy,2019,67.8507%,30159.952
Individuals using the Internet,Italy,2020,70.4834%,28000.861
Individuals using the Internet,Italy,2021,74.8623%,31104.419
Individuals using the Internet,Italy,2022,85.0607%,33848.357
Individuals using the Internet,Italy,2023,87.0278%,36126.968
Individuals using the Internet,Italy,2024,89.2207%,37173.737
Individuals using the Internet,India,2000,0.527532%,20227.281
Individuals using the Internet,India,2001,0.660146%,21479.201
Individuals using the Internet,India,2002,1.53788%,22709.631
Individuals using the Internet,India,2003,1.68649%,25004.678
Individuals using the Internet,India,2004,1.97614%,28048.889
Individuals using the Internet,India,2005,2.38807%,31455.828
Individuals using the Internet,India,2006,2.8055%,36275.101
Individuals using the Internet,India,2007,3.95%,41141.838
Individuals using the Internet,India,2008,4.38%,45649.546
Individuals using the Internet,India,2009,5.12%,51948.441
Individuals using the Internet,India,2010,7.5%,61395.924
Individuals using the Internet,India,2011,10.07%,69268.61
Individuals using the Internet,India,2012,11.1%,77768.11
Individuals using the Internet,India,2013,12.3%,86689.799
Individuals using the Internet,India,2014,13.5%,95010.11
Individuals using the Internet,India,2015,14.9%,103701.927
Individuals using the Internet,India,2016,16.5%,114526.101
Individuals using the Internet,India,2017,18.2%,125693.723
Individuals using the Internet,India,2018,20.0813%,137486.236
Individuals using the Internet,India,2019,29.5235%,144731.111
Individuals using the Internet,India,2020,43.4054%,141550.332
Individuals using the Internet,India,2022,55.9%,188649.026
Individuals using the Internet,India,2025,70.0%,245132.795
Individuals using the Internet,Indonesia,2000,0.925564%,7328240.7
Individuals using the Internet,Indonesia,2001,2.01861%,8558977.964
Individuals using the Internet,Indonesia,2002,2.13414%,9338261.498
Individuals using the Internet,Indonesia,2003,2.38702%,10176465.255
Individuals using the Internet,Indonesia,2004,2.60029%,11439233.965
Individuals using the Internet,Indonesia,2005,3.60202%,13628832.874
Individuals using the Internet,Indonesia,2006,4.76481%,16173465.629
Individuals using the Internet,Indonesia,2007,5.78627%,18867051.346
Individuals using the Internet,Indonesia,2008,7.91748%,23440305.605
Individuals using the Internet,Indonesia,2009,6.92%,25656746.413
Individuals using the Internet,Indonesia,2010,10.92%,28884425.178
Individuals using the Internet,Indonesia,2011,12.28%,32363747.863
Individuals using the Internet,Indonesia,2012,14.52%,35105215.357
Individuals using the Internet,Indonesia,2013,14.94%,38365914.698
Individuals using the Internet,Indonesia,2014,17.1432%,41915863.356
Individuals using the Internet,Indonesia,2015,22.0627%,45169041.295
Individuals using the Internet,Indonesia,2016,25.4474%,47976388.462
Individuals using the Internet,Indonesia,2017,32.3358%,51997473.556
Individuals using the Internet,Indonesia,2018,39.9046%,56173024.391
Individuals using the Internet,Indonesia,2019,47.6906%,59317914.263
Individuals using the Internet,Indonesia,2020,53.7265%,57154438.66
Individuals using the Internet,Indonesia,2021,62.1045%,62259074.08
Individuals using the Internet,Indonesia,2022,66.4846%,71044778.377
Individuals using the Internet,Indonesia,2023,69.2084%,74964600.341
Individuals using the Internet,Indonesia,2024,72.7808%,78617419.225
Individuals using the Internet,Ireland,2000,17.8505%,28340.813
Individuals using the Internet,Ireland,2001,23.1388%,31397.535
Individuals using the Internet,Ireland,2002,25.85%,34376.09
Individuals using the Internet,Ireland,2003,34.31%,36201.477
Individuals using the Internet,Ireland,2004,36.99%,38113.532
Individuals using the Internet,Ireland,2005,41.61%,40549.53
Individuals using the Internet,Ireland,2006,54.82%,42796.308
Individuals using the Internet,Ireland,2007,61.1583%,44336.704
Individuals using the Internet,Ireland,2008,65.34%,41472.829
Individuals using the Internet,Ireland,2009,67.38%,37281.888
Individuals using the Internet,Ireland,2010,69.85%,36615.053
Individuals using the Internet,Ireland,2011,74.89%,37761.336
Individuals using the Internet,Ireland,2012,76.92%,38355.98
Individuals using the Internet,Ireland,2013,78.2477%,39500.833
Individuals using the Internet,Ireland,2014,83.4917%,42978.258
Individuals using the Internet,Ireland,2015,83.4948%,57761.448
Individuals using the Internet,Ireland,2016,83.5%,57718.117
Individuals using the Internet,Ireland,2017,84.114%,63608.029
Individuals using the Internet,Ireland,2018,87.0001%,68113.335
Individuals using the Internet,Ireland,2019,87.0001%,72817.1
Individuals using the Internet,Ireland,2020,91.9999%,75544.526
Individuals using the Internet,Ireland,2021,96.4235%,87556.475
Individuals using the Internet,Ireland,2022,96.6206%,99367.406
Individuals using the Internet,Ireland,2023,96.4974%,98468.909
Individuals using the Internet,Iraq,2003,0.6%,1155226.294
Individuals using the Internet,Iraq,2004,0.9%,1995811.83
Individuals using the Internet,Iraq,2005,0.9%,2685958.203
Individuals using the Internet,Iraq,2006,0.952344%,3406058.695
Individuals using the Internet,Iraq,2007,0.93%,3877987.831
Individuals using the Internet,Iraq,2008,1.0%,5335609.038
Individuals using the Internet,Iraq,2009,1.06%,4331178.102
Individuals using the Internet,Iraq,2010,2.5%,5234241.215
Individuals using the Internet,Iraq,2011,5.0%,6842788.745
Individuals using the Internet,Iraq,2012,7.1%,7803544.102
Individuals using the Internet,Iraq,2013,9.2%,8186959.697
Individuals using the Internet,Iraq,2014,11.6453%,7817229.153
Individuals using the Internet,Iraq,2015,15.2%,5882031.635
Individuals using the Internet,Iraq,2016,19.9%,5495692.262
Individuals using the Internet,Iraq,2017,49.36%,6048444.602
Individuals using the Internet,Iraq,2018,33.9%,7136779.722
Individuals using the Internet,Iraq,2019,44.3263%,7149825.127
Individuals using the Internet,Iraq,2020,53.6778%,5415010.01
Individuals using the Internet,Iraq,2021,65.0022%,7418973.867
Individuals using the Internet,Iraq,2022,78.7156%,9886319.76
Individuals using the Internet,Iraq,2023,81.7291%,8225893.463
Individuals using the Internet,Iceland,2000,44.4705%,2575042.376
Individuals using the Internet,Iceland,2001,49.393%,2861731.149
Individuals using the Internet,Iceland,2002,79.12%,3011794.469
Individuals using the Internet,Iceland,2003,83.14%,3075231.132
Individuals using the Internet,Iceland,2004,83.88%,3373207.833
Individuals using the Internet,Iceland,2005,87.0%,3678455.737
Individuals using the Internet,Iceland,2006,89.51%,4135489.228
Individuals using the Internet,Iceland,2007,90.6%,4571930.497
Individuals using the Internet,Iceland,2008,91.0%,5087402.8
Individuals using the Internet,Iceland,2009,93.0%,5115033.441
Individuals using the Internet,Iceland,2010,93.39%,5358240.72
Individuals using the Internet,Iceland,2011,94.8197%,5724061.3
Individuals using the Internet,Iceland,2012,96.2098%,5968436.883
Individuals using the Internet,Iceland,2013,96.5468%,6284528.672
Individuals using the Internet,Iceland,2014,98.158%,6593013.218
Individuals using the Internet,Iceland,2015,98.2%,7228645.55
Individuals using the Internet,Iceland,2016,98.24%,7812499.233
Individuals using the Internet,Iceland,2017,98.2552%,8052188.375
Individuals using the Internet,Iceland,2018,99.011%,8443420.626
Individuals using the Internet,Iceland,2019,99.5049%,8765938.512
Individuals using the Internet,Iceland,2020,99.5328%,8428299.467
Individuals using the Internet,Iceland,2021,99.687%,9298226.616
Individuals using the Internet,Iceland,2022,99.8082%,10812288.822
Individuals using the Internet,Iceland,2023,99.8301%,11645877.863
Individuals using the Internet,Israel,2000,20.8738%,88481.556
Individuals using the Internet,Israel,2001,17.3786%,88140.826
Individuals using the Internet,Israel,2002,17.7646%,90343.711
Individuals using the Internet,Israel,2003,19.5934%,89405.528
Individuals using the Internet,Israel,2004,22.7705%,92143.983
Individuals using the Internet,Israel,2005,25.194%,95460.681
Individuals using the Internet,Israel,2006,27.8811%,100283.503
Individuals using the Internet,Israel,2007,48.1281%,105590.006
Individuals using the Internet,Israel,2008,59.39%,108502.482
Individuals using the Internet,Israel,2009,63.12%,112004.464
Individuals using the Internet,Israel,2010,67.5%,117442.663
Individuals using the Internet,Israel,2011,68.8739%,123405.745
Individuals using the Internet,Israel,2012,70.8%,128334.791
Individuals using the Internet,Israel,2013,70.2503%,133584.088
Individuals using the Internet,Israel,2014,75.0178%,136971.246
Individuals using the Internet,Israel,2015,77.3521%,140518.639
Individuals using the Internet,Israel,2016,79.6531%,144338.179
Individuals using the Internet,Israel,2017,81.5812%,147690.338
Individuals using the Internet,Israel,2018,83.7332%,151827.985
Individuals using the Internet,Israel,2019,86.7879%,157218.734
Individuals using the Internet,Israel,2020,90.1273%,153512.402
Individuals using the Internet,Israel,2021,90.2969%,168877.941
Individuals using the Internet,Israel,2022,91.8508%,184724.562
Individuals using the Internet,Israel,2023,87.0384%,191240.668
Individuals using the Internet,Israel,2024,88.1824%,200873.289
Individuals using the Internet,Japan,2000,29.9907%,4221494.688
Individuals using the Internet,Japan,2001,38.5321%,4181893.67
Individuals using the Internet,Japan,2002,46.5942%,4116776.513
Individuals using the Internet,Japan,2003,48.4353%,4105230.499
Individuals using the Internet,Japan,2004,62.3939%,4144543.92
Individuals using the Internet,Japan,2005,66.9211%,4168354.311
Individuals using the Internet,Japan,2006,68.6853%,4189322.191
Individuals using the Internet,Japan,2007,74.3%,4221138.107
Individuals using the Internet,Japan,2008,75.4%,4133559.049
Individuals using the Internet,Japan,2009,78.0%,3880330.353
Individuals using the Internet,Japan,2010,78.21%,3962014.51
Individuals using the Internet,Japan,2011,79.0541%,3891463.327
Individuals using the Internet,Japan,2012,79.4964%,3923698.42
Individuals using the Internet,Japan,2013,88.2194%,3995054.421
Individuals using the Internet,Japan,2014,89.1068%,4081286.506
Individuals using the Internet,Japan,2015,91.058%,4237226.28
Individuals using the Internet,Japan,2016,93.1827%,4287683.071
Individuals using the Internet,Japan,2017,91.7265%,4363632.777
Individuals using the Internet,Japan,2018,88.7464%,4400400.278
Individuals using the Internet,Japan,2019,92.7304%,4420120.305
Individuals using the Internet,Japan,2020,90.2195%,4288052.921
Individuals using the Internet,Japan,2021,82.9141%,4407205.515
Individuals using the Internet,Japan,2022,84.9234%,4482607.919
Individuals using the Internet,Japan,2023,86.9815%,4745289.462
Individuals using the Internet,Jamaica,2000,3.11578%,153795.788
Individuals using the Internet,Jamaica,2001,3.86302%,166566.721
Individuals using the Internet,Jamaica,2002,6.1%,184263.298
Individuals using the Internet,Jamaica,2003,7.8%,212458.318
Individuals using the Internet,Jamaica,2004,10.0%,242079.773
Individuals using the Internet,Jamaica,2005,12.8%,271284.006
Individuals using the Internet,Jamaica,2006,16.4%,302770.161
Individuals using the Internet,Jamaica,2007,21.1%,340662.301
Individuals using the Internet,Jamaica,2008,23.6%,382314.723
Individuals using the Internet,Jamaica,2009,24.3%,406894.808
Individuals using the Internet,Jamaica,2010,27.67%,438759.823
Individuals using the Internet,Jamaica,2011,37.4386%,470938.348
Individuals using the Internet,Jamaica,2012,33.79%,497500.394
Individuals using the Internet,Jamaica,2013,37.1%,541487.002
Individuals using the Internet,Jamaica,2014,40.4027%,582517.292
Individuals using the Internet,Jamaica,2015,42.2212%,643613.645
Individuals using the Internet,Jamaica,2016,44.3669%,684798.344
Individuals using the Internet,Jamaica,2017,55.0721%,740948.801
Individuals using the Internet,Jamaica,2018,68.2145%,795386.788
Individuals using the Internet,Jamaica,2019,70.841%,830187.133
Individuals using the Internet,Jamaica,2020,76.384%,780384.581
Individuals using the Internet,Jamaica,2021,82.3607%,878435.252
Individuals using the Internet,Jamaica,2022,82.4453%,1052144.229
Individuals using the Internet,Jamaica,2023,89.473%,1202190.389
Individuals using the Internet,Jordan,2000,2.62328%,1223.431
Individuals using the Internet,Jordan,2001,4.70572%,1272.686
Individuals using the Internet,Jordan,2002,6.02553%,1340.187
Individuals using the Internet,Jordan,2003,8.46601%,1389.49
Individuals using the Internet,Jordan,2004,11.6587%,1508.475
Individuals using the Internet,Jordan,2005,12.9329%,1639.832
Individuals using the Internet,Jordan,2006,13.8671%,1843.269
Individuals using the Internet,Jordan,2007,20.0%,1966.687
Individuals using the Internet,Jordan,2008,23.0%,2424.31
Individuals using the Internet,Jordan,2009,26.0%,2569.414
Individuals using the Internet,Jordan,2010,27.2%,2779.438
Individuals using the Internet,Jordan,2011,34.9%,2948.272
Individuals using the Internet,Jordan,2012,37.0%,3114.388
Individuals using the Internet,Jordan,2013,41.4%,3179.109
Individuals using the Internet,Jordan,2014,46.2%,3021.685
Individuals using the Internet,Jordan,2015,54.22%,2885.619
Individuals using the Internet,Jordan,2016,56.15%,2842.417
Individuals using the Internet,Jordan,2017,64.5%,2891.913
Individuals using the Internet,Jordan,2018,65.2%,2943.949
Individuals using the Internet,Jordan,2019,70.0847%,2953.366
Individuals using the Internet,Jordan,2020,78.4178%,2839.058
Individuals using the Internet,Jordan,2021,86.0%,2948.459
Individuals using the Internet,Jordan,2022,90.5%,3067.83
Individuals using the Internet,Jordan,2023,92.5344%,3199.493
Individuals using the Internet,Kenya,2000,0.31806%,47010.88
Individuals using the Internet,Kenya,2001,0.619782%,48477.158
Individuals using the Internet,Kenya,2002,1.20777%,48186.023
Individuals using the Internet,Kenya,2003,2.9419%,50761.003
Individuals using the Internet,Kenya,2004,3.02353%,54844.454
Individuals using the Internet,Kenya,2005,3.1019%,58805.498
Individuals using the Internet,Kenya,2006,3.6%,61644.87
Individuals using the Internet,Kenya,2007,4.4%,69217.716
Individuals using the Internet,Kenya,2008,5.2%,77390.201
Individuals using the Internet,Kenya,2009,6.1%,86887.067
Individuals using the Internet,Kenya,2010,7.2%,93202.849
Individuals using the Internet,Kenya,2011,8.8%,105380.105
Individuals using the Internet,Kenya,2012,10.5%,117999.785
Individuals using the Internet,Kenya,2013,13.0%,128292.798
Individuals using the Internet,Kenya,2014,16.5%,141599.883
Individuals using the Internet,Kenya,2015,16.5879%,158991.163
Individuals using the Internet,Kenya,2016,16.6%,171423.559
Individuals using the Internet,Kenya,2017,17.8271%,186858.953
Individuals using the Internet,Kenya,2018,19.5%,201299.713
Individuals using the Internet,Kenya,2019,22.6688%,215078.361
Individuals using the Internet,Kenya,2024,34.9762%,309369.372
Individuals using the Internet,Kiribati,2000,1.78523%,1529.194
Individuals using the Internet,Kiribati,2001,2.33746%,1459.136
Individuals using the Internet,Kiribati,2002,2.5%,1570.045
Individuals using the Internet,Kiribati,2003,3.0%,1660.736
Individuals using the Internet,Kiribati,2004,3.5%,1557.575
Individuals using the Internet,Kiribati,2005,4.0%,1611.782
Individuals using the Internet,Kiribati,2006,4.5%,1577.843
Individuals using the Internet,Kiribati,2007,6.0%,1707.794
Individuals using the Internet,Kiribati,2008,7.0%,1775.594
Individuals using the Internet,Kiribati,2009,8.97%,1781.99
Individuals using the Internet,Kiribati,2010,9.07%,1750.238
Individuals using the Internet,Kiribati,2011,10.0%,1819.156
Individuals using the Internet,Kiribati,2012,10.7468%,1889.037
Individuals using the Internet,Kiribati,2013,11.5%,1948.39
Individuals using the Internet,Kiribati,2014,12.25%,2044.407
Individuals using the Internet,Kiribati,2015,14.9%,2315.163
Individuals using the Internet,Kiribati,2016,19.4194%,2481.257
Individuals using the Internet,Kiribati,2017,25.3096%,2556.102
Individuals using the Internet,Kiribati,2018,32.9864%,2703.005
Individuals using the Internet,Kiribati,2019,39.5737%,2656.088
Individuals using the Internet,Kiribati,2023,88.0%,3464.445
Individuals using the Internet,Kuwait,2000,6.7314%,5411.449
Individuals using the Internet,Kuwait,2001,8.55179%,4902.39
Individuals using the Internet,Kuwait,2002,10.249%,5123.884
Individuals using the Internet,Kuwait,2003,22.4029%,6135.269
Individuals using the Internet,Kuwait,2004,22.9271%,7327.351
Individuals using the Internet,Kuwait,2005,25.9261%,10509.244
Individuals using the Internet,Kuwait,2006,28.7912%,12658.089
Individuals using the Internet,Kuwait,2007,34.8%,13514.272
Individuals using the Internet,Kuwait,2008,42.0%,14262.701
Individuals using the Internet,Kuwait,2009,50.8%,10978.303
Individuals using the Internet,Kuwait,2010,61.4%,11277.217
Individuals using the Internet,Kuwait,2011,65.7691%,13094.102
Individuals using the Internet,Kuwait,2012,70.45%,14214.69
Individuals using the Internet,Kuwait,2013,75.46%,13765.589
Individuals using the Internet,Kuwait,2014,78.7%,12363.569
Individuals using the Internet,Kuwait,2015,82.0%,8781.917
Individuals using the Internet,Kuwait,2016,85.6%,8096.546
Individuals using the Internet,Kuwait,2017,98.0%,8661.295
Individuals using the Internet,Kuwait,2018,99.5988%,9471.506
Individuals using the Internet,Kuwait,2019,99.5427%,9578.99
Individuals using the Internet,Kuwait,2020,99.1059%,7842.644
Individuals using the Internet,Kuwait,2021,99.7%,10203.326
Individuals using the Internet,Kuwait,2022,99.7237%,11723.522
Individuals using the Internet,Kuwait,2023,99.7473%,10340.077
Individuals using the Internet,Lebanon,2000,7.95274%,5937811.2
Individuals using the Internet,Lebanon,2001,6.78322%,5962635.549
Individuals using the Internet,Lebanon,2002,7.0%,6386176.188
Individuals using the Internet,Lebanon,2003,8.0%,6520813.112
Individuals using the Internet,Lebanon,2004,9.0%,6972548.296
Individuals using the Internet,Lebanon,2005,10.14%,6979686.822
Individuals using the Internet,Lebanon,2006,15.0%,7033887.622
Individuals using the Internet,Lebanon,2007,18.74%,7781715.267
Individuals using the Internet,Lebanon,2008,22.53%,8981275.727
Individuals using the Internet,Lebanon,2009,30.14%,10778336.684
Individuals using the Internet,Lebanon,2010,43.68%,11600544.457
Individuals using the Internet,Lebanon,2011,52.0%,11930489.586
Individuals using the Internet,Lebanon,2012,61.2498%,12813956.91
Individuals using the Internet,Lebanon,2013,70.5%,12444768.767
Individuals using the Internet,Lebanon,2014,73.0%,11555472.82
Individuals using the Internet,Lebanon,2015,74.0%,11762573.176
Individuals using the Internet,Lebanon,2016,76.11%,12320447.639
Individuals using the Internet,Lebanon,2017,78.1808%,13085562.684
Individuals using the Internet,Lebanon,2018,80.9%,13907450.697
Individuals using the Internet,Lebanon,2019,81.4812%,13883481.696
Individuals using the Internet,Lebanon,2020,82.0665%,17112361.035
Individuals using the Internet,Lebanon,2021,82.656%,43909923.612
Individuals using the Internet,Lebanon,2022,82.798%,120443301.968
Individuals using the Internet,Lebanon,2023,83.4933%,384054204.106
Individuals using the Internet,Liberia,2000,0.0177027%,303.143
Individuals using the Internet,Liberia,2001,0.0338122%,305.909
Individuals using the Internet,Liberia,2002,0.0327133%,311.768
Individuals using the Internet,Liberia,2003,0.0318689%,231.891
Individuals using the Internet,Liberia,2004,0.0310112%,286.104
Individuals using the Internet,Liberia,2007,0.551377%,388.154
Individuals using the Internet,Liberia,2008,0.53%,464.437
Individuals using the Internet,Liberia,2009,2.0%,470.218
Individuals using the Internet,Liberia,2010,2.3%,505.363
Individuals using the Internet,Liberia,2011,2.5%,582.614
Individuals using the Internet,Liberia,2012,2.6%,646.662
Individuals using the Internet,Liberia,2013,3.2%,716.576
Individuals using the Internet,Liberia,2014,5.41%,708.816
Individuals using the Internet,Liberia,2015,10.0%,691.369
Individuals using the Internet,Liberia,2016,15.7%,709.824
Individuals using the Internet,Liberia,2017,16.3%,706.239
Individuals using the Internet,Liberia,2018,17.2777%,677.356
Individuals using the Internet,Liberia,2019,18.3141%,623.887
Individuals using the Internet,Liberia,2020,19.4126%,589.81
Individuals using the Internet,Liberia,2021,20.5771%,667.17
Individuals using the Internet,Liberia,2022,21.8966%,739.665
Individuals using the Internet,Liberia,2023,23.4979%,799.279
Individuals using the Internet,Libya,2000,0.187043%,3905.448
Individuals using the Internet,Libya,2001,0.366533%,4049.753
Individuals using the Internet,Libya,2002,2.24442%,5027.421
Individuals using the Internet,Libya,2003,2.81452%,6401.419
Individuals using the Internet,Libya,2004,3.53284%,8065.199
Individuals using the Internet,Libya,2005,3.91779%,11434.241
Individuals using the Internet,Libya,2006,4.30105%,13873.111
Individuals using the Internet,Libya,2007,4.722%,14861.869
Individuals using the Internet,Libya,2008,9.0%,18043.537
Individuals using the Internet,Libya,2009,10.8%,12789.564
Individuals using the Internet,Libya,2010,14.0%,15807.019
Individuals using the Internet,Libya,2011,14.0%,9955.042
Individuals using the Internet,Libya,2012,15.2%,18581.492
Individuals using the Internet,Libya,2013,16.5%,15292.595
Individuals using the Internet,Libya,2014,17.76%,11663.347
Individuals using the Internet,Libya,2020,87.5754%,9793.621
Individuals using the Internet,Libya,2021,88.5598%,23694.291
Individuals using the Internet,Libya,2022,88.6412%,30714.267
Individuals using the Internet,Libya,2023,88.4989%,30959.692
Individuals using the Internet,Luxembourg,2000,22.8873%,53012.223
Individuals using the Internet,Luxembourg,2001,36.1634%,54396.355
Individuals using the Internet,Luxembourg,2002,39.84%,56331.306
Individuals using the Internet,Luxembourg,2003,54.55%,58503.681
Individuals using the Internet,Luxembourg,2004,65.88%,61954.725
Individuals using the Internet,Luxembourg,2005,70.0%,65656.982
Individuals using the Internet,Luxembourg,2006,72.51%,72852.483
Individuals using the Internet,Luxembourg,2007,78.92%,79046.619
Individuals using the Internet,Luxembourg,2008,82.23%,82698.636
Individuals using the Internet,Luxembourg,2009,87.31%,79130.294
Individuals using the Internet,Luxembourg,2010,90.62%,84450.707
Individuals using the Internet,Luxembourg,2011,90.0299%,86602.97
Individuals using the Internet,Luxembourg,2012,91.9499%,88638.217
Individuals using the Internet,Luxembourg,2013,93.7765%,91423.65
Individuals using the Internet,Luxembourg,2014,94.6702%,94217.209
Individuals using the Internet,Luxembourg,2015,96.3767%,96167.673
Individuals using the Internet,Luxembourg,2016,98.1367%,97549.462
Individuals using the Internet,Luxembourg,2017,97.363%,98479.854
Individuals using the Internet,Luxembourg,2018,97.0613%,99988.206
Individuals using the Internet,Luxembourg,2019,97.1206%,101670.647
Individuals using the Internet,Luxembourg,2020,98.4596%,103016.093
Individuals using the Internet,Luxembourg,2021,98.6609%,115071.763
Individuals using the Internet,Luxembourg,2022,98.242%,118889.924
Individuals using the Internet,Luxembourg,2023,99.3479%,124265.105
Individuals using the Internet,Luxembourg,2024,98.7606%,128234.953
Individuals using the Internet,Mauritius,2000,7.28154%,109141.234
Individuals using the Internet,Mauritius,2001,8.7809%,118881.229
Individuals using the Internet,Mauritius,2002,10.2526%,127426.303
Individuals using the Internet,Mauritius,2003,12.1871%,141538.911
Individuals using the Internet,Mauritius,2004,13.6891%,156789.759
Individuals using the Internet,Mauritius,2005,15.1722%,164897.759
Individuals using the Internet,Mauritius,2006,16.7%,183040.099
Individuals using the Internet,Mauritius,2007,20.22%,208648.704
Individuals using the Internet,Mauritius,2008,21.81%,231554.03
Individuals using the Internet,Mauritius,2009,22.51%,237034.925
Individuals using the Internet,Mauritius,2010,28.33%,249602.824
Individuals using the Internet,Mauritius,2011,34.95%,267564.518
Individuals using the Internet,Mauritius,2012,35.42%,282960.593
Individuals using the Internet,Mauritius,2013,40.1168%,299853.097
Individuals using the Internet,Mauritius,2014,44.8033%,317434.555
Individuals using the Internet,Mauritius,2015,50.1393%,333319.08
Individuals using the Internet,Mauritius,2016,52.1913%,354269.885
Individuals using the Internet,Mauritius,2017,55.4032%,373921.398
Individuals using the Internet,Mauritius,2018,58.5962%,395095.118
Individuals using the Internet,Mauritius,2019,61.73%,404676.505
Individuals using the Internet,Mauritius,2020,67.7329%,354552.42
Individuals using the Internet,Mauritius,2021,71.6%,378836.574
Individuals using the Internet,Mauritius,2022,75.5%,452190.619
Individuals using the Internet,Mauritius,2023,79.5%,506444.49
Individuals using the Internet,Mexico,2000,5.08138%,70611.7
Individuals using the Internet,Mexico,2001,7.03802%,73825.313
Individuals using the Internet,Mexico,2002,11.9%,76617.078
Individuals using the Internet,Mexico,2003,12.9%,79734.537
Individuals using the Internet,Mexico,2004,14.1%,88104.588
Individuals using the Internet,Mexico,2005,17.21%,94006.861
Individuals using the Internet,Mexico,2006,19.52%,103073.172
Individuals using the Internet,Mexico,2007,20.81%,109977.177
Individuals using the Internet,Mexico,2008,21.71%,116177.533
Individuals using the Internet,Mexico,2009,26.34%,112793.89
Individuals using the Internet,Mexico,2010,31.05%,121720.366
Individuals using the Internet,Mexico,2011,37.1763%,131120.117
Individuals using the Internet,Mexico,2012,39.75%,140005.523
Individuals using the Internet,Mexico,2013,43.46%,141758.681
Individuals using the Internet,Mexico,2014,44.3857%,149837.751
Individuals using the Internet,Mexico,2015,57.431%,157136.977
Individuals using the Internet,Mexico,2016,59.5404%,167968.493
Individuals using the Internet,Mexico,2017,53.0318%,180611.645
Individuals using the Internet,Mexico,2018,56.6596%,191884.694
Individuals using the Internet,Mexico,2019,69.6321%,197474.29
Individuals using the Internet,Mexico,2020,71.4902%,187870.791
Individuals using the Internet,Mexico,2021,75.6265%,206926.851
Individuals using the Internet,Mexico,2022,78.6322%,227188.153
Individuals using the Internet,Mexico,2023,81.1832%,243533.236
Individuals using the Internet,Malaysia,2000,21.3847%,16521.373
Individuals using the Internet,Malaysia,2001,26.696%,15918.403
Individuals using the Internet,Malaysia,2002,32.3382%,16878.93
Individuals using the Internet,Malaysia,2003,34.9712%,18013.231
Individuals using the Internet,Malaysia,2004,42.2523%,19930.516
Individuals using the Internet,Malaysia,2005,48.6292%,21504.443
Individuals using the Internet,Malaysia,2006,51.638%,23297.244
Individuals using the Internet,Malaysia,2007,55.7%,25716.236
Individuals using the Internet,Malaysia,2008,55.8%,29220.29
Individuals using the Internet,Malaysia,2009,55.9%,26589.239
Individuals using the Internet,Malaysia,2010,56.3%,29141.126
Individuals using the Internet,Malaysia,2011,61.0%,31817.666
Individuals using the Internet,Malaysia,2012,65.8%,33380.176
Individuals using the Internet,Malaysia,2013,57.0575%,34192.601
Individuals using the Internet,Malaysia,2014,63.6654%,36542.325
Individuals using the Internet,Malaysia,2015,71.0641%,37739.287
Individuals using the Internet,Malaysia,2016,78.7883%,39505.515
Individuals using the Internet,Malaysia,2017,80.1405%,42854.416
Individuals using the Internet,Malaysia,2018,81.201%,44708.363
Individuals using the Internet,Malaysia,2019,84.1871%,46512.86
Individuals using the Internet,Malaysia,2020,89.555%,43717.167
Individuals using the Internet,Malaysia,2021,96.7514%,47541.159
Individuals using the Internet,Malaysia,2022,97.3986%,54970.389
Individuals using the Internet,Malaysia,2023,97.6927%,55174.382
Individuals using the Internet,Malaysia,2024,98.0206%,57748.661
Individuals using the Internet,Maldives,2000,2.20387%,34924.571
Individuals using the Internet,Maldives,2001,3.61729%,35589.774
Individuals using the Internet,Maldives,2002,5.34777%,37788.348
Individuals using the Internet,Maldives,2003,5.97659%,47242.216
Individuals using the Internet,Maldives,2004,6.58825%,54246.989
Individuals using the Internet,Maldives,2005,6.86961%,50693.59
Individuals using the Internet,Maldives,2006,11.0364%,67440.545
Individuals using the Internet,Maldives,2007,16.3%,78444.539
Individuals using the Internet,Maldives,2008,23.2%,93925.773
Individuals using the Internet,Maldives,2009,24.8%,95370.305
Individuals using the Internet,Maldives,2010,26.53%,103509.727
Individuals using the Internet,Maldives,2011,34.0%,124486.678
Individuals using the Internet,Maldives,2012,38.9301%,134019.979
Individuals using the Internet,Maldives,2013,44.1%,150497.679
Individuals using the Internet,Maldives,2014,49.28%,166234.929
Individuals using the Internet,Maldives,2015,54.462%,182433.145
Individuals using the Internet,Maldives,2016,59.5%,191632.419
Individuals using the Internet,Maldives,2017,65.0%,206089.936
Individuals using the Internet,Maldives,2018,70.9%,227486.515
Individuals using the Internet,Maldives,2019,77.4697%,236916.101
Individuals using the Internet,Maldives,2020,79.0978%,151065.241
Individuals using the Internet,Maldives,2021,81.9576%,210076.725
Individuals using the Internet,Maldives,2022,83.9119%,243201.482
Individuals using the Internet,Maldives,2023,84.6851%,256377.824
Individuals using the Internet,Mali,2000,0.142546%,181954.968
Individuals using the Internet,Mali,2001,0.185897%,213244.545
Individuals using the Internet,Mali,2002,0.227046%,220630.242
Individuals using the Internet,Mali,2003,0.310364%,215505.55
Individuals using the Internet,Mali,2004,0.43282%,219519.403
Individuals using the Internet,Mali,2005,0.507063%,243307.548
Individuals using the Internet,Mali,2006,0.729627%,257884.285
Individuals using the Internet,Mali,2007,0.81%,270025.021
Individuals using the Internet,Mali,2008,1.57%,294683.926
Individuals using the Internet,Mali,2009,1.8%,312617.065
Individuals using the Internet,Mali,2010,2.0%,331694.786
Individuals using the Internet,Mali,2011,2.2%,371844.725
Individuals using the Internet,Mali,2012,2.8%,374615.064
Individuals using the Internet,Mali,2013,3.5%,374610.78
Individuals using the Internet,Mali,2014,7.0%,393612.283
Individuals using the Internet,Mali,2015,10.33%,416700.954
Individuals using the Internet,Mali,2016,14.0%,433109.312
Individuals using the Internet,Mali,2017,18.9%,450312.092
Individuals using the Internet,Mali,2018,21.4%,463844.738
Individuals using the Internet,Mali,2019,24.9603%,480562.684
Individuals using the Internet,Mali,2020,29.113%,462968.073
Individuals using the Internet,Mali,2021,33.9565%,478264.63
Individuals using the Internet,Mali,2022,34.3797%,521153.022
Individuals using the Internet,Mali,2023,35.0921%,540531.67
Individuals using the Internet,Malta,2000,13.1137%,10597.825
Individuals using the Internet,Malta,2001,17.8778%,10902.75
Individuals using the Internet,Malta,2002,28.92%,11402.769
Individuals using the Internet,Malta,2003,31.64%,11984.012
Individuals using the Internet,Malta,2004,34.62%,12255.825
Individuals using the Internet,Malta,2005,41.24%,12767.093
Individuals using the Internet,Malta,2006,40.41%,13285.465
Individuals using the Internet,Malta,2007,46.9%,14245.493
Individuals using the Internet,Malta,2008,50.08%,15291.591
Individuals using the Internet,Malta,2009,58.86%,15301.295
Individuals using the Internet,Malta,2010,63.0%,16573.557
Individuals using the Internet,Malta,2011,68.0198%,16946.955
Individuals using the Internet,Malta,2012,68.1999%,17912.996
Individuals using the Internet,Malta,2013,68.9138%,19288.48
Individuals using the Internet,Malta,2014,73.1141%,20900.092
Individuals using the Internet,Malta,2015,75.96%,23293.718
Individuals using the Internet,Malta,2016,78.0751%,24162.487
Individuals using the Internet,Malta,2017,81.0119%,27288.599
Individuals using the Internet,Malta,2018,81.658%,28806.938
Individuals using the Internet,Malta,2019,85.7786%,29604.761
Individuals using the Internet,Malta,2020,86.8588%,27896.204
Individuals using the Internet,Malta,2021,87.4698%,32336.934
Individuals using the Internet,Malta,2022,91.5406%,34555.36
Individuals using the Internet,Malta,2023,92.0727%,38577.92
Individuals using the Internet,Mongolia,2000,1.25565%,509366.882
Individuals using the Internet,Mongolia,2001,1.65324%,572224.888
Individuals using the Internet,Mongolia,2002,2.03957%,628883.052
Individuals using the Internet,Mongolia,2007,9.0%,1891528.045
Individuals using the Internet,Mongolia,2008,9.8%,2458994.769
Individuals using the Internet,Mongolia,2009,10.0%,2426351.235
Individuals using the Internet,Mongolia,2010,10.2%,3533756.458
Individuals using the Internet,Mongolia,2011,12.5%,4685394.104
Individuals using the Internet,Mongolia,2012,16.4%,5819354.691
Individuals using the Internet,Mongolia,2013,17.7%,6543491.451
Individuals using the Internet,Mongolia,2014,19.9424%,7419036.272
Individuals using the Internet,Mongolia,2015,22.5%,7487391.498
Individuals using the Internet,Mongolia,2016,22.2658%,7670461.917
Individuals using the Internet,Mongolia,2017,23.7143%,8814223.013
Individuals using the Internet,Mongolia,2018,47.13%,10061090.129
Individuals using the Internet,Mongolia,2019,51.08%,11477331.927
Individuals using the Internet,Mongolia,2020,62.5%,11154968.545
Individuals using the Internet,Mongolia,2021,81.6068%,12773097.847
Individuals using the Internet,Mongolia,2022,82.1725%,15575067.765
Individuals using the Internet,Mongolia,2023,83.0162%,20098921.975
Individuals using the Internet,Morocco,2000,0.693791%,15697.429
Individuals using the Internet,Morocco,2001,1.37144%,16740.54
Individuals using the Internet,Morocco,2002,2.37325%,17260.99
Individuals using the Internet,Morocco,2003,3.35337%,18274.526
Individuals using the Internet,Morocco,2004,11.6079%,19143.416
Individuals using the Internet,Morocco,2005,15.0844%,19795.069
Individuals using the Internet,Morocco,2006,19.7712%,21347.84
Individuals using the Internet,Morocco,2007,21.5%,22606.878
Individuals using the Internet,Morocco,2008,33.1%,24717.339
Individuals using the Internet,Morocco,2009,41.3%,25483.483
Individuals using the Internet,Morocco,2010,52.0%,26385.246
Individuals using the Internet,Morocco,2011,46.1075%,27241.413
Individuals using the Internet,Morocco,2012,55.4161%,27824.246
Individuals using the Internet,Morocco,2013,56.0%,29113.308
Individuals using the Internet,Morocco,2014,56.7746%,29586.8
Individuals using the Internet,Morocco,2015,57.08%,31593.231
Individuals using the Internet,Morocco,2016,58.2712%,31729.318
Individuals using the Internet,Morocco,2017,61.7622%,32964.966
Individuals using the Internet,Morocco,2018,64.8039%,33936.315
Individuals using the Internet,Morocco,2019,84.1204%,34839.576
Individuals using the Internet,Morocco,2020,84.1204%,32056.019
Individuals using the Internet,Morocco,2021,88.1303%,35154.435
Individuals using the Internet,Morocco,2022,89.9%,36365.939
Individuals using the Internet,Morocco,2023,91.0%,39969.829
Individuals using the Internet,Malawi,2000,0.126781%,20999.256
Individuals using the Internet,Malawi,2001,0.164021%,24437.211
Individuals using the Internet,Malawi,2002,0.215095%,29456.623
Individuals using the Internet,Malawi,2003,0.278815%,33610.725
Individuals using the Internet,Malawi,2004,0.347505%,39822.754
Individuals using the Internet,Malawi,2005,0.384489%,44642.163
Individuals using the Internet,Malawi,2006,0.425137%,54523.625
Individuals using the Internet,Malawi,2007,0.965865%,60497.543
Individuals using the Internet,Malawi,2008,0.7%,70913.45
Individuals using the Internet,Malawi,2009,1.07%,80567.439
Individuals using the Internet,Malawi,2010,2.26%,93845.149
Individuals using the Internet,Malawi,2011,3.33%,109108.725
Individuals using the Internet,Malawi,2012,4.3506%,127132.514
Individuals using the Internet,Malawi,2013,5.05%,165489.779
Individuals using the Internet,Malawi,2014,5.83%,205533.664
Individuals using the Internet,Malawi,2015,6.0%,248671.391
Individuals using the Internet,Malawi,2016,6.3%,297983.508
Individuals using the Internet,Malawi,2017,7.0%,340722.806
Individuals using the Internet,Malawi,2018,8.79829%,366919.369
Individuals using the Internet,Malawi,2019,11.0586%,405143.406
Individuals using the Internet,Malawi,2020,13.8995%,422330.844
Individuals using the Internet,Malawi,2021,17.4703%,464534.983
Individuals using the Internet,Malawi,2022,17.0457%,533917.544
Individuals using the Internet,Malawi,2023,17.9881%,680837.64
Individuals using the Internet,Nicaragua,2000,0.980216%,13074.94
Individuals using the Internet,Nicaragua,2001,1.4488%,14146.742
Individuals using the Internet,Nicaragua,2002,1.71473%,14420.974
Individuals using the Internet,Nicaragua,2003,1.88041%,15260.957
Individuals using the Internet,Nicaragua,2004,2.32066%,17177.022
Individuals using the Internet,Nicaragua,2005,2.56635%,19290.203
Individuals using the Internet,Nicaragua,2006,2.80557%,21518.412
Individuals using the Internet,Nicaragua,2007,3.9%,24474.877
Individuals using the Internet,Nicaragua,2008,5.3%,29036.157
Individuals using the Internet,Nicaragua,2009,7.3%,29255.795
Individuals using the Internet,Nicaragua,2010,10.0%,32014.761
Individuals using the Internet,Nicaragua,2011,10.6%,37047.176
Individuals using the Internet,Nicaragua,2012,13.5%,40692.09
Individuals using the Internet,Nicaragua,2013,15.5%,44094.55
Individuals using the Internet,Nicaragua,2014,17.6%,49566.558
Individuals using the Internet,Nicaragua,2015,19.7043%,55307.516
Individuals using the Internet,Nicaragua,2016,24.5718%,59860.02
Individuals using the Internet,Nicaragua,2017,30.4%,64544.529
Individuals using the Internet,Nicaragua,2018,33.913%,63450.449
Individuals using the Internet,Nicaragua,2019,37.8319%,64189.391
Individuals using the Internet,Nicaragua,2020,42.2037%,66077.886
Individuals using the Internet,Nicaragua,2021,47.0806%,74700.403
Individuals using the Internet,Nicaragua,2022,49.1307%,82874.042
Individuals using the Internet,Nicaragua,2023,58.2314%,94771.217
Individuals using the Internet,Niger,2000,0.0362613%,140044.358
Individuals using the Internet,Niger,2001,0.105185%,152168.611
Individuals using the Internet,Niger,2002,0.127152%,157878.84
Individuals using the Internet,Niger,2003,0.155699%,155109.405
Individuals using the Internet,Niger,2004,0.189934%,150565.125
Individuals using the Internet,Niger,2005,0.221341%,169116.795
Individuals using the Internet,Niger,2006,0.294034%,175178.794
Individuals using the Internet,Niger,2007,0.390391%,186289.848
Individuals using the Internet,Niger,2008,0.7%,212886.643
Individuals using the Internet,Niger,2009,0.76%,217638.458
Individuals using the Internet,Niger,2010,0.83%,235361.64
Individuals using the Internet,Niger,2011,0.9%,241081.416
Individuals using the Internet,Niger,2012,1.05%,269872.878
Individuals using the Internet,Niger,2013,1.15%,272409.834
Individuals using the Internet,Niger,2014,1.24868%,277858.427
Individuals using the Internet,Niger,2015,2.47622%,286219.851
Individuals using the Internet,Niger,2016,4.32276%,295130.597
Individuals using the Internet,Niger,2017,10.2243%,300647.449
Individuals using the Internet,Niger,2019,16.6119%,324653.289
Individuals using the Internet,Niger,2020,17.0375%,326809.079
Individuals using the Internet,Niger,2021,17.474%,329108.418
Individuals using the Internet,Niger,2022,23.2982%,368860.85
Individuals using the Internet,Niger,2023,23.1879%,376648.218
Individuals using the Internet,Nigeria,2000,0.0640808%,77768.684
Individuals using the Internet,Nigeria,2001,0.0899014%,89105.09
Individuals using the Internet,Nigeria,2002,0.320462%,120610.095
Individuals using the Internet,Nigeria,2003,0.558576%,137545.56
Individuals using the Internet,Nigeria,2004,1.28614%,174020.749
Individuals using the Internet,Nigeria,2005,3.54916%,217378.749
Individuals using the Internet,Nigeria,2006,5.54504%,271823.829
Individuals using the Internet,Nigeria,2007,6.77%,304021.12
Individuals using the Internet,Nigeria,2008,8.0%,350547.13
Individuals using the Internet,Nigeria,2009,9.3%,385181.99
Individuals using the Internet,Nigeria,2010,11.5%,468741.647
Individuals using the Internet,Nigeria,2011,13.8%,523526.452
Individuals using the Internet,Nigeria,2012,16.1%,580222.019
Individuals using the Internet,Nigeria,2013,19.1%,630098.565
Individuals using the Internet,Nigeria,2014,21.0%,682807.185
Individuals using the Internet,Nigeria,2015,22.5%,702936.286
Individuals using the Internet,Nigeria,2016,24.1%,739075.595
Individuals using the Internet,Nigeria,2017,25.9%,807982.546
Individuals using the Internet,Nigeria,2018,27.7%,887003.519
Individuals using the Internet,Nigeria,2019,29.7%,979018.918
Individuals using the Internet,Nigeria,2020,31.8888%,998318.62
Individuals using the Internet,Nigeria,2021,35.5098%,1113364.027
Individuals using the Internet,Nigeria,2022,37.6975%,1228916.022
Individuals using the Internet,Nigeria,2023,39.2136%,1378003.904
Individuals using the Internet,Namibia,2000,1.64474%,15200.776
Individuals using the Internet,Namibia,2001,2.41698%,16734.261
Individuals using the Internet,Namibia,2002,2.6337%,19048.753
Individuals using the Internet,Namibia,2003,3.35984%,19750.417
Individuals using the Internet,Namibia,2004,3.80472%,22301.66
Individuals using the Internet,Namibia,2005,4.01005%,23843.713
Individuals using the Internet,Namibia,2006,4.39887%,26368.599
Individuals using the Internet,Namibia,2007,4.83561%,30717.219
Individuals using the Internet,Namibia,2008,5.329%,34496.972
Individuals using the Internet,Namibia,2009,6.5%,36480.836
Individuals using the Internet,Namibia,2010,11.6%,39463.703
Individuals using the Internet,Namibia,2011,12.0%,42372.074
Individuals using the Internet,Namibia,2012,12.9414%,49335.225
Individuals using the Internet,Namibia,2013,13.9%,52816.299
Individuals using the Internet,Namibia,2014,14.84%,59092.503
Individuals using the Internet,Namibia,2015,25.6879%,62334.562
Individuals using the Internet,Namibia,2016,31.0333%,65544.938
Individuals using the Internet,Namibia,2017,36.8374%,69396.193
Individuals using the Internet,Namibia,2018,42.8%,71247.528
Individuals using the Internet,Namibia,2019,49.8%,69342.466
Individuals using the Internet,Namibia,2020,57.8608%,64829.42
Individuals using the Internet,Namibia,2021,60.26%,66175.121
Individuals using the Internet,Namibia,2022,61.1485%,72102.194
Individuals using the Internet,Namibia,2023,64.4061%,78170.734
Individuals using the Internet,Norway,2000,52.0%,335302.61
Individuals using the Internet,Norway,2001,64.0%,346662.823
Individuals using the Internet,Norway,2002,72.84%,343972.096
Individuals using the Internet,Norway,2003,78.13%,355154.383
Individuals using the Internet,Norway,2004,77.69%,388789.838
Individuals using the Internet,Norway,2005,81.99%,431158.174
Individuals using the Internet,Norway,2006,82.55%,476227.19
Individuals using the Internet,Norway,2007,86.93%,499865.3
Individuals using the Internet,Norway,2008,90.57%,547756.736
Individuals using the Internet,Norway,2009,92.08%,503794.183
Individuals using the Internet,Norway,2010,93.39%,530821.713
Individuals using the Internet,Norway,2011,93.49%,565033.705
Individuals using the Internet,Norway,2012,94.65%,592100.413
Individuals using the Internet,Norway,2013,95.0534%,606387.968
Individuals using the Internet,Norway,2014,96.3005%,613169.213
Individuals using the Internet,Norway,2015,96.8103%,601329.88
Individuals using the Internet,Norway,2016,97.2982%,593285.703
Individuals using the Internet,Norway,2017,96.3576%,628151.624
Individuals using the Internet,Norway,2018,96.4917%,671793.015
Individuals using the Internet,Norway,2019,98.0%,671472.593
Individuals using the Internet,Norway,2020,94.6076%,642868.631
Individuals using the Internet,Norway,2021,99.0%,798485.587
Individuals using the Internet,Norway,2022,99.0%,1047060.038
Individuals using the Internet,Norway,2023,99.0%,921927.063
Individuals using the Internet,New Zealand,2000,47.3796%,30657.479
Individuals using the Internet,New Zealand,2001,53.241%,32495.69
Individuals using the Internet,New Zealand,2002,59.0808%,33834.784
Individuals using the Internet,New Zealand,2003,60.9625%,35139.161
Individuals using the Internet,New Zealand,2004,61.8476%,37422.897
Individuals using the Internet,New Zealand,2005,62.7202%,38879.11
Individuals using the Internet,New Zealand,2006,69.0%,40369.866
Individuals using the Internet,New Zealand,2007,69.76%,43349.108
Individuals using the Internet,New Zealand,2008,72.03%,44526.513
Individuals using the Internet,New Zealand,2009,79.7%,44684.894
Individuals using the Internet,New Zealand,2010,80.46%,46415.575
Individuals using the Internet,New Zealand,2011,81.23%,48170.668
Individuals using the Internet,New Zealand,2012,81.6445%,49049.131
Individuals using the Internet,New Zealand,2013,82.78%,51329.465
Individuals using the Internet,New Zealand,2014,84.0%,53341.372
Individuals using the Internet,New Zealand,2015,85.2%,54625.073
Individuals using the Internet,New Zealand,2016,86.5%,56607.23
Individuals using the Internet,New Zealand,2017,87.7%,59548.494
Individuals using the Internet,New Zealand,2018,89.0%,61760.253
Individuals using the Internet,New Zealand,2019,89.8637%,64307.071
Individuals using the Internet,New Zealand,2020,95.2342%,63907.699
Individuals using the Internet,New Zealand,2021,96.1151%,69437.084
Individuals using the Internet,New Zealand,2022,96.1942%,75757.715
Individuals using the Internet,New Zealand,2023,96.1638%,79443.481
Individuals using the Internet,Oman,2000,3.52042%,3562.915
Individuals using the Internet,Oman,2001,5.89384%,3494.418
Individuals using the Internet,Oman,2002,6.8734%,3570.214
Individuals using the Internet,Oman,2003,7.25574%,3765.269
Individuals using the Internet,Oman,2004,6.75885%,4245.854
Individuals using the Internet,Oman,2005,6.68358%,5215.149
Individuals using the Internet,Oman,2006,8.29972%,6131.373
Individuals using the Internet,Oman,2007,16.68%,6811.964
Individuals using the Internet,Oman,2008,20.0%,9636.053
Individuals using the Internet,Oman,2009,26.8%,7396.194
Individuals using the Internet,Oman,2010,35.8278%,8335.111
Individuals using the Internet,Oman,2011,48.0%,9042.891
Individuals using the Internet,Oman,2012,60.0%,9277.605
Individuals using the Internet,Oman,2013,66.45%,8969.804
Individuals using the Internet,Oman,2014,70.22%,8927.972
Individuals using the Internet,Oman,2015,73.53%,7276.651
Individuals using the Internet,Oman,2016,76.8454%,6544.339
Individuals using the Internet,Oman,2017,80.1856%,6817.896
Individuals using the Internet,Oman,2018,85.5%,7645.887
Individuals using the Internet,Oman,2019,90.2594%,7332.157
Individuals using the Internet,Oman,2020,95.2323%,6565.845
Individuals using the Internet,Oman,2021,95.2388%,7481.829
Individuals using the Internet,Oman,2022,95.2453%,8560.947
Individuals using the Internet,Oman,2023,95.2517%,7881.715
Individuals using the Internet,Oman,2024,95.2517%,7712.811
Individuals using the Internet,Pakistan,2001,1.31855%,40727.429
Individuals using the Internet,Pakistan,2002,2.57743%,42382.042
Individuals using the Internet,Pakistan,2003,5.04116%,45147.64
Individuals using the Internet,Pakistan,2004,6.16432%,50961.958
Individuals using the Internet,Pakistan,2005,6.33233%,56320.125
Individuals using the Internet,Pakistan,2006,6.5%,61788.604
Individuals using the Internet,Pakistan,2007,6.8%,69491.716
Individuals using the Internet,Pakistan,2008,7.0%,76821.582
Individuals using the Internet,Pakistan,2009,7.5%,87175.873
Individuals using the Internet,Pakistan,2010,8.0%,95493.77
Individuals using the Internet,Pakistan,2011,8.0%,111392.932
Individuals using the Internet,Pakistan,2012,8.1%,123097.394
Individuals using the Internet,Pakistan,2013,9.0%,134628.079
Individuals using the Internet,Pakistan,2014,10.0%,146641.564
Individuals using the Internet,Pakistan,2015,11.0%,155750.601
Individuals using the Internet,Pakistan,2016,12.3854%,163469.949
Individuals using the Internet,Pakistan,2017,13.78%,173284.686
Individuals using the Internet,Pakistan,2018,15.34%,186840.572
Individuals using the Internet,Pakistan,2019,17.0709%,204713.255
Individuals using the Internet,Pakistan,2020,18.9348%,217835.452
Individuals using the Internet,Pakistan,2021,21.4107%,250847.859
Individuals using the Internet,Pakistan,2022,24.2103%,293646.996
Individuals using the Internet,Pakistan,2023,27.3759%,361420.739
Individuals using the Internet,Philippines,2000,1.98225%,48051.397
Individuals using the Internet,Philippines,2001,2.52401%,51194.492
Individuals using the Internet,Philippines,2002,4.33228%,54199.066
Individuals using the Internet,Philippines,2003,4.85767%,57597.497
Individuals using the Internet,Philippines,2004,5.24363%,63721.173
Individuals using the Internet,Philippines,2005,5.39764%,69476.107
Individuals using the Internet,Philippines,2006,5.74059%,75474.329
Individuals using the Internet,Philippines,2007,5.97%,81437.301
Individuals using the Internet,Philippines,2008,6.22%,89466.537
Individuals using the Internet,Philippines,2009,9.0%,91638.499
Individuals using the Internet,Philippines,2010,25.0%,100917.447
Individuals using the Internet,Philippines,2011,29.0%,107124.203
Individuals using the Internet,Philippines,2012,30.8%,114915.21
Individuals using the Internet,Philippines,2013,32.7%,123229.297
Individuals using the Internet,Philippines,2014,34.7%,132985.883
Individuals using the Internet,Philippines,2015,36.9%,138293.752
Individuals using the Internet,Philippines,2016,39.2%,147589.798
Individuals using the Internet,Philippines,2017,41.6%,158938.764
Individuals using the Internet,Philippines,2018,44.1%,172704.151
Individuals using the Internet,Philippines,2019,43.0266%,181916.898
Individuals using the Internet,Philippines,2020,53.7649%,164391.712
Individuals using the Internet,Philippines,2021,66.9078%,176331.904
Individuals using the Internet,Philippines,2022,75.2111%,198560.267
Individuals using the Internet,Philippines,2023,83.7661%,217259.977
Individuals using the Internet,Papua New Guinea,2000,0.835249%,2803.069
Individuals using the Internet,Papua New Guinea,2001,0.904104%,2921.408
Individuals using the Internet,Papua New Guinea,2002,1.32166%,3173.44
Individuals using the Internet,Papua New Guinea,2003,1.3744%,3546.616
Individuals using the Internet,Papua New Guinea,2004,1.50791%,3583.281
Individuals using the Internet,Papua New Guinea,2005,1.71619%,3938.006
Individuals using the Internet,Papua New Guinea,2006,1.75449%,4315.808
Individuals using the Internet,Papua New Guinea,2007,1.79056%,4673.857
Individuals using the Internet,Papua New Guinea,2008,1.15%,5085.691
Individuals using the Internet,Papua New Guinea,2009,1.61%,5050.425
Individuals using the Internet,Papua New Guinea,2010,1.28%,5750.942
Individuals using the Internet,Papua New Guinea,2011,2.0%,5878.084
Individuals using the Internet,Papua New Guinea,2012,3.5%,5826.953
Individuals using the Internet,Papua New Guinea,2013,5.1%,5970.204
Individuals using the Internet,Papua New Guinea,2014,6.5%,6809.049
Individuals using the Internet,Papua New Guinea,2015,7.9%,6828.317
Individuals using the Internet,Papua New Guinea,2016,9.60154%,7035.025
Individuals using the Internet,Papua New Guinea,2017,11.2092%,7473.162
Individuals using the Internet,Papua New Guinea,2019,19.9783%,7841.287
Individuals using the Internet,Papua New Guinea,2020,24.3969%,7351.739
Individuals using the Internet,Papua New Guinea,2021,23.2437%,7777.047
Individuals using the Internet,Papua New Guinea,2022,23.7315%,9260.546
Individuals using the Internet,Papua New Guinea,2023,24.0667%,9006.913
Individuals using the Internet,Panama,2000,6.5548%,4262.875
Individuals using the Internet,Panama,2001,7.2684%,4245.513
Individuals using the Internet,Panama,2002,8.51808%,4326.094
Individuals using the Internet,Panama,2003,9.98742%,4471.169
Individuals using the Internet,Panama,2004,11.1409%,4809.254
Individuals using the Internet,Panama,2005,11.484%,5147.753
Individuals using the Internet,Panama,2006,17.3496%,5600.145
Individuals using the Internet,Panama,2007,22.29%,6352.288
Individuals using the Internet,Panama,2008,33.82%,7371.628
Individuals using the Internet,Panama,2009,39.08%,7809.319
Individuals using the Internet,Panama,2010,40.1%,8335.338
Individuals using the Internet,Panama,2011,42.7%,9657.132
Individuals using the Internet,Panama,2012,40.3019%,11066.924
Individuals using the Internet,Panama,2013,44.03%,12277.247
Individuals using the Internet,Panama,2014,44.9238%,13225.949
Individuals using the Internet,Panama,2015,51.2054%,14106.829
Individuals using the Internet,Panama,2016,54.0%,14871.432
Individuals using the Internet,Panama,2017,59.9506%,15736.315
Individuals using the Internet,Panama,2018,61.8055%,16186.562
Individuals using the Internet,Panama,2019,63.6284%,16539.98
Individuals using the Internet,Panama,2020,70.0097%,13336.403
Individuals using the Internet,Panama,2021,77.031%,15538.412
Individuals using the Internet,Panama,2022,77.7041%,17399.794
Individuals using the Internet,Panama,2023,68.5485%,18822.262
Individuals using the Internet,Portugal,2000,16.4305%,12479.665
Individuals using the Internet,Portugal,2001,18.0871%,13102.265
Individuals using the Internet,Portugal,2002,19.37%,13681.311
Individuals using the Internet,Portugal,2003,29.67%,13965.992
Individuals using the Internet,Portugal,2004,31.78%,14522.17
Individuals using the Internet,Portugal,2005,34.99%,15095.47
Individuals using the Internet,Portugal,2006,38.01%,15800.781
Individuals using the Internet,Portugal,2007,42.09%,16644.605
Individuals using the Internet,Portugal,2008,44.13%,16963.416
Individuals using the Internet,Portugal,2009,48.27%,16598.443
Individuals using the Internet,Portugal,2010,53.3%,17011.132
Individuals using the Internet,Portugal,2011,55.25%,16673.813
Individuals using the Internet,Portugal,2012,60.34%,16003.416
Individuals using the Internet,Portugal,2013,62.0956%,16295.185
Individuals using the Internet,Portugal,2014,64.5924%,16621.217
Individuals using the Internet,Portugal,2015,68.6329%,17279.461
Individuals using the Internet,Portugal,2016,70.4236%,17996.47
Individuals using the Internet,Portugal,2017,73.7912%,18907.817
Individuals using the Internet,Portugal,2018,74.661%,19835.988
Individuals using the Internet,Portugal,2019,75.3464%,20714.755
Individuals using the Internet,Portugal,2020,78.2617%,19358.277
Individuals using the Internet,Portugal,2021,82.309%,20801.281
Individuals using the Internet,Portugal,2022,84.4969%,23303.098
Individuals using the Internet,Portugal,2023,85.7901%,25327.935
Individuals using the Internet,Portugal,2024,88.487%,26695.979
Individuals using the Internet,Paraguay,2000,0.747631%,6109059.605
Individuals using the Internet,Paraguay,2001,1.09879%,6776176.321
Individuals using the Internet,Paraguay,2002,1.79497%,7869152.744
Individuals using the Internet,Paraguay,2003,2.11194%,9331472.973
Individuals using the Internet,Paraguay,2004,3.45244%,10732631.002
Individuals using the Internet,Paraguay,2005,7.90701%,12242086.787
Individuals using the Internet,Paraguay,2006,7.96207%,13816764.253
Individuals using the Internet,Paraguay,2007,11.21%,16242502.862
Individuals using the Internet,Paraguay,2008,14.27%,19227273.93
Individuals using the Internet,Paraguay,2009,18.9%,19682339.949
Individuals using the Internet,Paraguay,2010,19.8%,22642598.966
Individuals using the Internet,Paraguay,2011,24.7635%,24501451.507
Individuals using the Internet,Paraguay,2012,29.34%,25146820.562
Individuals using the Internet,Paraguay,2013,36.9%,28008114.166
Individuals using the Internet,Paraguay,2014,43.0074%,29901872.383
Individuals using the Internet,Paraguay,2015,49.7163%,30826611.911
Individuals using the Internet,Paraguay,2016,53.4041%,32985838.076
Individuals using the Internet,Paraguay,2017,61.0758%,34813602.076
Individuals using the Internet,Paraguay,2018,64.9935%,36122599.618
Individuals using the Internet,Paraguay,2019,68.5176%,36572336.614
Individuals using the Internet,Paraguay,2020,73.9575%,36580636.872
Individuals using the Internet,Paraguay,2021,77.0184%,40703179.864
Individuals using the Internet,Paraguay,2022,76.2592%,43597151.797
Individuals using the Internet,Paraguay,2023,78.0948%,46207567.656
Individuals using the Internet,Paraguay,2024,81.5781%,48805837.515
Individuals using the Internet,Peru,2000,3.07643%,6663.964
Individuals using the Internet,Peru,2001,7.57876%,6699.42
Individuals using the Internet,Peru,2002,8.96695%,7027.742
Individuals using the Internet,Peru,2003,11.6%,7470.629
Individuals using the Internet,Peru,2004,14.1%,8209.37
Individuals using the Internet,Peru,2005,17.1%,8825.157
Individuals using the Internet,Peru,2006,20.7%,10249.293
Individuals using the Internet,Peru,2007,25.2%,11368.075
Individuals using the Internet,Peru,2008,30.57%,12495.654
Individuals using the Internet,Peru,2009,31.4%,12919.817
Individuals using the Internet,Peru,2010,34.77%,14698.149
Individuals using the Internet,Peru,2011,36.01%,16260.949
Individuals using the Internet,Peru,2012,38.2%,17486.484
Individuals using the Internet,Peru,2013,39.2%,18701.953
Individuals using the Internet,Peru,2014,40.2447%,19572.967
Individuals using the Internet,Peru,2015,40.8526%,20667.034
Individuals using the Internet,Peru,2016,45.4617%,22073.431
Individuals using the Internet,Peru,2017,50.4504%,23111.093
Individuals using the Internet,Peru,2018,55.0543%,23935.746
Individuals using the Internet,Peru,2019,59.9505%,24552.675
Individuals using the Internet,Peru,2020,65.2518%,22497.609
Individuals using the Internet,Peru,2021,71.1078%,26995.52
Individuals using the Internet,Peru,2022,74.675%,28496.422
Individuals using the Internet,Peru,2023,79.4848%,30162.726
Individuals using the Internet,Peru,2024,81.9571%,32471.819
Individuals using the Internet,Puerto Rico,2000,10.4746%,16192.127
Individuals using the Internet,Puerto Rico,2001,15.63%,18243.709
Individuals using the Internet,Puerto Rico,2002,17.5476%,18972.77
Individuals using the Internet,Puerto Rico,2003,19.707%,19820.208
Individuals using the Internet,Puerto Rico,2004,22.1307%,20988.989
Individuals using the Internet,Puerto Rico,2005,23.4001%,21959.317
Individuals using the Internet,Puerto Rico,2006,25.4424%,22935.951
Individuals using the Internet,Puerto Rico,2007,27.86%,23664.874
Individuals using the Internet,Puerto Rico,2008,38.0%,24898.335
Individuals using the Internet,Puerto Rico,2009,41.5%,25768.726
Individuals using the Internet,Puerto Rico,2010,45.3%,26435.742
Individuals using the Internet,Puerto Rico,2011,48.0%,27278.853
Individuals using the Internet,Puerto Rico,2012,69.0%,27944.742
Individuals using the Internet,Puerto Rico,2013,69.0%,28513.15
Individuals using the Internet,Puerto Rico,2014,76.1339%,28981.343
Individuals using the Internet,Puerto Rico,2015,63.4663%,29755.35
Individuals using the Internet,Puerto Rico,2016,68.6438%,30585.55
Individuals using the Internet,Puerto Rico,2017,68.7408%,31347.273
Individuals using the Internet,Puerto Rico,2018,70.8564%,31549.375
Individuals using the Internet,Puerto Rico,2019,77.7364%,32851.875
Individuals using the Internet,Puerto Rico,2021,84.7867%,33258.313
Individuals using the Internet,Puerto Rico,2022,87.2918%,35576.156
Individuals using the Internet,Qatar,2000,4.86368%,110879.171
Individuals using the Internet,Qatar,2001,6.17027%,104104.106
Individuals using the Internet,Qatar,2002,10.2261%,111752.115
Individuals using the Internet,Qatar,2003,19.2423%,130747.918
Individuals using the Internet,Qatar,2004,20.7016%,154875.138
Individuals using the Internet,Qatar,2005,24.7335%,197862.33
Individuals using the Internet,Qatar,2006,28.9741%,220554.065
Individuals using the Internet,Qatar,2007,37.0%,240000.729
Individuals using the Internet,Qatar,2008,44.3%,263844.069
Individuals using the Internet,Qatar,2009,53.1%,195915.387
Individuals using the Internet,Qatar,2010,69.0%,254057.944
Individuals using the Internet,Qatar,2011,69.0%,352453.401
Individuals using the Internet,Qatar,2012,69.3%,371036.547
Individuals using the Internet,Qatar,2013,85.3%,361016.619
Individuals using the Internet,Qatar,2014,91.49%,338717.072
Individuals using the Internet,Qatar,2015,92.8848%,241502.755
Individuals using the Internet,Qatar,2016,95.1247%,210993.974
Individuals using the Internet,Qatar,2017,97.3888%,215224.146
Individuals using the Internet,Qatar,2018,99.6528%,241774.685
Individuals using the Internet,Qatar,2019,99.6528%,229348.012
Individuals using the Internet,Qatar,2020,99.6528%,185503.497
Individuals using the Internet,Qatar,2021,99.6528%,238059.11
Individuals using the Internet,Qatar,2022,99.6528%,292602.825
Individuals using the Internet,Qatar,2023,99.6528%,253127.566
Individuals using the Internet,Romania,2000,3.61372%,3601.485
Individuals using the Internet,Romania,2001,4.53867%,5233.571
Individuals using the Internet,Romania,2002,6.58%,6974.219
Individuals using the Internet,Romania,2003,8.9%,8873.773
Individuals using the Internet,Romania,2004,15.0%,11369.671
Individuals using the Internet,Romania,2005,21.5%,13415.824
Individuals using the Internet,Romania,2006,24.66%,16124.681
Individuals using the Internet,Romania,2007,28.3%,20145.81
Individuals using the Internet,Romania,2008,32.42%,26160.376
Individuals using the Internet,Romania,2009,36.6%,25974.172
Individuals using the Internet,Romania,2010,39.93%,26630.005
Individuals using the Internet,Romania,2011,40.01%,29072.394
Individuals using the Internet,Romania,2012,45.88%,30912.362
Individuals using the Internet,Romania,2013,49.7645%,31550.033
Individuals using the Internet,Romania,2014,54.0783%,33533.593
Individuals using the Internet,Romania,2015,55.7632%,35859.356
Individuals using the Internet,Romania,2016,59.504%,38062.087
Individuals using the Internet,Romania,2017,63.7473%,43352.821
Individuals using the Internet,Romania,2018,70.6813%,49128.995
Individuals using the Internet,Romania,2019,73.6575%,54937.851
Individuals using the Internet,Romania,2020,78.4553%,55338.526
Individuals using the Internet,Romania,2021,83.5904%,62092.792
Individuals using the Internet,Romania,2022,85.5031%,72965.907
Individuals using the Internet,Romania,2023,89.2034%,84208.452
Individuals using the Internet,Romania,2024,91.2905%,92912.244
Individuals using the Internet,Rwanda,2000,0.0628315%,104675.325
Individuals using the Internet,Rwanda,2001,0.240672%,110253.165
Individuals using the Internet,Rwanda,2002,0.292785%,115432.099
Individuals using the Internet,Rwanda,2003,0.356918%,138554.217
Individuals using the Internet,Rwanda,2004,0.430854%,159534.884
Individuals using the Internet,Rwanda,2005,0.556041%,186022.727
Individuals using the Internet,Rwanda,2007,2.11539%,241956.522
Individuals using the Internet,Rwanda,2008,4.5%,298210.526
Individuals using the Internet,Rwanda,2009,7.7%,332474.227
Individuals using the Internet,Rwanda,2010,8.0%,357100.0
Individuals using the Internet,Rwanda,2011,7.0%,405196.078
Individuals using the Internet,Rwanda,2012,8.02385%,448535.725
Individuals using the Internet,Rwanda,2013,9.0%,470988.172
Individuals using the Internet,Rwanda,2014,10.6%,511321.269
Individuals using the Internet,Rwanda,2015,12.5%,546035.692
Individuals using the Internet,Rwanda,2016,14.6%,593514.263
Individuals using the Internet,Rwanda,2017,17.2%,651536.963
Individuals using the Internet,Rwanda,2018,19.2%,686435.07
Individuals using the Internet,Rwanda,2019,21.358%,752222.402
Individuals using the Internet,Rwanda,2020,23.8%,757877.28
Individuals using the Internet,Rwanda,2021,24.4416%,844627.972
Individuals using the Internet,Rwanda,2022,31.2252%,1035784.388
Individuals using the Internet,Rwanda,2023,34.2005%,1231646.789
Individuals using the Internet,Russian Federation,2000,1.97723%,53394.524
Individuals using the Internet,Russian Federation,2001,2.94437%,65644.41
Individuals using the Internet,Russian Federation,2002,4.12827%,79862.017
Individuals using the Internet,Russian Federation,2003,8.29886%,97837.99
Individuals using the Internet,Russian Federation,2004,12.8594%,126634.968
Individuals using the Internet,Russian Federation,2005,15.2267%,161330.068
Individuals using the Internet,Russian Federation,2006,18.0233%,201612.256
Individuals using the Internet,Russian Federation,2007,24.66%,249452.971
Individuals using the Internet,Russian Federation,2008,32.0%,309833.172
Individuals using the Internet,Russian Federation,2009,42.55%,291207.468
Individuals using the Internet,Russian Federation,2010,49.0%,347342.071
Individuals using the Internet,Russian Federation,2011,58.0%,420324.148
Individuals using the Internet,Russian Federation,2012,66.0%,474990.847
Individuals using the Internet,Russian Federation,2013,67.97%,507530.178
Individuals using the Internet,Russian Federation,2014,70.5176%,539424.119
Individuals using the Internet,Russian Federation,2015,70.0992%,565361.826
Individuals using the Internet,Russian Federation,2016,73.0914%,580916.041
Individuals using the Internet,Russian Federation,2017,76.0081%,621870.532
Individuals using the Internet,Russian Federation,2018,80.8647%,702627.739
Individuals using the Internet,Russian Federation,2019,82.6422%,741097.434
Individuals using the Internet,Russian Federation,2020,84.9947%,728860.204
Individuals using the Internet,Russian Federation,2021,88.2138%,915156.814
Individuals using the Internet,Russian Federation,2022,90.418%,1069708.398
Individuals using the Internet,Russian Federation,2023,92.245%,1205841.866
Individuals using the Internet,Russian Federation,2024,94.365%,1376477.9
Individuals using the Internet,Sweden,2000,45.6877%,271173.185
Individuals using the Internet,Sweden,2001,51.7657%,281148.054
Individuals using the Internet,Sweden,2002,70.57%,291185.408
Individuals using the Internet,Sweden,2003,79.13%,300970.29
Individuals using the Internet,Sweden,2004,83.89%,313601.495
Individuals using the Internet,Sweden,2005,84.83%,323519.809
Individuals using the Internet,Sweden,2006,87.76%,342083.955
Individuals using the Internet,Sweden,2007,82.01%,360684.017
Individuals using the Internet,Sweden,2008,90.0%,366437.537
Individuals using the Internet,Sweden,2009,91.0%,355877.119
Individuals using the Internet,Sweden,2010,90.0%,377195.857
Individuals using the Internet,Sweden,2011,92.77%,390685.822
Individuals using the Internet,Sweden,2012,93.18%,389758.969
Individuals using the Internet,Sweden,2013,94.7836%,394507.999
Individuals using the Internet,Sweden,2014,92.5236%,406640.16
Individuals using the Internet,Sweden,2015,90.6102%,429492.305
Individuals using the Internet,Sweden,2016,89.6509%,439493.122
Individuals using the Internet,Sweden,2017,93.0063%,452075.553
Individuals using the Internet,Sweden,2018,89.247%,467033.294
Individuals using the Internet,Sweden,2019,94.4934%,486210.48
Individuals using the Internet,Sweden,2020,94.5394%,482966.81
Individuals using the Internet,Sweden,2021,94.6703%,518330.561
Individuals using the Internet,Sweden,2022,95.0097%,552809.394
Individuals using the Internet,Sweden,2023,95.7033%,582198.406
Individuals using the Internet,Sweden,2024,95.5293%,602570.622
Individuals using the Internet,Sudan,2000,0.025785%,1085.87
Individuals using the Internet,Sudan,2001,0.140185%,1274.563
Individuals using the Internet,Sudan,2002,0.439478%,1460.432
Individuals using the Internet,Sudan,2003,0.538472%,1658.744
Individuals using the Internet,Sudan,2004,0.791562%,1993.449
Individuals using the Internet,Sudan,2005,1.29204%,2427.964
Individuals using the Internet,Sudan,2007,8.66%,3224.946
Individuals using the Internet,Sudan,2016,14.1%,18787.292
Individuals using the Internet,Sudan,2017,18.6%,21732.925
Individuals using the Internet,Sudan,2018,24.6%,32452.288
Individuals using the Internet,Sudan,2019,25.9%,46611.583
Individuals using the Internet,Sudan,2020,26.4383%,115595.283
Individuals using the Internet,Senegal,2000,0.403967%,435877.649
Individuals using the Internet,Senegal,2001,0.983794%,474917.044
Individuals using the Internet,Senegal,2002,1.00645%,472635.024
Individuals using the Internet,Senegal,2003,2.10144%,482376.658
Individuals using the Internet,Senegal,2004,4.38602%,491567.659
Individuals using the Internet,Senegal,2005,4.78668%,523403.117
Individuals using the Internet,Senegal,2006,5.61174%,536913.215
Individuals using the Internet,Senegal,2007,6.89%,573120.569
Individuals using the Internet,Senegal,2008,7.12%,626161.426
Individuals using the Internet,Senegal,2009,7.5%,615584.812
Individuals using the Internet,Senegal,2010,8.0%,629172.159
Individuals using the Internet,Senegal,2011,9.8%,644090.57
Individuals using the Internet,Senegal,2012,10.8%,672800.78
Individuals using the Internet,Senegal,2013,13.1%,677959.079
Individuals using the Internet,Senegal,2014,17.7%,689609.757
Individuals using the Internet,Senegal,2015,21.7%,720834.519
Individuals using the Internet,Senegal,2016,25.6648%,752551.803
Individuals using the Internet,Senegal,2017,29.6431%,790681.374
Individuals using the Internet,Senegal,2018,35.3%,809879.374
Individuals using the Internet,Senegal,2019,43.4%,841463.88
Individuals using the Internet,Senegal,2020,53.3088%,842155.934
Individuals using the Internet,Senegal,2021,57.2554%,888637.439
Individuals using the Internet,Senegal,2022,59.2246%,977139.097
Individuals using the Internet,Senegal,2023,60.6122%,1025196.001
Individuals using the Internet,Seychelles,2000,7.39563%,43304.039
Individuals using the Internet,Seychelles,2001,11.0151%,44886.825
Individuals using the Internet,Seychelles,2002,14.3042%,46207.222
Individuals using the Internet,Seychelles,2003,14.5925%,46040.758
Individuals using the Internet,Seychelles,2004,24.2721%,55971.623
Individuals using the Internet,Seychelles,2005,25.4133%,61013.228
Individuals using the Internet,Seychelles,2006,34.952%,66315.883
Individuals using the Internet,Seychelles,2007,38.38%,81456.08
Individuals using the Internet,Seychelles,2008,40.44%,105192.959
Individuals using the Internet,Seychelles,2010,41.0%,130393.31
Individuals using the Internet,Seychelles,2011,43.164%,144202.085
Individuals using the Internet,Seychelles,2012,47.076%,164426.721
Individuals using the Internet,Seychelles,2013,50.4%,178040.067
Individuals using the Internet,Seychelles,2014,51.2547%,193609.825
Individuals using the Internet,Seychelles,2015,54.2596%,204747.488
Individuals using the Internet,Seychelles,2016,56.5147%,222728.029
Individuals using the Internet,Seychelles,2017,62.6%,242079.147
Individuals using the Internet,Seychelles,2018,69.2%,259922.963
Individuals using the Internet,Seychelles,2019,76.6%,272006.919
Individuals using the Internet,Seychelles,2020,84.8223%,250546.106
Individuals using the Internet,Seychelles,2021,87.3383%,256654.075
Individuals using the Internet,Seychelles,2022,87.0353%,291221.503
Individuals using the Internet,Seychelles,2023,87.4009%,307243.376
Individuals using the Internet,Solomon Islands,2000,0.481297%,5047.483
Individuals using the Internet,Solomon Islands,2001,0.468552%,4939.861
Individuals using the Internet,Solomon Islands,2002,0.50192%,5174.608
Individuals using the Internet,Solomon Islands,2003,0.55561%,5677.828
Individuals using the Internet,Solomon Islands,2004,0.649673%,6195.505
Individuals using the Internet,Solomon Islands,2005,0.844308%,7260.469
Individuals using the Internet,Solomon Islands,2006,1.64635%,8055.717
Individuals using the Internet,Solomon Islands,2007,2.0%,9073.803
Individuals using the Internet,Solomon Islands,2008,3.0%,10082.998
Individuals using the Internet,Solomon Islands,2009,4.0%,10749.211
Individuals using the Internet,Solomon Islands,2010,5.0%,12034.19
Individuals using the Internet,Solomon Islands,2011,6.0%,13752.083
Individuals using the Internet,Solomon Islands,2012,6.9974%,14546.566
Individuals using the Internet,Solomon Islands,2013,8.0%,15263.066
Individuals using the Internet,Solomon Islands,2014,9.0%,15607.036
Individuals using the Internet,Solomon Islands,2015,10.0005%,15998.525
Individuals using the Internet,Solomon Islands,2016,11.0009%,16538.185
Individuals using the Internet,Solomon Islands,2017,15.1%,17075.806
Individuals using the Internet,Solomon Islands,2018,20.9%,18489.601
Individuals using the Internet,Solomon Islands,2019,26.3406%,18620.337
Individuals using the Internet,Solomon Islands,2020,33.1974%,17400.791
Individuals using the Internet,Solomon Islands,2021,41.8392%,16534.382
Individuals using the Internet,Solomon Islands,2022,42.094%,16939.971
Individuals using the Internet,Solomon Islands,2023,42.4597%,18096.411
Individuals using the Internet,El Salvador,2000,1.1774%,1982.86
Individuals using the Internet,El Salvador,2001,1.5%,2058.03
Individuals using the Internet,El Salvador,2002,1.9%,2115.424
Individuals using the Internet,El Salvador,2003,2.5%,2207.832
Individuals using the Internet,El Salvador,2004,3.2%,2285.678
Individuals using the Internet,El Salvador,2005,4.2%,2447.382
Individuals using the Internet,El Salvador,2006,5.5%,2665.625
Individuals using the Internet,El Salvador,2007,6.11%,2830.668
Individuals using the Internet,El Salvador,2008,10.08%,2983.245
Individuals using the Internet,El Salvador,2009,12.11%,2910.176
Individuals using the Internet,El Salvador,2010,15.9%,3040.099
Individuals using the Internet,El Salvador,2011,18.9%,3330.617
Individuals using the Internet,El Salvador,2012,20.3214%,3497.9
Individuals using the Internet,El Salvador,2013,23.1093%,3582.29
Individuals using the Internet,El Salvador,2014,24.7617%,3665.986
Individuals using the Internet,El Salvador,2015,26.8026%,3790.326
Individuals using the Internet,El Salvador,2016,28.9971%,3901.339
Individuals using the Internet,El Salvador,2017,33.8207%,4020.148
Individuals using the Internet,El Salvador,2018,43.8%,4183.551
Individuals using the Internet,El Salvador,2019,50.4912%,4320.128
Individuals using the Internet,El Salvador,2020,54.6014%,3997.174
Individuals using the Internet,El Salvador,2021,61.7527%,4642.594
Individuals using the Internet,El Salvador,2022,65.5298%,5074.617
Individuals using the Internet,El Salvador,2023,67.6558%,5365.465
Individuals using the Internet,Samoa,2000,0.566393%,4834.051
Individuals using the Internet,Samoa,2001,1.6899%,5337.318
Individuals using the Internet,Samoa,2002,2.24483%,5689.556
Individuals using the Internet,Samoa,2003,2.79963%,6101.584
Individuals using the Internet,Samoa,2004,3.07553%,6692.746
Individuals using the Internet,Samoa,2005,3.35259%,7375.766
Individuals using the Internet,Samoa,2006,4.46917%,7879.818
Individuals using the Internet,Samoa,2007,4.74998%,8456.329
Individuals using the Internet,Samoa,2008,5.03162%,9491.8
Individuals using the Internet,Samoa,2009,6.0%,9531.811
Individuals using the Internet,Samoa,2010,7.0%,9284.191
Individuals using the Internet,Samoa,2011,11.0%,9476.105
Individuals using the Internet,Samoa,2012,12.9225%,9408.455
Individuals using the Internet,Samoa,2013,15.3%,9557.501
Individuals using the Internet,Samoa,2014,21.2%,9646.025
Individuals using the Internet,Samoa,2015,25.407%,10328.198
Individuals using the Internet,Samoa,2016,31.7%,11305.385
Individuals using the Internet,Samoa,2017,39.4%,11400.796
Individuals using the Internet,Samoa,2018,43.1336%,11268.783
Individuals using the Internet,Samoa,2019,47.2211%,11646.95
Individuals using the Internet,Samoa,2020,51.6959%,11622.245
Individuals using the Internet,Samoa,2021,56.5947%,10832.015
Individuals using the Internet,Samoa,2022,57.3288%,11220.037
Individuals using the Internet,Samoa,2023,58.1386%,13678.239
Individuals using the Internet,Singapore,2000,36.0%,41121.412
Individuals using the Internet,Singapore,2001,41.6704%,38879.926
Individuals using the Internet,Singapore,2002,47.0%,39679.139
Individuals using the Internet,Singapore,2003,53.8379%,41342.672
Individuals using the Internet,Singapore,2004,62.0%,46663.95
Individuals using the Internet,Singapore,2005,61.0%,49867.527
Individuals using the Internet,Singapore,2006,59.0%,53655.809
Individuals using the Internet,Singapore,2007,69.9%,59429.381
Individuals using the Internet,Singapore,2008,69.0%,56606.568
Individuals using the Internet,Singapore,2009,69.0%,56619.622
Individuals using the Internet,Singapore,2010,71.0%,64407.595
Individuals using the Internet,Singapore,2011,71.0%,67783.381
Individuals using the Internet,Singapore,2012,72.0%,69416.447
Individuals using the Internet,Singapore,2013,80.9021%,71283.34
Individuals using the Internet,Singapore,2014,79.0292%,72937.483
Individuals using the Internet,Singapore,2015,79.013%,76502.971
Individuals using the Internet,Singapore,2016,84.4523%,78755.843
Individuals using the Internet,Singapore,2017,84.4523%,84562.67
Individuals using the Internet,Singapore,2018,88.1656%,90212.72
Individuals using the Internet,Singapore,2019,88.9493%,89969.0
Individuals using the Internet,Singapore,2020,92.0043%,84730.066
Individuals using the Internet,Singapore,2021,96.9247%,107554.048
Individuals using the Internet,Singapore,2022,95.9539%,124492.347
Individuals using the Internet,Singapore,2023,94.2852%,114688.724
Individuals using the Internet,Singapore,2024,94.3776%,121161.68
Individuals using the Internet,Somalia,2012,1.3767%,437.51
Individuals using the Internet,Somalia,2013,1.5%,481.924
Individuals using the Internet,Somalia,2014,1.63%,514.688
Individuals using the Internet,Somalia,2015,1.76%,531.556
Individuals using the Internet,Somalia,2016,1.88%,558.643
Individuals using the Internet,Somalia,2017,2.00405%,606.778
Individuals using the Internet,Somalia,2020,15.0237%,583.956
Individuals using the Internet,Somalia,2022,27.6%,653.449
Individuals using the Internet,Sierra Leone,2000,0.118254%,674116.87
Individuals using the Internet,Sierra Leone,2001,0.160264%,725378.698
Individuals using the Internet,Sierra Leone,2002,0.176199%,842569.024
Individuals using the Internet,Sierra Leone,2003,0.190173%,1010218.67
Individuals using the Internet,Sierra Leone,2004,0.203008%,1187932.22
Individuals using the Internet,Sierra Leone,2005,0.215392%,1439218.118
Individuals using the Internet,Sierra Leone,2006,0.227669%,1656340.485
Individuals using the Internet,Sierra Leone,2007,0.239835%,1791554.801
Individuals using the Internet,Sierra Leone,2008,0.25%,1981228.15
Individuals using the Internet,Sierra Leone,2009,0.26%,2121829.363
Individuals using the Internet,Sierra Leone,2010,0.58%,2668390.391
Individuals using the Internet,Sierra Leone,2011,0.9%,3267523.735
Individuals using the Internet,Sierra Leone,2012,2.5%,3810159.325
Individuals using the Internet,Sierra Leone,2013,4.0%,4350593.567
Individuals using the Internet,Sierra Leone,2014,6.0573%,4297255.922
Individuals using the Internet,Sierra Leone,2015,6.34442%,4868583.453
Individuals using the Internet,Sierra Leone,2016,11.7732%,5269231.627
Individuals using the Internet,Sierra Leone,2017,13.2369%,5825750.498
Individuals using the Internet,Sierra Leone,2018,14.4223%,6709482.842
Individuals using the Internet,Sierra Leone,2019,15.7137%,7602036.246
Individuals using the Internet,Sierra Leone,2020,17.1208%,8309373.303
Individuals using the Internet,Sierra Leone,2021,18.6539%,9240814.801
Individuals using the Internet,Sierra Leone,2022,19.2287%,12082817.607
Individuals using the Internet,Sierra Leone,2023,20.635%,16146077.112
Individuals using the Internet,Switzerland,2000,47.1%,65838.512
Individuals using the Internet,Switzerland,2001,55.1%,67234.593
Individuals using the Internet,Switzerland,2002,61.4%,66502.288
Individuals using the Internet,Switzerland,2003,65.1%,66679.122
Individuals using the Internet,Switzerland,2004,67.8%,68128.707
Individuals using the Internet,Switzerland,2005,70.1%,70237.154
Individuals using the Internet,Switzerland,2006,75.7%,74276.659
Individuals using the Internet,Switzerland,2007,77.2%,78498.775
Individuals using the Internet,Switzerland,2008,79.2%,80871.895
Individuals using the Internet,Switzerland,2009,81.3%,78252.649
Individuals using the Internet,Switzerland,2010,83.9%,80145.03
Individuals using the Internet,Switzerland,2011,85.193%,80776.506
Individuals using the Internet,Switzerland,2012,85.2%,80925.192
Individuals using the Internet,Switzerland,2013,86.34%,81492.773
Individuals using the Internet,Switzerland,2014,83.6173%,81785.528
Individuals using the Internet,Switzerland,2015,87.4791%,81052.877
Individuals using the Internet,Switzerland,2016,89.1347%,81388.327
Individuals using the Internet,Switzerland,2017,89.6861%,81337.257
Individuals using the Internet,Switzerland,2018,91.8%,83668.128
Individuals using the Internet,Switzerland,2019,93.1461%,83950.17
Individuals using the Internet,Switzerland,2020,94.3499%,80878.887
Individuals using the Internet,Switzerland,2021,95.5694%,85871.603
Individuals using the Internet,Switzerland,2022,96.4528%,90524.236
Individuals using the Internet,Switzerland,2023,97.3444%,91206.126
Individuals using the Internet,Suriname,2000,2.50641%,3838.5
Individuals using the Internet,Suriname,2001,3.06445%,5372.122
Individuals using the Internet,Suriname,2002,4.16157%,7224.344
Individuals using the Internet,Suriname,2003,4.71988%,9234.54
Individuals using the Internet,Suriname,2004,6.07605%,11028.252
Individuals using the Internet,Suriname,2005,6.40309%,13039.452
Individuals using the Internet,Suriname,2006,9.49963%,15216.019
Individuals using the Internet,Suriname,2007,14.11%,16807.642
Individuals using the Internet,Suriname,2008,21.06%,19946.883
Individuals using the Internet,Suriname,2009,31.36%,21588.302
Individuals using the Internet,Suriname,2010,31.59%,23978.909
Individuals using the Internet,Suriname,2011,32.0%,28615.511
Individuals using the Internet,Suriname,2012,34.6812%,32232.253
Individuals using the Internet,Suriname,2013,37.4%,32790.466
Individuals using the Internet,Suriname,2014,40.08%,32890.152
Individuals using the Internet,Suriname,2015,42.7638%,30873.695
Individuals using the Internet,Suriname,2016,45.4%,35891.944
Individuals using the Internet,Suriname,2017,48.9452%,46113.302
Individuals using the Internet,Suriname,2018,55.1%,50536.651
Individuals using the Internet,Suriname,2019,62.0%,53064.119
Individuals using the Internet,Suriname,2020,69.8369%,63589.209
Individuals using the Internet,Suriname,2021,76.572%,98237.333
Individuals using the Internet,Suriname,2022,77.6494%,142536.529
Individuals using the Internet,Suriname,2023,78.3958%,199371.76
Individuals using the Internet,Chad,2000,0.0357071%,173259.084
Individuals using the Internet,Chad,2001,0.0459341%,211971.774
Individuals using the Internet,Chad,2002,0.16607%,225492.927
Individuals using the Internet,Chad,2003,0.320309%,249044.769
Individuals using the Internet,Chad,2004,0.36092%,351714.974
Individuals using the Internet,Chad,2005,0.399258%,451986.633
Individuals using the Internet,Chad,2006,0.581046%,485087.285
Individuals using the Internet,Chad,2007,0.847225%,480730.235
Individuals using the Internet,Chad,2008,1.19%,533796.09
Individuals using the Internet,Chad,2009,1.5%,501115.301
Individuals using the Internet,Chad,2010,1.7%,582000.371
Individuals using the Internet,Chad,2011,1.9%,636109.385
Individuals using the Internet,Chad,2012,2.1%,713489.676
Individuals using the Internet,Chad,2013,2.5%,667262.276
Individuals using the Internet,Chad,2014,2.9%,656977.431
Individuals using the Internet,Chad,2015,3.5%,610220.205
Individuals using the Internet,Chad,2016,5.8%,532237.998
Individuals using the Internet,Chad,2017,6.4%,512814.959
Individuals using the Internet,Chad,2018,7.0%,544123.009
Individuals using the Internet,Chad,2019,7.6%,544428.43
Individuals using the Internet,Chad,2020,8.34311%,518280.809
Individuals using the Internet,Chad,2021,13.1283%,556189.674
Individuals using the Internet,Chad,2022,12.4865%,645208.922
Individuals using the Internet,Chad,2023,13.1832%,630735.714
Individuals using the Internet,Czech Republic,2000,9.78053%,233477.05
Individuals using the Internet,Czech Republic,2001,14.6972%,253280.606
Individuals using the Internet,Czech Republic,2002,23.93%,265113.004
Individuals using the Internet,Czech Republic,2003,34.3%,277964.737
Individuals using the Internet,Czech Republic,2004,35.5%,302861.394
Individuals using the Internet,Czech Republic,2005,35.27%,322437.47
Individuals using the Internet,Czech Republic,2006,47.93%,345304.975
Individuals using the Internet,Czech Republic,2007,51.93%,376101.167
Individuals using the Internet,Czech Republic,2008,62.97%,390350.892
Individuals using the Internet,Czech Republic,2009,64.43%,378437.284
Individuals using the Internet,Czech Republic,2010,68.82%,385482.516
Individuals using the Internet,Czech Republic,2011,70.49%,390527.324
Individuals using the Internet,Czech Republic,2012,73.43%,392023.946
Individuals using the Internet,Czech Republic,2013,74.1104%,396439.848
Individuals using the Internet,Czech Republic,2014,74.2317%,416458.952
Individuals using the Internet,Czech Republic,2015,75.6688%,441420.726
Individuals using the Internet,Czech Republic,2016,76.4812%,457804.368
Individuals using the Internet,Czech Republic,2017,78.7192%,488154.303
Individuals using the Internet,Czech Republic,2018,80.6882%,514166.745
Individuals using the Internet,Czech Republic,2019,80.8669%,550673.517
Individuals using the Internet,Czech Republic,2020,81.3389%,544612.17
Individuals using the Internet,Czech Republic,2021,82.6706%,599784.229
Individuals using the Internet,Czech Republic,2022,84.5401%,651106.268
Individuals using the Internet,Czech Republic,2023,85.994%,705918.648
Individuals using the Internet,Czech Republic,2024,87.6878%,736790.323
Individuals using the Internet,Togo,2000,0.8%,278057.39
Individuals using the Internet,Togo,2001,0.9%,277510.93
Individuals using the Internet,Togo,2002,1.0%,295029.527
Individuals using the Internet,Togo,2003,1.2%,298091.555
Individuals using the Internet,Togo,2004,1.5%,282200.689
Individuals using the Internet,Togo,2005,1.8%,277634.981
Individuals using the Internet,Togo,2006,2.0%,275716.702
Individuals using the Internet,Togo,2007,2.2%,290812.049
Individuals using the Internet,Togo,2008,2.4%,320651.01
Individuals using the Internet,Togo,2009,2.6%,338937.539
Individuals using the Internet,Togo,2010,3.0%,348823.41
Individuals using the Internet,Togo,2011,3.5%,369453.713
Individuals using the Internet,Togo,2012,4.0%,389243.876
Individuals using the Internet,Togo,2013,4.5%,408229.178
Individuals using the Internet,Togo,2014,5.7%,422451.271
Individuals using the Internet,Togo,2015,7.12%,444030.721
Individuals using the Internet,Togo,2016,11.31%,457836.051
Individuals using the Internet,Togo,2017,12.3602%,460324.755
Individuals using the Internet,Togo,2018,15.5%,472751.901
Individuals using the Internet,Togo,2019,20.7273%,484112.027
Individuals using the Internet,Togo,2020,29.0237%,490579.948
Individuals using the Internet,Togo,2021,30.3384%,520353.606
Individuals using the Internet,Togo,2022,35.5105%,557131.745
Individuals using the Internet,Togo,2023,37.0223%,590870.471
Individuals using the Internet,Thailand,2000,3.68904%,80533.876
Individuals using the Internet,Thailand,2001,5.55633%,84121.327
Individuals using the Internet,Thailand,2002,7.53125%,90052.438
Individuals using the Internet,Thailand,2003,9.29903%,97867.018
Individuals using the Internet,Thailand,2004,10.6773%,106996.686
Individuals using the Internet,Thailand,2005,15.026%,116399.489
Individuals using the Internet,Thailand,2006,17.1607%,127645.035
Individuals using the Internet,Thailand,2007,20.03%,137141.401
Individuals using the Internet,Thailand,2008,18.2%,145900.887
Individuals using the Internet,Thailand,2009,20.1%,144446.304
Individuals using the Internet,Thailand,2010,22.4%,160847.382
Individuals using the Internet,Thailand,2011,23.6699%,167464.121
Individuals using the Internet,Thailand,2012,26.46%,182165.04
Individuals using the Internet,Thailand,2013,28.94%,189525.998
Individuals using the Internet,Thailand,2014,34.8861%,193315.985
Individuals using the Internet,Thailand,2015,39.3161%,200008.385
Individuals using the Internet,Thailand,2016,47.505%,211542.109
Individuals using the Internet,Thailand,2017,52.8919%,223792.876
Individuals using the Internet,Thailand,2018,56.8175%,235830.442
Individuals using the Internet,Thailand,2019,66.6524%,242571.391
Individuals using the Internet,Thailand,2020,77.8437%,224373.867
Individuals using the Internet,Thailand,2021,85.2696%,231400.124
Individuals using the Internet,Thailand,2022,87.9772%,247980.078
Individuals using the Internet,Thailand,2023,89.5353%,255827.077
Individuals using the Internet,Thailand,2024,90.8672%,264461.533
Individuals using the Internet,Tonga,2000,2.4344%,3353.306
Individuals using the Internet,Tonga,2001,2.82537%,3558.544
Individuals using the Internet,Tonga,2002,2.9073%,3986.042
Individuals using the Internet,Tonga,2003,2.98582%,4424.482
Individuals using the Internet,Tonga,2004,3.95237%,4682.405
Individuals using the Internet,Tonga,2005,4.90778%,5004.439
Individuals using the Internet,Tonga,2006,5.85394%,5756.048
Individuals using the Internet,Tonga,2007,7.17987%,5847.169
Individuals using the Internet,Tonga,2008,8.11077%,6387.505
Individuals using the Internet,Tonga,2009,10.0%,6341.029
Individuals using the Internet,Tonga,2010,16.0%,6869.893
Individuals using the Internet,Tonga,2011,25.0%,7355.289
Individuals using the Internet,Tonga,2012,30.0%,7039.398
Individuals using the Internet,Tonga,2013,32.754%,7663.501
Individuals using the Internet,Tonga,2014,35.9544%,7859.292
Individuals using the Internet,Tonga,2015,38.6513%,8403.201
Individuals using the Internet,Tonga,2016,39.95%,9271.739
Individuals using the Internet,Tonga,2017,46.2%,10111.01
Individuals using the Internet,Tonga,2021,57.5486%,11780.173
Individuals using the Internet,Tonga,2022,57.7181%,11776.542
Individuals using the Internet,Tonga,2023,58.5334%,12049.293
Individuals using the Internet,Trinidad and Tobago,2000,7.72141%,41238.175
Individuals using the Internet,Trinidad and Tobago,2001,15.3846%,43921.61
Individuals using the Internet,Trinidad and Tobago,2002,21.9987%,44756.279
Individuals using the Internet,Trinidad and Tobago,2003,25.9718%,56221.741
Individuals using the Internet,Trinidad and Tobago,2004,27.0243%,65775.13
Individuals using the Internet,Trinidad and Tobago,2005,28.9767%,78567.795
Individuals using the Internet,Trinidad and Tobago,2006,30.0037%,90139.671
Individuals using the Internet,Trinidad and Tobago,2007,32.3%,106094.9
Individuals using the Internet,Trinidad and Tobago,2008,34.8%,134900.176
Individuals using the Internet,Trinidad and Tobago,2009,44.3%,93465.67
Individuals using the Internet,Trinidad and Tobago,2010,48.5%,108112.256
Individuals using the Internet,Trinidad and Tobago,2011,55.2%,123704.842
Individuals using the Internet,Trinidad and Tobago,2012,57.5%,129792.434
Individuals using the Internet,Trinidad and Tobago,2013,59.9%,135926.614
Individuals using the Internet,Trinidad and Tobago,2014,62.4%,138660.86
Individuals using the Internet,Trinidad and Tobago,2015,65.1%,124917.046
Individuals using the Internet,Trinidad and Tobago,2016,67.8%,114368.508
Individuals using the Internet,Trinidad and Tobago,2017,70.6%,116729.89
Individuals using the Internet,Trinidad and Tobago,2018,72.8%,116348.733
Individuals using the Internet,Trinidad and Tobago,2019,75.0%,113677.345
Individuals using the Internet,Trinidad and Tobago,2020,77.2813%,100764.83
Individuals using the Internet,Trinidad and Tobago,2021,84.3658%,116368.818
Individuals using the Internet,Trinidad and Tobago,2022,84.4957%,135364.903
Individuals using the Internet,Trinidad and Tobago,2023,84.6994%,118915.846
Individuals using the Internet,Tunisia,2000,2.75074%,3183.106
Individuals using the Internet,Tunisia,2001,4.29797%,3402.898
Individuals using the Internet,Tunisia,2002,5.25289%,3498.571
Individuals using the Internet,Tunisia,2003,6.49085%,3732.918
Individuals using the Internet,Tunisia,2004,8.52882%,4066.728
Individuals using the Internet,Tunisia,2005,9.65509%,4347.421
Individuals using the Internet,Tunisia,2006,12.9864%,4707.179
Individuals using the Internet,Tunisia,2007,17.1%,5079.036
Individuals using the Internet,Tunisia,2008,27.53%,5570.85
Individuals using the Internet,Tunisia,2009,34.07%,5849.575
Individuals using the Internet,Tunisia,2010,36.8%,6216.182
Individuals using the Internet,Tunisia,2011,39.1%,6295.362
Individuals using the Internet,Tunisia,2012,41.4416%,6787.693
Individuals using the Internet,Tunisia,2013,43.8%,7181.101
Individuals using the Internet,Tunisia,2014,46.16%,7658.503
Individuals using the Internet,Tunisia,2015,46.5%,7965.663
Individuals using the Internet,Tunisia,2016,49.6%,8356.123
Individuals using the Internet,Tunisia,2017,55.5002%,8845.855
Individuals using the Internet,Tunisia,2018,64.1908%,9690.693
Individuals using the Internet,Tunisia,2019,66.7%,10436.01
Individuals using the Internet,Tunisia,2020,68.5564%,10039.713
Individuals using the Internet,Tunisia,2021,68.3155%,10884.507
Individuals using the Internet,Tunisia,2022,70.5532%,11411.879
Individuals using the Internet,Tunisia,2023,72.3542%,12323.658
Individuals using the Internet,Tuvalu,2002,6.3%,3203.288
Individuals using the Internet,Tuvalu,2003,6.9%,3185.522
Individuals using the Internet,Tuvalu,2004,7.6%,3239.832
Individuals using the Internet,Tuvalu,2005,8.3%,3075.909
Individuals using the Internet,Tuvalu,2006,9.1%,3272.152
Individuals using the Internet,Tuvalu,2007,10.0%,3418.863
Individuals using the Internet,Tuvalu,2008,11.2%,3727.452
Individuals using the Internet,Tuvalu,2009,12.8%,3487.99
Individuals using the Internet,Tuvalu,2010,14.6%,3408.595
Individuals using the Internet,Tuvalu,2011,16.5%,3660.764
Individuals using the Internet,Tuvalu,2012,18.7%,3485.645
Individuals using the Internet,Tuvalu,2013,21.2%,3734.503
Individuals using the Internet,Tuvalu,2014,24.1%,3993.782
Individuals using the Internet,Tuvalu,2015,27.3%,4567.273
Individuals using the Internet,Tuvalu,2016,31.0%,5199.361
Individuals using the Internet,Tuvalu,2017,35.2%,5623.968
Individuals using the Internet,Tuvalu,2018,42.2865%,6097.018
Individuals using the Internet,Tuvalu,2019,50.7996%,7532.04
Individuals using the Internet,Tuvalu,2020,61.0265%,7471.827
Individuals using the Internet,Tuvalu,2021,73.3124%,7958.509
Individuals using the Internet,Tuvalu,2022,73.5846%,7371.863
Individuals using the Internet,Tuvalu,2023,74.3146%,7533.967
Individuals using the Internet,United Arab Emirates,2000,23.6253%,119341.055
Individuals using the Internet,United Arab Emirates,2001,26.2718%,113398.404
Individuals using the Internet,United Arab Emirates,2002,28.3165%,113733.74
Individuals using the Internet,United Arab Emirates,2003,29.478%,118133.092
Individuals using the Internet,United Arab Emirates,2004,30.1313%,128334.805
Individuals using the Internet,United Arab Emirates,2005,40.0%,144656.934
Individuals using the Internet,United Arab Emirates,2006,52.0%,166142.458
Individuals using the Internet,United Arab Emirates,2007,61.0%,169267.138
Individuals using the Internet,United Arab Emirates,2008,63.0%,178294.735
Individuals using the Internet,United Arab Emirates,2009,64.0%,137455.736
Individuals using the Internet,United Arab Emirates,2010,68.0%,162251.661
Individuals using the Internet,United Arab Emirates,2011,78.0%,187022.785
Individuals using the Internet,United Arab Emirates,2012,85.0%,191335.092
Individuals using the Internet,United Arab Emirates,2013,88.0%,191719.507
Individuals using the Internet,United Arab Emirates,2014,90.4%,188654.933
Individuals using the Internet,United Arab Emirates,2015,90.5%,160533.281
Individuals using the Internet,United Arab Emirates,2016,90.6%,153513.0
Individuals using the Internet,United Arab Emirates,2017,94.8199%,159035.949
Individuals using the Internet,United Arab Emirates,2018,98.45%,172512.321
Individuals using the Internet,United Arab Emirates,2019,99.15%,167521.412
Individuals using the Internet,United Arab Emirates,2020,100.0%,141203.043
Individuals using the Internet,United Arab Emirates,2021,100.0%,157328.354
Individuals using the Internet,United Arab Emirates,2022,100.0%,182538.522
Individuals using the Internet,United Arab Emirates,2023,100.0%,179736.848
Individuals using the Internet,United Arab Emirates,2024,100.0%,184419.411
Individuals using the Internet,Uganda,2000,0.163714%,584555.035
Individuals using the Internet,Uganda,2001,0.237945%,610638.809
Individuals using the Internet,Uganda,2002,0.384094%,650628.982
Individuals using the Internet,Uganda,2003,0.46485%,710419.553
Individuals using the Internet,Uganda,2004,0.719971%,779802.73
Individuals using the Internet,Uganda,2005,1.74221%,860119.149
Individuals using the Internet,Uganda,2006,2.52936%,966530.243
Individuals using the Internet,Uganda,2007,3.67197%,1093315.374
Individuals using the Internet,Uganda,2008,3.88%,1349681.802
Individuals using the Internet,Uganda,2009,4.1%,1656489.048
Individuals using the Internet,Uganda,2010,4.3%,1761018.816
Individuals using the Internet,Uganda,2011,4.6%,2199933.532
Individuals using the Internet,Uganda,2012,4.8%,2380737.562
Individuals using the Internet,Uganda,2013,5.1%,2495915.344
Individuals using the Internet,Uganda,2014,5.4%,2620632.062
Individuals using the Internet,Uganda,2015,5.8%,2750189.479
Individuals using the Internet,Uganda,2016,5.9%,2828118.718
Individuals using the Internet,Uganda,2020,7.4%,3424174.353
Individuals using the Internet,Uganda,2021,10.0%,3616430.464
Individuals using the Internet,Uganda,2022,11.1246%,3981682.624
Individuals using the Internet,Uganda,2023,15.2524%,4284846.246
Individuals using the Internet,Uganda,2024,8.94983%,4542684.402
Individuals using the Internet,Ukraine,2000,0.716184%,3614.361
Individuals using the Internet,Ukraine,2001,1.23876%,4216.411
Individuals using the Internet,Ukraine,2002,1.87389%,4715.742
Individuals using the Internet,Ukraine,2003,3.14813%,5631.032
Individuals using the Internet,Ukraine,2004,3.48948%,7311.725
Individuals using the Internet,Ukraine,2005,3.74976%,9422.511
Individuals using the Internet,Ukraine,2006,4.50612%,11712.394
Individuals using the Internet,Ukraine,2007,6.55%,15662.011
Individuals using the Internet,Ukraine,2008,11.0%,20763.38
Individuals using the Internet,Ukraine,2009,17.9%,19924.373
Individuals using the Internet,Ukraine,2010,23.3%,23670.803
Individuals using the Internet,Ukraine,2011,28.7083%,28600.586
Individuals using the Internet,Ukraine,2012,35.27%,30958.462
Individuals using the Internet,Ukraine,2013,40.9541%,32383.0
Individuals using the Internet,Ukraine,2014,46.236%,37112.398
Individuals using the Internet,Ukraine,2015,48.8846%,46689.41
Individuals using the Internet,Ukraine,2016,53.001%,56238.892
Individuals using the Internet,Ukraine,2017,58.8895%,70617.077
Individuals using the Internet,Ukraine,2018,62.5532%,84802.208
Individuals using the Internet,Ukraine,2019,70.1248%,95301.489
Individuals using the Internet,Ukraine,2020,75.0379%,101935.261
Individuals using the Internet,Ukraine,2021,79.2183%,132954.995
Individuals using the Internet,Ukraine,2022,82.6753%,151811.222
Individuals using the Internet,Ukraine,2023,82.3755%,194792.554
Individuals using the Internet,Uruguay,2000,10.5391%,89955.458
Individuals using the Internet,Uruguay,2001,11.1214%,90609.174
Individuals using the Internet,Uruguay,2002,11.4195%,94286.306
Individuals using the Internet,Uruguay,2003,15.9371%,111042.318
Individuals using the Internet,Uruguay,2004,17.0631%,128265.528
Individuals using the Internet,Uruguay,2005,20.0882%,138315.871
Individuals using the Internet,Uruguay,2006,29.4%,153133.756
Individuals using the Internet,Uruguay,2007,34.0%,178473.82
Individuals using the Internet,Uruguay,2008,39.3%,206366.777
Individuals using the Internet,Uruguay,2009,41.8%,230759.931
Individuals using the Internet,Uruguay,2010,46.4%,259543.306
Individuals using the Internet,Uruguay,2011,51.4047%,296143.497
Individuals using the Internet,Uruguay,2012,54.4538%,331412.554
Individuals using the Internet,Uruguay,2013,57.69%,373479.504
Individuals using the Internet,Uruguay,2014,61.4625%,419848.709
Individuals using the Internet,Uruguay,2015,64.5708%,457379.602
Individuals using the Internet,Uruguay,2016,66.4%,497329.768
Individuals using the Internet,Uruguay,2017,70.3224%,533111.806
Individuals using the Internet,Uruguay,2018,80.7268%,572985.643
Individuals using the Internet,Uruguay,2019,83.3515%,625375.019
Individuals using the Internet,Uruguay,2020,85.471%,641028.083
Individuals using the Internet,Uruguay,2021,87.6444%,754046.211
Individuals using the Internet,Uruguay,2022,89.873%,830054.688
Individuals using the Internet,Uruguay,2023,89.896%,866017.326
Individuals using the Internet,Uruguay,2024,91.9911%,932390.422
Individuals using the Internet,United States,2000,43.0792%,36312.782
Individuals using the Internet,United States,2001,49.0808%,37101.453
Individuals using the Internet,United States,2002,58.7854%,37945.761
Individuals using the Internet,United States,2003,61.6971%,39405.354
Individuals using the Internet,United States,2004,64.7583%,41641.617
Individuals using the Internet,United States,2005,67.9681%,44034.256
Individuals using the Internet,United States,2006,68.9312%,46216.853
Individuals using the Internet,United States,2007,75.0%,47943.353
Individuals using the Internet,United States,2008,74.0%,48470.553
Individuals using the Internet,United States,2009,71.0%,47102.428
Individuals using the Internet,United States,2010,71.69%,48586.288
Individuals using the Internet,United States,2011,69.7295%,50008.108
Individuals using the Internet,United States,2012,74.7%,51736.738
Individuals using the Internet,United States,2013,71.4%,53363.904
Individuals using the Internet,United States,2014,73.0%,55263.817
Individuals using the Internet,United States,2015,74.5542%,57006.926
Individuals using the Internet,United States,2016,85.5444%,58179.697
Individuals using the Internet,United States,2017,87.2749%,60292.978
Individuals using the Internet,United States,2018,88.4989%,63165.278
Individuals using the Internet,United States,2019,89.4303%,65561.32
Individuals using the Internet,United States,2020,90.3447%,64518.063
Individuals using the Internet,United States,2021,91.2684%,71365.337
Individuals using the Internet,United States,2022,92.2016%,77944.095
Individuals using the Internet,United States,2023,93.1444%,82523.258
Individuals using the Internet,Vanuatu,2000,2.10834%,196082.17
Individuals using the Internet,Vanuatu,2001,2.83057%,191899.592
Individuals using the Internet,Vanuatu,2002,3.51004%,182970.595
Individuals using the Internet,Vanuatu,2003,3.9033%,187939.585
Individuals using the Internet,Vanuatu,2004,4.7466%,195084.052
Individuals using the Internet,Vanuatu,2005,5.08233%,201657.265
Individuals using the Internet,Vanuatu,2006,5.85059%,222081.613
Individuals using the Internet,Vanuatu,2007,6.8%,236232.991
Individuals using the Internet,Vanuatu,2008,7.26912%,261327.175
Individuals using the Internet,Vanuatu,2009,7.5%,270302.492
Individuals using the Internet,Vanuatu,2010,8.0%,271120.548
Individuals using the Internet,Vanuatu,2011,9.2%,280963.934
Individuals using the Internet,Vanuatu,2012,10.598%,276133.383
Individuals using the Internet,Vanuatu,2013,11.3%,279331.089
Individuals using the Internet,Vanuatu,2014,18.8%,286053.801
Individuals using the Internet,Vanuatu,2015,22.3514%,308259.927
Individuals using the Internet,Vanuatu,2016,24.0%,320227.998
Individuals using the Internet,Vanuatu,2017,30.8%,340431.104
Individuals using the Internet,Vanuatu,2018,33.989%,353413.81
Individuals using the Internet,Vanuatu,2019,37.5081%,368365.479
Individuals using the Internet,Vanuatu,2020,41.3916%,347798.273
Individuals using the Internet,Vanuatu,2021,45.6772%,333364.121
Individuals using the Internet,Vanuatu,2022,45.6747%,377091.522
Individuals using the Internet,Vanuatu,2023,45.7313%,398177.063
Individuals using the Internet,Zambia,2000,0.191072%,1132.429
Individuals using the Internet,Zambia,2001,0.23313%,1450.629
Individuals using the Internet,Zambia,2002,0.477751%,1755.475
Individuals using the Internet,Zambia,2003,0.980483%,2140.795
Individuals using the Internet,Zambia,2004,1.1%,2657.294
Individuals using the Internet,Zambia,2005,1.3%,3215.713
Individuals using the Internet,Zambia,2006,1.6%,3839.45
Individuals using the Internet,Zambia,2007,1.9%,4536.578
Individuals using the Internet,Zambia,2008,2.2%,5219.706
Individuals using the Internet,Zambia,2009,2.5%,5807.767
Individuals using the Internet,Zambia,2010,3.0%,7048.674
Individuals using the Internet,Zambia,2011,3.5%,7993.211
Individuals using the Internet,Zambia,2012,4.1%,8903.014
Individuals using the Internet,Zambia,2013,4.8%,9933.116
Individuals using the Internet,Zambia,2014,6.5%,10614.735
Individuals using the Internet,Zambia,2015,8.8%,11286.218
Individuals using the Internet,Zambia,2016,10.3%,12887.712
Individuals using the Internet,Zambia,2017,12.2%,14235.808
Individuals using the Internet,Zambia,2018,14.3%,15428.132
Individuals using the Internet,Zambia,2022,15.0%,24676.402
Individuals using the Internet,Zimbabwe,2000,0.401434%,0.573
Individuals using the Internet,Zimbabwe,2001,0.799846%,0.57
Individuals using the Internet,Zimbabwe,2002,1.1%,0.546
Individuals using the Internet,Zimbabwe,2003,1.8%,0.486
Individuals using the Internet,Zimbabwe,2004,2.1%,0.477
Individuals using the Internet,Zimbabwe,2005,2.4%,0.452
Individuals using the Internet,Zimbabwe,2006,2.4%,0.401
Individuals using the Internet,Zimbabwe,2007,3.0%,0.382
Individuals using the Internet,Zimbabwe,2008,3.5%,0.327
Individuals using the Internet,Zimbabwe,2009,4.0%,0.467
Individuals using the Internet,Zimbabwe,2010,6.4%,0.56
Individuals using the Internet,Zimbabwe,2011,8.4%,0.647
Individuals using the Internet,Zimbabwe,2012,12.0%,0.741
Individuals using the Internet,Zimbabwe,2013,15.5%,0.797
Individuals using the Internet,Zimbabwe,2014,16.3647%,0.821
Individuals using the Internet,Zimbabwe,2015,22.7428%,0.8
Individuals using the Internet,Zimbabwe,2016,23.12%,0.815
Individuals using the Internet,Zimbabwe,2017,24.4%,0.846
Individuals using the Internet,Zimbabwe,2018,25.0%,1.442
Individuals using the Internet,Zimbabwe,2019,26.5883%,8.497
Individuals using the Internet,Zimbabwe,2020,29.2986%,52.653
Individuals using the Internet,Zimbabwe,2021,37.0967%,116.818
Individuals using the Internet,Zimbabwe,2022,37.8861%,454.988
Individuals using the Internet,Zimbabwe,2023,38.4266%,4063.95
Individuals using the Internet,Bosnia and Herzegovina,2000,1.08296%,3151.054
Individuals using the Internet,Bosnia and Herzegovina,2001,1.20053%,3376.344
Individuals using the Internet,Bosnia and Herzegovina,2002,2.64827%,3719.709
Individuals using the Internet,Bosnia and Herzegovina,2003,3.96504%,3917.023
Individuals using the Internet,Bosnia and Herzegovina,2004,15.469%,4251.434
Individuals using the Internet,Bosnia and Herzegovina,2005,21.3267%,4686.76
Individuals using the Internet,Bosnia and Herzegovina,2006,25.1224%,5323.04
Individuals using the Internet,Bosnia and Herzegovina,2007,27.92%,5993.583
Individuals using the Internet,Bosnia and Herzegovina,2008,34.66%,6797.903
Individuals using the Internet,Bosnia and Herzegovina,2009,37.74%,6637.719
Individuals using the Internet,Bosnia and Herzegovina,2010,42.75%,6847.99
Individuals using the Internet,Bosnia and Herzegovina,2011,43.8877%,7167.012
Individuals using the Internet,Bosnia and Herzegovina,2012,45.0645%,7273.983
Individuals using the Internet,Bosnia and Herzegovina,2013,48.5213%,7583.901
Individuals using the Internet,Bosnia and Herzegovina,2014,49.9177%,7759.135
Individuals using the Internet,Bosnia and Herzegovina,2015,52.6%,8223.12
Individuals using the Internet,Bosnia and Herzegovina,2016,60.2565%,8620.081
Individuals using the Internet,Bosnia and Herzegovina,2017,64.892%,9076.121
Individuals using the Internet,Bosnia and Herzegovina,2018,70.1201%,9708.746
Individuals using the Internet,Bosnia and Herzegovina,2019,69.9463%,10250.61
Individuals using the Internet,Bosnia and Herzegovina,2020,73.2118%,9959.098
Individuals using the Internet,Bosnia and Herzegovina,2021,75.6762%,11245.328
Individuals using the Internet,Bosnia and Herzegovina,2022,78.8455%,13134.81
Individuals using the Internet,Bosnia and Herzegovina,2023,83.3772%,14410.786
Individuals using the Internet,Bosnia and Herzegovina,2024,86.1009%,15492.525
Individuals using the Internet,Georgia,2000,0.484746%,1509.085
Individuals using the Internet,Georgia,2001,0.992344%,1699.393
Individuals using the Internet,Georgia,2002,1.58788%,1920.527
Individuals using the Internet,Georgia,2003,2.55882%,2220.107
Individuals using the Internet,Georgia,2004,3.88622%,2565.0
Individuals using the Internet,Georgia,2005,6.07946%,3050.14
Individuals using the Internet,Georgia,2006,7.52688%,3646.348
Individuals using the Internet,Georgia,2007,8.26%,4511.271
Individuals using the Internet,Georgia,2008,10.01%,5096.814
Individuals using the Internet,Georgia,2009,20.07%,4829.172
Individuals using the Internet,Georgia,2010,26.9%,5828.9
Individuals using the Internet,Georgia,2011,31.52%,6916.307
Individuals using the Internet,Georgia,2012,36.94%,7460.448
Individuals using the Internet,Georgia,2013,43.3%,7836.093
Individuals using the Internet,Georgia,2014,49.1025%,8534.639
Individuals using the Internet,Georgia,2015,47.5698%,9282.4
Individuals using the Internet,Georgia,2016,58.4593%,9803.491
Individuals using the Internet,Georgia,2017,59.7055%,11093.755
Individuals using the Internet,Georgia,2018,62.7179%,12166.012
Individuals using the Internet,Georgia,2019,68.8467%,13354.716
Individuals using the Internet,Georgia,2020,72.5316%,13395.179
Individuals using the Internet,Georgia,2021,76.4427%,16286.043
Individuals using the Internet,Georgia,2022,78.7113%,19752.768
Individuals using the Internet,Georgia,2023,81.8843%,21647.244
Individuals using the Internet,Turkmenistan,2000,0.133282%,1039.036
Individuals using the Internet,Turkmenistan,2001,0.17521%,1418.614
Individuals using the Internet,Turkmenistan,2002,0.302132%,1761.322
Individuals using the Internet,Turkmenistan,2003,0.425183%,2289.027
Individuals using the Internet,Turkmenistan,2004,0.754054%,2814.849
Individuals using the Internet,Turkmenistan,2005,0.997257%,3368.703
Individuals using the Internet,Turkmenistan,2006,1.31957%,4149.38
Individuals using the Internet,Turkmenistan,2007,1.40636%,4976.781
Individuals using the Internet,Turkmenistan,2008,1.75%,9008.53
Individuals using the Internet,Turkmenistan,2009,1.95%,10361.599
Individuals using the Internet,Turkmenistan,2010,3.0%,11534.614
Individuals using the Internet,Turkmenistan,2011,5.0%,14766.982
Individuals using the Internet,Turkmenistan,2012,7.1958%,18359.413
Individuals using the Internet,Turkmenistan,2013,9.6%,20091.923
Individuals using the Internet,Turkmenistan,2014,12.2%,21903.703
Individuals using the Internet,Turkmenistan,2015,14.9968%,21728.986
Individuals using the Internet,Turkmenistan,2016,17.9903%,21577.692
Individuals using the Internet,Turkmenistan,2017,21.251%,22240.848
Individuals using the Internet,Montenegro,2004,25.3501%,2714.215
Individuals using the Internet,Montenegro,2005,27.1%,2951.84
Individuals using the Internet,Montenegro,2006,28.9%,3522.265
Individuals using the Internet,Montenegro,2007,30.8%,4363.563
Individuals using the Internet,Montenegro,2008,32.9%,5024.638
Individuals using the Internet,Montenegro,2009,35.1%,4822.741
Individuals using the Internet,Montenegro,2010,37.5%,5037.757
Individuals using the Internet,Montenegro,2011,35.6115%,5219.649
Individuals using the Internet,Montenegro,2012,56.8388%,5100.045
Individuals using the Internet,Montenegro,2013,60.31%,5348.001
Individuals using the Internet,Montenegro,2014,63.8869%,5526.66
Individuals using the Internet,Montenegro,2015,68.1198%,5787.224
Individuals using the Internet,Montenegro,2016,69.8816%,6295.051
Individuals using the Internet,Montenegro,2017,71.2723%,6793.32
Individuals using the Internet,Montenegro,2018,71.5171%,7344.562
Individuals using the Internet,Montenegro,2019,73.4767%,7815.503
Individuals using the Internet,Montenegro,2020,77.6088%,6614.877
Individuals using the Internet,Montenegro,2021,82.2197%,7876.508
Individuals using the Internet,Montenegro,2022,88.2219%,9532.5
Individuals using the Internet,Montenegro,2023,89.8052%,11336.831
Individuals using the Internet,Montenegro,2024,88.8826%,12253.976
