country,source.label,indicator.label,classif1.label,Year,obs_value,note_indicator.label,Alpha-3 code,hdi
Afghanistan,ADM - Labour legislation,Statutory nominal gross monthly minimum wage,Currency: U.S. dollars,2020,71.602,Type of minimum wage: Sectoral (private sector) | Currency: AFG - Afghani (AFN),AFG,0.501
Afghanistan,ADM - Labour legislation,Statutory nominal gross monthly minimum wage,Currency: U.S. dollars,2019,70.75,Type of minimum wage: Sectoral (private sector) | Currency: AFG - Afghani (AFN),AFG,0.507
Afghanistan,ADM - Labour legislation,Statutory nominal gross monthly minimum wage,Currency: U.S. dollars,2018,76.301,Type of minimum wage: Sectoral (private sector) | Currency: AFG - Afghani (AFN),AFG,0.498
Afghanistan,ADM - Labour legislation,Statutory nominal gross monthly minimum wage,Currency: U.S. dollars,2017,80.85,Type of minimum wage: Sectoral (private sector) | Currency: AFG - Afghani (AFN),AFG,0.496
Afghanistan,ADM - Labour legislation,Statutory nominal gross monthly minimum wage,Currency: U.S. dollars,2016,73.674,Type of minimum wage: Sectoral (private sector) | Currency: AFG - Afghani (AFN),AFG,0.495
Afghanistan,ADM - Labour legislation,Statutory nominal gross monthly minimum wage,Currency: U.S. dollars,2015,81.775,Type of minimum wage: Sectoral (private sector) | Currency: AFG - Afghani (AFN),AFG,0.496
Afghanistan,ADM - Labour legislation,Statutory nominal gross monthly minimum wage,Currency: U.S. dollars,2014,87.34,Type of minimum wage: Sectoral (private sector) | Currency: AFG - Afghani (AFN),AFG,0.497
Afghanistan,ADM - Labour legislation,Statutory nominal gross monthly minimum wage,Currency: U.S. dollars,2013,90.289,Type of minimum wage: Sectoral (private sector) | Currency: AFG - Afghani (AFN),AFG,0.492
Afghanistan,ADM - Labour legislation,Statutory nominal gross monthly minimum wage,Currency: U.S. dollars,2012,98.19,Type of minimum wage: Sectoral (private sector) | Currency: AFG - Afghani (AFN),AFG,0.484
Afghanistan,ADM - Labour legislation,Statutory nominal gross monthly minimum wage,Currency: U.S. dollars,2011,106.959,Type of minimum wage: Sectoral (private sector) | Currency: AFG - Afghani (AFN),AFG,0.474
Afghanistan,ADM - Labour legislation,Statutory nominal gross monthly minimum wage,Currency: U.S. dollars,2010,86.11,Type of minimum wage: Sectoral (private sector) | Currency: AFG - Afghani (AFN),AFG,0.465
Afghanistan,ADM - Labour legislation,Statutory nominal gross monthly minimum wage,Currency: U.S. dollars,2009,79.483,Type of minimum wage: Sectoral (private sector) | Currency: AFG - Afghani (AFN),AFG,0.458
Afghanistan,ADM - Labour legislation,Statutory nominal gross monthly minimum wage,Currency: U.S. dollars,2008,79.603,Type of minimum wage: Sectoral (private sector) | Currency: AFG - Afghani (AFN),AFG,0.446
Angola,ADM - Labour legislation,Statutory nominal gross monthly minimum wage,Currency: U.S. dollars,2023,46.978,Type of minimum wage: National floor | Currency: AGO - Kwanza (AOA),AGO,0.616
Angola,ADM - Labour legislation,Statutory nominal gross monthly minimum wage,Currency: U.S. dollars,2022,69.873,Type of minimum wage: National floor | Currency: AGO - Kwanza (AOA),AGO,0.615
Angola,ADM - Labour legislation,Statutory nominal gross monthly minimum wage,Currency: U.S. dollars,2021,33.976,Type of minimum wage: National floor | Currency: AGO - Kwanza (AOA),AGO,0.609
Angola,ADM - Labour legislation,Statutory nominal gross monthly minimum wage,Currency: U.S. dollars,2020,37.101,Type of minimum wage: National floor | Currency: AGO - Kwanza (AOA),AGO,0.61
Angola,ADM - Labour legislation,Statutory nominal gross monthly minimum wage,Currency: U.S. dollars,2019,58.806,Type of minimum wage: National floor | Currency: AGO - Kwanza (AOA),AGO,0.611
Angola,ADM - Labour legislation,Statutory nominal gross monthly minimum wage,Currency: U.S. dollars,2018,65.268,Type of minimum wage: National floor | Currency: AGO - Kwanza (AOA),AGO,0.611
Angola,ADM - Labour legislation,Statutory nominal gross monthly minimum wage,Currency: U.S. dollars,2017,99.468,Type of minimum wage: National floor | Currency: AGO - Kwanza (AOA),AGO,0.61
Angola,ADM - Labour legislation,Statutory nominal gross monthly minimum wage,Currency: U.S. dollars,2016,91.674,Type of minimum wage: National floor | Currency: AGO - Kwanza (AOA),AGO,0.609
Angola,ADM - Labour legislation,Statutory nominal gross monthly minimum wage,Currency: U.S. dollars,2015,124.962,Type of minimum wage: National floor | Currency: AGO - Kwanza (AOA),AGO,0.603
Angola,ADM - Labour legislation,Statutory nominal gross monthly minimum wage,Currency: U.S. dollars,2014,152.621,Type of minimum wage: National floor | Currency: AGO - Kwanza (AOA),AGO,0.577
Angola,ADM - Labour legislation,Statutory nominal gross monthly minimum wage,Currency: U.S. dollars,2013,122.819,Type of minimum wage: National floor | Currency: AGO - Kwanza (AOA),AGO,0.567
Angola,ADM - Labour legislation,Statutory nominal gross monthly minimum wage,Currency: U.S. dollars,2012,124.17,Type of minimum wage: National floor | Currency: AGO - Kwanza (AOA),AGO,0.557
Angola,ADM - Labour legislation,Statutory nominal gross monthly minimum wage,Currency: U.S. dollars,2011,99.761,Type of minimum wage: National floor | Currency: AGO - Kwanza (AOA),AGO,0.545
Angola,ADM - Labour legislation,Statutory nominal gross monthly minimum wage,Currency: U.S. dollars,2010,101.963,Type of minimum wage: National floor | Currency: AGO - Kwanza (AOA),AGO,0.528
Angola,ADM - Labour legislation,Statutory nominal gross monthly minimum wage,Currency: U.S. dollars,2009,108.41,Type of minimum wage: National floor | Currency: AGO - Kwanza (AOA),AGO,0.517
Angola,ADM - Labour legislation,Statutory nominal gross monthly minimum wage,Currency: U.S. dollars,2008,114.616,Type of minimum wage: National floor | Currency: AGO - Kwanza (AOA),AGO,0.504
Angola,ADM - Labour legislation,Statutory nominal gross monthly minimum wage,Currency: U.S. dollars,2007,84.739,Currency: AGO - Kwanza (AOA),AGO,0.492
Angola,ADM - Labour legislation,Statutory nominal gross monthly minimum wage,Currency: U.S. dollars,2006,64.702,Currency: AGO - Kwanza (AOA),AGO,0.475
Angola,ADM - Labour legislation,Statutory nominal gross monthly minimum wage,Currency: U.S. dollars,2005,61.956,Currency: AGO - Kwanza (AOA),AGO,0.463
Angola,ADM - Labour legislation,Statutory nominal gross monthly minimum wage,Currency: U.S. dollars,2004,50.873,Currency: AGO - Kwanza (AOA),AGO,0.448
Angola,ADM - Labour legislation,Statutory nominal gross monthly minimum wage,Currency: U.S. dollars,2003,53.615,Currency: AGO - Kwanza (AOA),AGO,0.435
Angola,ADM - Labour legislation,Statutory nominal gross monthly minimum wage,Currency: U.S. dollars,2002,68.918,Currency: AGO - Kwanza (AOA),AGO,0.417
Angola,ADM - Labour legislation,Statutory nominal gross monthly minimum wage,Currency: U.S. dollars,2001,27.201,Currency: AGO - Kwanza (AOA),AGO,0.401
Angola,ADM - Labour legislation,Statutory nominal gross monthly minimum wage,Currency: U.S. dollars,2000,59.758,Currency: AGO - Kwanza (AOA),AGO,0.391
Albania,ADM - Labour legislation,Statutory nominal gross monthly minimum wage,Currency: U.S. dollars,2023,397.437,Type of minimum wage: Singular national minimum wage | Currency: ALB - Lek (ALL),ALB,0.81
Albania,ADM - Labour legislation,Statutory nominal gross monthly minimum wage,Currency: U.S. dollars,2022,283.082,Type of minimum wage: Singular national minimum wage | Currency: ALB - Lek (ALL),ALB,0.806
Albania,ADM - Labour legislation,Statutory nominal gross monthly minimum wage,Currency: U.S. dollars,2021,289.799,Type of minimum wage: Singular national minimum wage | Currency: ALB - Lek (ALL),ALB,0.794
Albania,ADM - Labour legislation,Statutory nominal gross monthly minimum wage,Currency: U.S. dollars,2020,239.3,Type of minimum wage: Singular national minimum wage | Currency: ALB - Lek (ALL),ALB,0.794
Albania,ADM - Labour legislation,Statutory nominal gross monthly minimum wage,Currency: U.S. dollars,2019,236.685,Type of minimum wage: Singular national minimum wage | Currency: ALB - Lek (ALL),ALB,0.805
Albania,ADM - Labour legislation,Statutory nominal gross monthly minimum wage,Currency: U.S. dollars,2018,222.244,Type of minimum wage: Singular national minimum wage | Currency: ALB - Lek (ALL),ALB,0.801
Albania,ADM - Labour legislation,Statutory nominal gross monthly minimum wage,Currency: U.S. dollars,2017,201.511,Type of minimum wage: Singular national minimum wage | Currency: ALB - Lek (ALL),ALB,0.798
Albania,ADM - Labour legislation,Statutory nominal gross monthly minimum wage,Currency: U.S. dollars,2016,177.216,Type of minimum wage: Singular national minimum wage | Currency: ALB - Lek (ALL),ALB,0.797
Albania,ADM - Labour legislation,Statutory nominal gross monthly minimum wage,Currency: U.S. dollars,2015,174.656,Type of minimum wage: Singular national minimum wage | Currency: ALB - Lek (ALL),ALB,0.797
Albania,ADM - Labour legislation,Statutory nominal gross monthly minimum wage,Currency: U.S. dollars,2014,208.57,Type of minimum wage: Singular national minimum wage | Currency: ALB - Lek (ALL),ALB,0.797
Albania,ADM - Labour legislation,Statutory nominal gross monthly minimum wage,Currency: U.S. dollars,2013,208.197,Type of minimum wage: Singular national minimum wage | Currency: ALB - Lek (ALL),ALB,0.793
Albania,ADM - Labour legislation,Statutory nominal gross monthly minimum wage,Currency: U.S. dollars,2012,194.113,Type of minimum wage: Singular national minimum wage | Currency: ALB - Lek (ALL),ALB,0.79
Albania,ADM - Labour legislation,Statutory nominal gross monthly minimum wage,Currency: U.S. dollars,2011,198.224,Type of minimum wage: Singular national minimum wage | Currency: ALB - Lek (ALL),ALB,0.781
Albania,ADM - Labour legislation,Statutory nominal gross monthly minimum wage,Currency: U.S. dollars,2010,182.804,Type of minimum wage: Singular national minimum wage | Currency: ALB - Lek (ALL),ALB,0.769
Albania,ADM - Labour legislation,Statutory nominal gross monthly minimum wage,Currency: U.S. dollars,2009,189.517,Type of minimum wage: Singular national minimum wage | Currency: ALB - Lek (ALL),ALB,0.756
Albania,ADM - Labour legislation,Statutory nominal gross monthly minimum wage,Currency: U.S. dollars,2008,202.635,Type of minimum wage: Singular national minimum wage | Currency: ALB - Lek (ALL),ALB,0.749
Albania,ADM - Labour legislation,Statutory nominal gross monthly minimum wage,Currency: U.S. dollars,2007,154.82,Type of minimum wage: Singular national minimum wage | Currency: ALB - Lek (ALL),ALB,0.742
Albania,ADM - Labour legislation,Statutory nominal gross monthly minimum wage,Currency: U.S. dollars,2006,142.707,Type of minimum wage: Singular national minimum wage | Currency: ALB - Lek (ALL),ALB,0.732
Albania,ADM - Labour legislation,Statutory nominal gross monthly minimum wage,Currency: U.S. dollars,2005,118.153,Type of minimum wage: Singular national minimum wage | Currency: ALB - Lek (ALL),ALB,0.723
Albania,ADM - Labour legislation,Statutory nominal gross monthly minimum wage,Currency: U.S. dollars,2004,105.079,Type of minimum wage: Singular national minimum wage | Currency: ALB - Lek (ALL),ALB,0.71
Albania,ADM - Labour legislation,Statutory nominal gross monthly minimum wage,Currency: U.S. dollars,2003,82.552,Type of minimum wage: Singular national minimum wage | Currency: ALB - Lek (ALL),ALB,0.705
Albania,ADM - Labour legislation,Statutory nominal gross monthly minimum wage,Currency: U.S. dollars,2002,67.069,Type of minimum wage: Singular national minimum wage | Currency: ALB - Lek (ALL),ALB,0.697
Albania,ADM - Labour legislation,Statutory nominal gross monthly minimum wage,Currency: U.S. dollars,2001,52.828,Type of minimum wage: Singular national minimum wage | Currency: ALB - Lek (ALL),ALB,0.691
Albania,ADM - Labour legislation,Statutory nominal gross monthly minimum wage,Currency: U.S. dollars,2000,48.709,Type of minimum wage: Singular national minimum wage | Currency: ALB - Lek (ALL),ALB,0.682
Andorra,OE - Department of Statistics Estimations,Statutory nominal gross monthly minimum wage,Currency: U.S. dollars,2021,1326.592,Type of minimum wage: Singular national minimum wage | Currency: AND - Euro (EUR),AND,0.871
Andorra,OE - Department of Statistics Estimations,Statutory nominal gross monthly minimum wage,Currency: U.S. dollars,2020,1237.375,Type of minimum wage: Singular national minimum wage | Currency: AND - Euro (EUR),AND,0.851
Andorra,OE - Department of Statistics Estimations,Statutory nominal gross monthly minimum wage,Currency: U.S. dollars,2019,1439.79,Type of minimum wage: Singular national minimum wage | Currency: AND - Euro (EUR),AND,0.876
Andorra,OE - Department of Statistics Estimations,Statutory nominal gross monthly minimum wage,Currency: U.S. dollars,2018,1201.586,Type of minimum wage: Singular national minimum wage | Currency: AND - Euro (EUR),AND,0.875
Andorra,OE - Department of Statistics Estimations,Statutory nominal gross monthly minimum wage,Currency: U.S. dollars,2017,1086.753,Type of minimum wage: Singular national minimum wage | Currency: AND - Euro (EUR),AND,0.873
Argentina,ADM - Administrative records and related sources,Statutory nominal gross monthly minimum wage,Currency: U.S. dollars,2023,526.568,Type of minimum wage: Singular national minimum wage | Currency: ARG - Argentine peso (ARS),ARG,0.865
Argentina,ADM - Administrative records and related sources,Statutory nominal gross monthly minimum wage,Currency: U.S. dollars,2022,474.312,Type of minimum wage: Singular national minimum wage | Currency: ARG - Argentine peso (ARS),ARG,0.858
Argentina,ADM - Administrative records and related sources,Statutory nominal gross monthly minimum wage,Currency: U.S. dollars,2021,336.875,Type of minimum wage: Singular national minimum wage | Currency: ARG - Argentine peso (ARS),ARG,0.847
Argentina,ADM - Administrative records and related sources,Statutory nominal gross monthly minimum wage,Currency: U.S. dollars,2020,291.859,Type of minimum wage: Singular national minimum wage | Currency: ARG - Argentine peso (ARS),ARG,0.851
Argentina,ADM - Administrative records and related sources,Statutory nominal gross monthly minimum wage,Currency: U.S. dollars,2019,350.483,Type of minimum wage: Singular national minimum wage | Currency: ARG - Argentine peso (ARS),ARG,0.861
Argentina,ADM - Administrative records and related sources,Statutory nominal gross monthly minimum wage,Currency: U.S. dollars,2018,402.207,Type of minimum wage: Singular national minimum wage | Currency: ARG - Argentine peso (ARS),ARG,0.861
Argentina,ADM - Administrative records and related sources,Statutory nominal gross monthly minimum wage,Currency: U.S. dollars,2017,534.937,Type of minimum wage: Singular national minimum wage | Currency: ARG - Argentine peso (ARS),ARG,0.861
Argentina,ADM - Administrative records and related sources,Statutory nominal gross monthly minimum wage,Currency: U.S. dollars,2016,512.258,Type of minimum wage: Singular national minimum wage | Currency: ARG - Argentine peso (ARS),ARG,0.857
Argentina,ADM - Administrative records and related sources,Statutory nominal gross monthly minimum wage,Currency: U.S. dollars,2015,605.208,Type of minimum wage: Singular national minimum wage | Currency: ARG - Argentine peso (ARS),ARG,0.859
Argentina,ADM - Administrative records and related sources,Statutory nominal gross monthly minimum wage,Currency: U.S. dollars,2014,544.873,Type of minimum wage: Singular national minimum wage | Currency: ARG - Argentine peso (ARS),ARG,0.855
Argentina,ADM - Administrative records and related sources,Statutory nominal gross monthly minimum wage,Currency: U.S. dollars,2013,604.467,Type of minimum wage: Singular national minimum wage | Currency: ARG - Argentine peso (ARS),ARG,0.852
Argentina,ADM - Administrative records and related sources,Statutory nominal gross monthly minimum wage,Currency: U.S. dollars,2012,588.503,Type of minimum wage: Singular national minimum wage | Currency: ARG - Argentine peso (ARS),ARG,0.85
Argentina,ADM - Administrative records and related sources,Statutory nominal gross monthly minimum wage,Currency: U.S. dollars,2011,559.592,Type of minimum wage: Singular national minimum wage | Currency: ARG - Argentine peso (ARS),ARG,0.852
Armenia,ADM - Labour legislation,Statutory nominal gross monthly minimum wage,Currency: U.S. dollars,2023,191.094,Type of minimum wage: Singular national minimum wage | Currency: ARM - Dram (AMD),ARM,0.811
Armenia,ADM - Labour legislation,Statutory nominal gross monthly minimum wage,Currency: U.S. dollars,2022,156.083,Type of minimum wage: Singular national minimum wage | Currency: ARM - Dram (AMD),ARM,0.801
Armenia,ADM - Labour legislation,Statutory nominal gross monthly minimum wage,Currency: U.S. dollars,2021,134.982,Type of minimum wage: Singular national minimum wage | Currency: ARM - Dram (AMD),ARM,0.786
Armenia,ADM - Labour legislation,Statutory nominal gross monthly minimum wage,Currency: U.S. dollars,2020,139.057,Type of minimum wage: Singular national minimum wage | Currency: ARM - Dram (AMD),ARM,0.761
Armenia,ADM - Labour legislation,Statutory nominal gross monthly minimum wage,Currency: U.S. dollars,2019,114.477,Type of minimum wage: Singular national minimum wage | Currency: ARM - Dram (AMD),ARM,0.796
Armenia,ADM - Labour legislation,Statutory nominal gross monthly minimum wage,Currency: U.S. dollars,2018,113.874,Type of minimum wage: Singular national minimum wage | Currency: ARM - Dram (AMD),ARM,0.789
Armenia,ADM - Labour legislation,Statutory nominal gross monthly minimum wage,Currency: U.S. dollars,2017,113.939,Type of minimum wage: Singular national minimum wage | Currency: ARM - Dram (AMD),ARM,0.785
Armenia,ADM - Labour legislation,Statutory nominal gross monthly minimum wage,Currency: U.S. dollars,2016,114.467,Type of minimum wage: Singular national minimum wage | Currency: ARM - Dram (AMD),ARM,0.783
Armenia,ADM - Labour legislation,Statutory nominal gross monthly minimum wage,Currency: U.S. dollars,2015,115.082,Type of minimum wage: Singular national minimum wage | Currency: ARM - Dram (AMD),ARM,0.777
Armenia,ADM - Labour legislation,Statutory nominal gross monthly minimum wage,Currency: U.S. dollars,2014,120.216,Type of minimum wage: Singular national minimum wage | Currency: ARM - Dram (AMD),ARM,0.772
Armenia,ADM - Labour legislation,Statutory nominal gross monthly minimum wage,Currency: U.S. dollars,2013,109.856,Type of minimum wage: Singular national minimum wage | Currency: ARM - Dram (AMD),ARM,0.766
Armenia,ADM - Labour legislation,Statutory nominal gross monthly minimum wage,Currency: U.S. dollars,2012,80.893,Type of minimum wage: Singular national minimum wage | Currency: ARM - Dram (AMD),ARM,0.761
Armenia,ADM - Labour legislation,Statutory nominal gross monthly minimum wage,Currency: U.S. dollars,2011,87.248,Type of minimum wage: Singular national minimum wage | Currency: ARM - Dram (AMD),ARM,0.752
Armenia,ADM - Labour legislation,Statutory nominal gross monthly minimum wage,Currency: U.S. dollars,2010,80.287,Type of minimum wage: Singular national minimum wage | Currency: ARM - Dram (AMD),ARM,0.747
Armenia,ADM - Labour legislation,Statutory nominal gross monthly minimum wage,Currency: U.S. dollars,2009,82.58,Type of minimum wage: Singular national minimum wage | Currency: ARM - Dram (AMD),ARM,0.741
Armenia,ADM - Labour legislation,Statutory nominal gross monthly minimum wage,Currency: U.S. dollars,2008,81.708,Type of minimum wage: Singular national minimum wage | Currency: ARM - Dram (AMD),ARM,0.743
Armenia,ADM - Labour legislation,Statutory nominal gross monthly minimum wage,Currency: U.S. dollars,2007,58.466,Currency: ARM - Dram (AMD),ARM,0.739
Armenia,ADM - Labour legislation,Statutory nominal gross monthly minimum wage,Currency: U.S. dollars,2006,36.054,Currency: ARM - Dram (AMD),ARM,0.725
Armenia,ADM - Labour legislation,Statutory nominal gross monthly minimum wage,Currency: U.S. dollars,2005,28.404,Currency: ARM - Dram (AMD),ARM,0.711
Armenia,ADM - Labour legislation,Statutory nominal gross monthly minimum wage,Currency: U.S. dollars,2004,24.37,Currency: ARM - Dram (AMD),ARM,0.7
Armenia,ADM - Labour legislation,Statutory nominal gross monthly minimum wage,Currency: U.S. dollars,2003,8.639,Currency: ARM - Dram (AMD),ARM,0.692
Armenia,ADM - Labour legislation,Statutory nominal gross monthly minimum wage,Currency: U.S. dollars,2002,8.721,Currency: ARM - Dram (AMD),ARM,0.682
Armenia,ADM - Labour legislation,Statutory nominal gross monthly minimum wage,Currency: U.S. dollars,2001,9.008,Currency: ARM - Dram (AMD),ARM,0.672
Armenia,ADM - Labour legislation,Statutory nominal gross monthly minimum wage,Currency: U.S. dollars,2000,9.267,Currency: ARM - Dram (AMD),ARM,0.667
Antigua and Barbuda,ADM - Legislation du Travail,Statutory nominal gross monthly minimum wage,Currency: U.S. dollars,2023,577.333,Type of minimum wage: Singular national minimum wage | Currency: ATG - East Caribbean dollar (XCD) | ILO calculation: Hourly figure multiplied by 40 hours and 4.33 weeks,ATG,0.851
Antigua and Barbuda,ADM - Legislation du Travail,Statutory nominal gross monthly minimum wage,Currency: U.S. dollars,2022,526.015,Type of minimum wage: Singular national minimum wage | Currency: ATG - East Caribbean dollar (XCD) | ILO calculation: Hourly figure multiplied by 40 hours and 4.33 weeks,ATG,0.848
Antigua and Barbuda,ADM - Legislation du Travail,Statutory nominal gross monthly minimum wage,Currency: U.S. dollars,2021,526.015,Type of minimum wage: Singular national minimum wage | Currency: ATG - East Caribbean dollar (XCD) | ILO calculation: Hourly figure multiplied by 40 hours and 4.33 weeks,ATG,0.843
Antigua and Barbuda,ADM - Legislation du Travail,Statutory nominal gross monthly minimum wage,Currency: U.S. dollars,2020,526.015,Type of minimum wage: Singular national minimum wage | Currency: ATG - East Caribbean dollar (XCD) | ILO calculation: Hourly figure multiplied by 40 hours and 4.33 weeks,ATG,0.84
Antigua and Barbuda,ADM - Legislation du Travail,Statutory nominal gross monthly minimum wage,Currency: U.S. dollars,2019,526.015,Type of minimum wage: Singular national minimum wage | Currency: ATG - East Caribbean dollar (XCD) | ILO calculation: Hourly figure multiplied by 40 hours and 4.33 weeks,ATG,0.851
Antigua and Barbuda,ADM - Legislation du Travail,Statutory nominal gross monthly minimum wage,Currency: U.S. dollars,2018,526.015,Type of minimum wage: Singular national minimum wage | Currency: ATG - East Caribbean dollar (XCD) | ILO calculation: Hourly figure multiplied by 40 hours and 4.33 weeks,ATG,0.85
Antigua and Barbuda,ADM - Legislation du Travail,Statutory nominal gross monthly minimum wage,Currency: U.S. dollars,2017,526.015,Type of minimum wage: Singular national minimum wage | Currency: ATG - East Caribbean dollar (XCD) | ILO calculation: Hourly figure multiplied by 40 hours and 4.33 weeks,ATG,0.845
Antigua and Barbuda,ADM - Legislation du Travail,Statutory nominal gross monthly minimum wage,Currency: U.S. dollars,2016,526.015,Type of minimum wage: Singular national minimum wage | Currency: ATG - East Caribbean dollar (XCD) | ILO calculation: Hourly figure multiplied by 40 hours and 4.33 weeks,ATG,0.842
Antigua and Barbuda,ADM - Legislation du Travail,Statutory nominal gross monthly minimum wage,Currency: U.S. dollars,2015,526.015,Type of minimum wage: Singular national minimum wage | Currency: ATG - East Caribbean dollar (XCD) | ILO calculation: Hourly figure multiplied by 40 hours and 4.33 weeks,ATG,0.839
Antigua and Barbuda,ADM - Legislation du Travail,Statutory nominal gross monthly minimum wage,Currency: U.S. dollars,2014,526.015,Type of minimum wage: Singular national minimum wage | Currency: ATG - East Caribbean dollar (XCD) | ILO calculation: Hourly figure multiplied by 40 hours and 4.33 weeks,ATG,0.837
Antigua and Barbuda,ADM - Legislation du Travail,Statutory nominal gross monthly minimum wage,Currency: U.S. dollars,2013,526.015,Type of minimum wage: Singular national minimum wage | Currency: ATG - East Caribbean dollar (XCD) | ILO calculation: Hourly figure multiplied by 40 hours and 4.33 weeks,ATG,0.835
Antigua and Barbuda,ADM - Legislation du Travail,Statutory nominal gross monthly minimum wage,Currency: U.S. dollars,2012,577.778,Type of minimum wage: Singular national minimum wage | Currency: ATG - East Caribbean dollar (XCD) | ILO calculation: Hourly figure multiplied by 40 hours and 4.33 weeks,ATG,0.833
Antigua and Barbuda,ADM - Legislation du Travail,Statutory nominal gross monthly minimum wage,Currency: U.S. dollars,2011,577.778,Type of minimum wage: Singular national minimum wage | Currency: ATG - East Caribbean dollar (XCD) | ILO calculation: Hourly figure multiplied by 40 hours and 4.33 weeks,ATG,0.828
Antigua and Barbuda,ADM - Legislation du Travail,Statutory nominal gross monthly minimum wage,Currency: U.S. dollars,2010,577.778,Type of minimum wage: Singular national minimum wage | Currency: ATG - East Caribbean dollar (XCD) | ILO calculation: Hourly figure multiplied by 40 hours and 4.33 weeks,ATG,0.828
Antigua and Barbuda,ADM - Legislation du Travail,Statutory nominal gross monthly minimum wage,Currency: U.S. dollars,2009,577.778,Type of minimum wage: Singular national minimum wage | Currency: ATG - East Caribbean dollar (XCD) | ILO calculation: Hourly figure multiplied by 40 hours and 4.33 weeks,ATG,0.827
Antigua and Barbuda,ADM - Legislation du Travail,Statutory nominal gross monthly minimum wage,Currency: U.S. dollars,2008,577.778,Type of minimum wage: Singular national minimum wage | Currency: ATG - East Caribbean dollar (XCD) | ILO calculation: Hourly figure multiplied by 40 hours and 4.33 weeks,ATG,0.83
Australia,ADM - Labour legislation,Statutory nominal gross monthly minimum wage,Currency: U.S. dollars,2023,2460.163,Type of minimum wage: National floor | Currency: AUS - Australian dollar (AUD) | ILO calculation: Weekly figure multiplied by 4.33 weeks,AUS,0.958
Australia,ADM - Labour legislation,Statutory nominal gross monthly minimum wage,Currency: U.S. dollars,2022,2442.02,Type of minimum wage: National floor | Currency: AUS - Australian dollar (AUD) | ILO calculation: Weekly figure multiplied by 4.33 weeks,AUS,0.952
Australia,ADM - Labour legislation,Statutory nominal gross monthly minimum wage,Currency: U.S. dollars,2021,2514.928,Type of minimum wage: National floor | Currency: AUS - Australian dollar (AUD) | ILO calculation: Weekly figure multiplied by 4.33 weeks,AUS,0.954
Australia,ADM - Labour legislation,Statutory nominal gross monthly minimum wage,Currency: U.S. dollars,2020,2247.953,Type of minimum wage: National floor | Currency: AUS - Australian dollar (AUD) | ILO calculation: Weekly figure multiplied by 4.33 weeks,AUS,0.95
Australia,ADM - Labour legislation,Statutory nominal gross monthly minimum wage,Currency: U.S. dollars,2019,2231.574,Type of minimum wage: National floor | Currency: AUS - Australian dollar (AUD) | ILO calculation: Weekly figure multiplied by 4.33 weeks,AUS,0.947
Australia,ADM - Labour legislation,Statutory nominal gross monthly minimum wage,Currency: U.S. dollars,2018,2328.53,Type of minimum wage: National floor | Currency: AUS - Australian dollar (AUD) | ILO calculation: Weekly figure multiplied by 4.33 weeks,AUS,0.945
Australia,ADM - Labour legislation,Statutory nominal gross monthly minimum wage,Currency: U.S. dollars,2017,2307.886,Type of minimum wage: National floor | Currency: AUS - Australian dollar (AUD) | ILO calculation: Weekly figure multiplied by 4.33 weeks,AUS,0.94
Australia,ADM - Labour legislation,Statutory nominal gross monthly minimum wage,Currency: U.S. dollars,2016,2166.966,Type of minimum wage: National floor | Currency: AUS - Australian dollar (AUD) | ILO calculation: Weekly figure multiplied by 4.33 weeks,AUS,0.939
Australia,ADM - Labour legislation,Statutory nominal gross monthly minimum wage,Currency: U.S. dollars,2015,2138.523,Type of minimum wage: National floor | Currency: AUS - Australian dollar (AUD) | ILO calculation: Weekly figure multiplied by 4.33 weeks,AUS,0.938
Australia,ADM - Labour legislation,Statutory nominal gross monthly minimum wage,Currency: U.S. dollars,2014,2503.448,Type of minimum wage: National floor | Currency: AUS - Australian dollar (AUD) | ILO calculation: Weekly figure multiplied by 4.33 weeks,AUS,0.937
Australia,ADM - Labour legislation,Statutory nominal gross monthly minimum wage,Currency: U.S. dollars,2013,2602.904,Type of minimum wage: National floor | Currency: AUS - Australian dollar (AUD) | ILO calculation: Weekly figure multiplied by 4.33 weeks,AUS,0.935
Australia,ADM - Labour legislation,Statutory nominal gross monthly minimum wage,Currency: U.S. dollars,2012,2720.781,Type of minimum wage: National floor | Currency: AUS - Australian dollar (AUD) | ILO calculation: Weekly figure multiplied by 4.33 weeks,AUS,0.938
Australia,ADM - Labour legislation,Statutory nominal gross monthly minimum wage,Currency: U.S. dollars,2011,2634.069,Type of minimum wage: National floor | Currency: AUS - Australian dollar (AUD) | ILO calculation: Weekly figure multiplied by 4.33 weeks,AUS,0.933
Australia,ADM - Labour legislation,Statutory nominal gross monthly minimum wage,Currency: U.S. dollars,2010,2265.326,Type of minimum wage: National floor | Currency: AUS - Australian dollar (AUD) | ILO calculation: Weekly figure multiplied by 4.33 weeks,AUS,0.929
Australia,ADM - Labour legislation,Statutory nominal gross monthly minimum wage,Currency: U.S. dollars,2009,1837.779,Type of minimum wage: National floor | Currency: AUS - Australian dollar (AUD) | ILO calculation: Weekly figure multiplied by 4.33 weeks,AUS,0.927
Australia,ADM - Labour legislation,Statutory nominal gross monthly minimum wage,Currency: U.S. dollars,2008,1976.533,Type of minimum wage: National floor | Currency: AUS - Australian dollar (AUD) | ILO calculation: Weekly figure multiplied by 4.33 weeks,AUS,0.924
Australia,ADM - Labour legislation,Statutory nominal gross monthly minimum wage,Currency: U.S. dollars,2007,1855.954,Currency: AUS - Australian dollar (AUD),AUS,0.919
Australia,ADM - Labour legislation,Statutory nominal gross monthly minimum wage,Currency: U.S. dollars,2006,1581.357,Currency: AUS - Australian dollar (AUD),AUS,0.917
Australia,ADM - Labour legislation,Statutory nominal gross monthly minimum wage,Currency: U.S. dollars,2005,1546.423,Currency: AUS - Australian dollar (AUD),AUS,0.914
Australia,ADM - Labour legislation,Statutory nominal gross monthly minimum wage,Currency: U.S. dollars,2004,1428.937,Currency: AUS - Australian dollar (AUD),AUS,0.91
Australia,ADM - Labour legislation,Statutory nominal gross monthly minimum wage,Currency: U.S. dollars,2003,1212.13,Currency: AUS - Australian dollar (AUD),AUS,0.906
Australia,ADM - Labour legislation,Statutory nominal gross monthly minimum wage,Currency: U.S. dollars,2002,973.072,Currency: AUS - Australian dollar (AUD),AUS,0.902
Australia,ADM - Labour legislation,Statutory nominal gross monthly minimum wage,Currency: U.S. dollars,2001,897.363,Currency: AUS - Australian dollar (AUD),AUS,0.9
Australia,ADM - Labour legislation,Statutory nominal gross monthly minimum wage,Currency: U.S. dollars,2000,968.213,Currency: AUS - Australian dollar (AUD),AUS,0.897
Azerbaijan,ADM - Labour legislation,Statutory nominal gross monthly minimum wage,Currency: U.S. dollars,2023,202.941,Type of minimum wage: Singular national minimum wage | Currency: AZE - Azerbaijani manat (AZN),AZE,0.789
Azerbaijan,ADM - Labour legislation,Statutory nominal gross monthly minimum wage,Currency: U.S. dollars,2022,176.471,Type of minimum wage: Singular national minimum wage | Currency: AZE - Azerbaijani manat (AZN),AZE,0.784
Azerbaijan,ADM - Labour legislation,Statutory nominal gross monthly minimum wage,Currency: U.S. dollars,2021,147.059,Type of minimum wage: Singular national minimum wage | Currency: AZE - Azerbaijani manat (AZN),AZE,0.765
Azerbaijan,ADM - Labour legislation,Statutory nominal gross monthly minimum wage,Currency: U.S. dollars,2020,147.059,Type of minimum wage: Singular national minimum wage | Currency: AZE - Azerbaijani manat (AZN),AZE,0.757
Azerbaijan,ADM - Labour legislation,Statutory nominal gross monthly minimum wage,Currency: U.S. dollars,2019,147.059,Type of minimum wage: Singular national minimum wage | Currency: AZE - Azerbaijani manat (AZN),AZE,0.78
Azerbaijan,ADM - Labour legislation,Statutory nominal gross monthly minimum wage,Currency: U.S. dollars,2018,76.47,Type of minimum wage: Singular national minimum wage | Currency: AZE - Azerbaijani manat (AZN),AZE,0.775
Azerbaijan,ADM - Labour legislation,Statutory nominal gross monthly minimum wage,Currency: U.S. dollars,2017,67.397,Type of minimum wage: Singular national minimum wage | Currency: AZE - Azerbaijani manat (AZN),AZE,0.774
Azerbaijan,ADM - Labour legislation,Statutory nominal gross monthly minimum wage,Currency: U.S. dollars,2016,65.801,Type of minimum wage: Singular national minimum wage | Currency: AZE - Azerbaijani manat (AZN),AZE,0.772
Azerbaijan,ADM - Labour legislation,Statutory nominal gross monthly minimum wage,Currency: U.S. dollars,2015,102.483,Type of minimum wage: Singular national minimum wage | Currency: AZE - Azerbaijani manat (AZN),AZE,0.771
Azerbaijan,ADM - Labour legislation,Statutory nominal gross monthly minimum wage,Currency: U.S. dollars,2014,133.869,Type of minimum wage: Singular national minimum wage | Currency: AZE - Azerbaijani manat (AZN),AZE,0.766
Azerbaijan,ADM - Labour legislation,Statutory nominal gross monthly minimum wage,Currency: U.S. dollars,2013,133.836,Type of minimum wage: Singular national minimum wage | Currency: AZE - Azerbaijani manat (AZN),AZE,0.757
Azerbaijan,ADM - Labour legislation,Statutory nominal gross monthly minimum wage,Currency: U.S. dollars,2012,119.01,Type of minimum wage: Singular national minimum wage | Currency: AZE - Azerbaijani manat (AZN),AZE,0.751
Azerbaijan,ADM - Labour legislation,Statutory nominal gross monthly minimum wage,Currency: U.S. dollars,2011,118.401,Type of minimum wage: Singular national minimum wage | Currency: AZE - Azerbaijani manat (AZN),AZE,0.746
Azerbaijan,ADM - Labour legislation,Statutory nominal gross monthly minimum wage,Currency: U.S. dollars,2010,105.899,Type of minimum wage: Singular national minimum wage | Currency: AZE - Azerbaijani manat (AZN),AZE,0.744
Azerbaijan,ADM - Labour legislation,Statutory nominal gross monthly minimum wage,Currency: U.S. dollars,2009,93.309,Type of minimum wage: Singular national minimum wage | Currency: AZE - Azerbaijani manat (AZN),AZE,0.74
Azerbaijan,ADM - Labour legislation,Statutory nominal gross monthly minimum wage,Currency: U.S. dollars,2008,91.283,Type of minimum wage: Singular national minimum wage | Currency: AZE - Azerbaijani manat (AZN),AZE,0.731
Azerbaijan,ADM - Labour legislation,Statutory nominal gross monthly minimum wage,Currency: U.S. dollars,2007,58.267,Type of minimum wage: Singular national minimum wage | Currency: AZE - Azerbaijani manat (AZN),AZE,0.72
Azerbaijan,ADM - Labour legislation,Statutory nominal gross monthly minimum wage,Currency: U.S. dollars,2006,39.174,Type of minimum wage: Singular national minimum wage | Currency: AZE - Azerbaijani manat (AZN),AZE,0.711
Azerbaijan,ADM - Labour legislation,Statutory nominal gross monthly minimum wage,Currency: U.S. dollars,2005,31.732,Type of minimum wage: Singular national minimum wage | Currency: AZE - Azerbaijani manat (AZN),AZE,0.692
Azerbaijan,ADM - Labour legislation,Statutory nominal gross monthly minimum wage,Currency: U.S. dollars,2004,20.352,Type of minimum wage: Singular national minimum wage | Currency: AZE - Azerbaijani manat (AZN),AZE,0.682
Azerbaijan,ADM - Labour legislation,Statutory nominal gross monthly minimum wage,Currency: U.S. dollars,2003,9.164,Type of minimum wage: Singular national minimum wage | Currency: AZE - Azerbaijani manat (AZN),AZE,0.676
Azerbaijan,ADM - Labour legislation,Statutory nominal gross monthly minimum wage,Currency: U.S. dollars,2002,5.657,Type of minimum wage: Singular national minimum wage | Currency: AZE - Azerbaijani manat (AZN),AZE,0.669
Azerbaijan,ADM - Labour legislation,Statutory nominal gross monthly minimum wage,Currency: U.S. dollars,2001,5.906,Type of minimum wage: Singular national minimum wage | Currency: AZE - Azerbaijani manat (AZN),AZE,0.66
Azerbaijan,ADM - Labour legislation,Statutory nominal gross monthly minimum wage,Currency: U.S. dollars,2000,1.229,Type of minimum wage: Singular national minimum wage | Currency: AZE - Azerbaijani manat (AZN),AZE,0.652
Burundi,ADM - Labour legislation,Statutory nominal gross monthly minimum wage,Currency: U.S. dollars,2023,1.615,Type of minimum wage: Regional (urban areas) | Currency: BDI - Burundian franc (BIF) | ILO calculation: Daily figure multiplied by 6 days and 4.33 weeks,BDI,0.439
Burundi,ADM - Labour legislation,Statutory nominal gross monthly minimum wage,Currency: U.S. dollars,2022,1.704,Type of minimum wage: Regional (urban areas) | Currency: BDI - Burundian franc (BIF) | ILO calculation: Daily figure multiplied by 6 days and 4.33 weeks,BDI,0.437
Burundi,ADM - Labour legislation,Statutory nominal gross monthly minimum wage,Currency: U.S. dollars,2021,1.754,Type of minimum wage: Regional (urban areas) | Currency: BDI - Burundian franc (BIF) | ILO calculation: Daily figure multiplied by 6 days and 4.33 weeks,BDI,0.435
Burundi,ADM - Labour legislation,Statutory nominal gross monthly minimum wage,Currency: U.S. dollars,2020,1.81,Type of minimum wage: Regional (urban areas) | Currency: BDI - Burundian franc (BIF) | ILO calculation: Daily figure multiplied by 6 days and 4.33 weeks,BDI,0.435
Burundi,ADM - Labour legislation,Statutory nominal gross monthly minimum wage,Currency: U.S. dollars,2019,1.878,Type of minimum wage: Regional (urban areas) | Currency: BDI - Burundian franc (BIF) | ILO calculation: Daily figure multiplied by 6 days and 4.33 weeks,BDI,0.435
Burundi,ADM - Labour legislation,Statutory nominal gross monthly minimum wage,Currency: U.S. dollars,2018,1.944,Type of minimum wage: Regional (urban areas) | Currency: BDI - Burundian franc (BIF) | ILO calculation: Daily figure multiplied by 6 days and 4.33 weeks,BDI,0.434
Burundi,ADM - Labour legislation,Statutory nominal gross monthly minimum wage,Currency: U.S. dollars,2017,2.005,Type of minimum wage: Regional (urban areas) | Currency: BDI - Burundian franc (BIF) | ILO calculation: Daily figure multiplied by 6 days and 4.33 weeks,BDI,0.434
Burundi,ADM - Labour legislation,Statutory nominal gross monthly minimum wage,Currency: U.S. dollars,2016,2.095,Type of minimum wage: Regional (urban areas) | Currency: BDI - Burundian franc (BIF) | ILO calculation: Daily figure multiplied by 6 days and 4.33 weeks,BDI,0.436
Burundi,ADM - Labour legislation,Statutory nominal gross monthly minimum wage,Currency: U.S. dollars,2015,2.205,Type of minimum wage: Regional (urban areas) | Currency: BDI - Burundian franc (BIF) | ILO calculation: Daily figure multiplied by 6 days and 4.33 weeks,BDI,0.432
Burundi,ADM - Labour legislation,Statutory nominal gross monthly minimum wage,Currency: U.S. dollars,2014,2.241,Type of minimum wage: Regional (urban areas) | Currency: BDI - Burundian franc (BIF) | ILO calculation: Daily figure multiplied by 6 days and 4.33 weeks,BDI,0.431
Burundi,ADM - Labour legislation,Statutory nominal gross monthly minimum wage,Currency: U.S. dollars,2013,2.229,Type of minimum wage: Regional (urban areas) | Currency: BDI - Burundian franc (BIF) | ILO calculation: Daily figure multiplied by 6 days and 4.33 weeks,BDI,0.428
Burundi,ADM - Labour legislation,Statutory nominal gross monthly minimum wage,Currency: U.S. dollars,2012,2.403,Type of minimum wage: Regional (urban areas) | Currency: BDI - Burundian franc (BIF) | ILO calculation: Daily figure multiplied by 6 days and 4.33 weeks,BDI,0.425
Burundi,ADM - Labour legislation,Statutory nominal gross monthly minimum wage,Currency: U.S. dollars,2011,2.749,Type of minimum wage: Regional (urban areas) | Currency: BDI - Burundian franc (BIF) | ILO calculation: Daily figure multiplied by 6 days and 4.33 weeks,BDI,0.42
Burundi,ADM - Labour legislation,Statutory nominal gross monthly minimum wage,Currency: U.S. dollars,2010,2.817,Type of minimum wage: Regional (urban areas) | Currency: BDI - Burundian franc (BIF) | ILO calculation: Daily figure multiplied by 6 days and 4.33 weeks,BDI,0.416
Burundi,ADM - Labour legislation,Statutory nominal gross monthly minimum wage,Currency: U.S. dollars,2009,2.818,Type of minimum wage: Regional (urban areas) | Currency: BDI - Burundian franc (BIF) | ILO calculation: Daily figure multiplied by 6 days and 4.33 weeks,BDI,0.409
Burundi,ADM - Labour legislation,Statutory nominal gross monthly minimum wage,Currency: U.S. dollars,2008,2.924,Type of minimum wage: Regional (urban areas) | Currency: BDI - Burundian franc (BIF) | ILO calculation: Daily figure multiplied by 6 days and 4.33 weeks,BDI,0.401
Burundi,ADM - Labour legislation,Statutory nominal gross monthly minimum wage,Currency: U.S. dollars,2007,3.205,Currency: BDI - Burundian franc (BIF),BDI,0.389
Burundi,ADM - Labour legislation,Statutory nominal gross monthly minimum wage,Currency: U.S. dollars,2006,3.37,Currency: BDI - Burundian franc (BIF),BDI,0.376
Burundi,ADM - Labour legislation,Statutory nominal gross monthly minimum wage,Currency: U.S. dollars,2005,3.205,Currency: BDI - Burundian franc (BIF),BDI,0.352
Burundi,ADM - Labour legislation,Statutory nominal gross monthly minimum wage,Currency: U.S. dollars,2004,3.149,Currency: BDI - Burundian franc (BIF),BDI,0.344
Burundi,ADM - Labour legislation,Statutory nominal gross monthly minimum wage,Currency: U.S. dollars,2003,3.202,Currency: BDI - Burundian franc (BIF),BDI,0.332
Burundi,ADM - Labour legislation,Statutory nominal gross monthly minimum wage,Currency: U.S. dollars,2002,3.725,Currency: BDI - Burundian franc (BIF),BDI,0.324
Burundi,ADM - Labour legislation,Statutory nominal gross monthly minimum wage,Currency: U.S. dollars,2001,4.175,Currency: BDI - Burundian franc (BIF),BDI,0.311
Burundi,ADM - Labour legislation,Statutory nominal gross monthly minimum wage,Currency: U.S. dollars,2000,4.811,Currency: BDI - Burundian franc (BIF),BDI,0.308
Belgium,ADM - Labour legislation,Statutory nominal gross monthly minimum wage,Currency: U.S. dollars,2023,2113.88,Type of minimum wage: Singular national minimum wage | Currency: BEL - Euro (EUR),BEL,0.951
Belgium,ADM - Labour legislation,Statutory nominal gross monthly minimum wage,Currency: U.S. dollars,2022,1939.716,Type of minimum wage: Singular national minimum wage | Currency: BEL - Euro (EUR),BEL,0.945
Belgium,ADM - Labour legislation,Statutory nominal gross monthly minimum wage,Currency: U.S. dollars,2021,1923.136,Type of minimum wage: Singular national minimum wage | Currency: BEL - Euro (EUR),BEL,0.948
Belgium,ADM - Labour legislation,Statutory nominal gross monthly minimum wage,Currency: U.S. dollars,2020,1857.211,Type of minimum wage: Singular national minimum wage | Currency: BEL - Euro (EUR),BEL,0.939
Belgium,ADM - Labour legislation,Statutory nominal gross monthly minimum wage,Currency: U.S. dollars,2019,1784.442,Type of minimum wage: Singular national minimum wage | Currency: BEL - Euro (EUR),BEL,0.945
Belgium,ADM - Labour legislation,Statutory nominal gross monthly minimum wage,Currency: U.S. dollars,2018,1845.832,Type of minimum wage: Singular national minimum wage | Currency: BEL - Euro (EUR),BEL,0.942
Belgium,ADM - Labour legislation,Statutory nominal gross monthly minimum wage,Currency: U.S. dollars,2017,1765.692,Type of minimum wage: Singular national minimum wage | Currency: BEL - Euro (EUR),BEL,0.94
Belgium,ADM - Labour legislation,Statutory nominal gross monthly minimum wage,Currency: U.S. dollars,2016,1695.776,Type of minimum wage: Singular national minimum wage | Currency: BEL - Euro (EUR),BEL,0.936
Belgium,ADM - Labour legislation,Statutory nominal gross monthly minimum wage,Currency: U.S. dollars,2015,1666.488,Type of minimum wage: Singular national minimum wage | Currency: BEL - Euro (EUR),BEL,0.933
Belgium,ADM - Labour legislation,Statutory nominal gross monthly minimum wage,Currency: U.S. dollars,2014,1995.408,Type of minimum wage: Singular national minimum wage | Currency: BEL - Euro (EUR),BEL,0.93
Belgium,ADM - Labour legislation,Statutory nominal gross monthly minimum wage,Currency: U.S. dollars,2013,1994.833,Type of minimum wage: Singular national minimum wage | Currency: BEL - Euro (EUR),BEL,0.925
Belgium,ADM - Labour legislation,Statutory nominal gross monthly minimum wage,Currency: U.S. dollars,2012,1891.209,Type of minimum wage: Singular national minimum wage | Currency: BEL - Euro (EUR),BEL,0.923
Belgium,ADM - Labour legislation,Statutory nominal gross monthly minimum wage,Currency: U.S. dollars,2011,2009.983,Type of minimum wage: Singular national minimum wage | Currency: BEL - Euro (EUR),BEL,0.923
Belgium,ADM - Labour legislation,Statutory nominal gross monthly minimum wage,Currency: U.S. dollars,2010,1840.095,Type of minimum wage: Singular national minimum wage | Currency: BEL - Euro (EUR),BEL,0.921
Belgium,ADM - Labour legislation,Statutory nominal gross monthly minimum wage,Currency: U.S. dollars,2009,1935.958,Type of minimum wage: Singular national minimum wage | Currency: BEL - Euro (EUR),BEL,0.919
Belgium,ADM - Labour legislation,Statutory nominal gross monthly minimum wage,Currency: U.S. dollars,2008,1964.929,Type of minimum wage: Singular national minimum wage | Currency: BEL - Euro (EUR),BEL,0.917
Belgium,ADM - Labour legislation,Statutory nominal gross monthly minimum wage,Currency: U.S. dollars,2007,1758.323,Type of minimum wage: Singular national minimum wage | Currency: BEL - Euro (EUR),BEL,0.916
Belgium,ADM - Labour legislation,Statutory nominal gross monthly minimum wage,Currency: U.S. dollars,2006,1549.409,Type of minimum wage: Singular national minimum wage | Currency: BEL - Euro (EUR),BEL,0.913
Belgium,ADM - Labour legislation,Statutory nominal gross monthly minimum wage,Currency: U.S. dollars,2005,1505.349,Type of minimum wage: Singular national minimum wage | Currency: BEL - Euro (EUR),BEL,0.911
Belgium,ADM - Labour legislation,Statutory nominal gross monthly minimum wage,Currency: U.S. dollars,2004,1475.268,Type of minimum wage: Singular national minimum wage | Currency: BEL - Euro (EUR),BEL,0.909
Belgium,ADM - Labour legislation,Statutory nominal gross monthly minimum wage,Currency: U.S. dollars,2003,1341.556,Type of minimum wage: Singular national minimum wage | Currency: BEL - Euro (EUR),BEL,0.903
Belgium,ADM - Labour legislation,Statutory nominal gross monthly minimum wage,Currency: U.S. dollars,2002,1099.702,Type of minimum wage: Singular national minimum wage | Currency: BEL - Euro (EUR),BEL,0.901
Belgium,ADM - Labour legislation,Statutory nominal gross monthly minimum wage,Currency: U.S. dollars,2001,1021.018,Type of minimum wage: Singular national minimum wage | Currency: BEL - Euro (EUR),BEL,0.899
Belgium,ADM - Labour legislation,Statutory nominal gross monthly minimum wage,Currency: U.S. dollars,2000,1012.279,Type of minimum wage: Singular national minimum wage | Currency: BEL - Euro (EUR),BEL,0.894
Benin,ADM - Labour legislation,Statutory nominal gross monthly minimum wage,Currency: U.S. dollars,2023,85.716,Type of minimum wage: Singular national minimum wage | Currency: BEN - West African CFA franc (XOF),BEN,0.515
Benin,ADM - Labour legislation,Statutory nominal gross monthly minimum wage,Currency: U.S. dollars,2022,64.214,Type of minimum wage: Singular national minimum wage | Currency: BEN - West African CFA franc (XOF),BEN,0.512
Benin,ADM - Labour legislation,Statutory nominal gross monthly minimum wage,Currency: U.S. dollars,2021,72.123,Type of minimum wage: Singular national minimum wage | Currency: BEN - West African CFA franc (XOF),BEN,0.506
Benin,ADM - Labour legislation,Statutory nominal gross monthly minimum wage,Currency: U.S. dollars,2020,69.651,Type of minimum wage: Singular national minimum wage | Currency: BEN - West African CFA franc (XOF),BEN,0.504
Benin,ADM - Labour legislation,Statutory nominal gross monthly minimum wage,Currency: U.S. dollars,2019,68.265,Type of minimum wage: Singular national minimum wage | Currency: BEN - West African CFA franc (XOF),BEN,0.507
Benin,ADM - Labour legislation,Statutory nominal gross monthly minimum wage,Currency: U.S. dollars,2018,72.014,Type of minimum wage: Singular national minimum wage | Currency: BEN - West African CFA franc (XOF),BEN,0.507
Benin,ADM - Labour legislation,Statutory nominal gross monthly minimum wage,Currency: U.S. dollars,2017,68.888,Type of minimum wage: Singular national minimum wage | Currency: BEN - West African CFA franc (XOF),BEN,0.507
Benin,ADM - Labour legislation,Statutory nominal gross monthly minimum wage,Currency: U.S. dollars,2016,67.499,Type of minimum wage: Singular national minimum wage | Currency: BEN - West African CFA franc (XOF),BEN,0.51
Benin,ADM - Labour legislation,Statutory nominal gross monthly minimum wage,Currency: U.S. dollars,2015,67.658,Type of minimum wage: Singular national minimum wage | Currency: BEN - West African CFA franc (XOF),BEN,0.511
Benin,ADM - Labour legislation,Statutory nominal gross monthly minimum wage,Currency: U.S. dollars,2014,81.012,Type of minimum wage: Singular national minimum wage | Currency: BEN - West African CFA franc (XOF),BEN,0.509
Benin,ADM - Labour legislation,Statutory nominal gross monthly minimum wage,Currency: U.S. dollars,2013,64.031,Type of minimum wage: Singular national minimum wage | Currency: BEN - West African CFA franc (XOF),BEN,0.506
Benin,ADM - Labour legislation,Statutory nominal gross monthly minimum wage,Currency: U.S. dollars,2012,61.942,Type of minimum wage: Singular national minimum wage | Currency: BEN - West African CFA franc (XOF),BEN,0.497
Benin,ADM - Labour legislation,Statutory nominal gross monthly minimum wage,Currency: U.S. dollars,2011,67.109,Type of minimum wage: Singular national minimum wage | Currency: BEN - West African CFA franc (XOF),BEN,0.49
Benin,ADM - Labour legislation,Statutory nominal gross monthly minimum wage,Currency: U.S. dollars,2010,63.916,Type of minimum wage: Singular national minimum wage | Currency: BEN - West African CFA franc (XOF),BEN,0.485
Benin,ADM - Labour legislation,Statutory nominal gross monthly minimum wage,Currency: U.S. dollars,2009,67.245,Type of minimum wage: Singular national minimum wage | Currency: BEN - West African CFA franc (XOF),BEN,0.48
Benin,ADM - Labour legislation,Statutory nominal gross monthly minimum wage,Currency: U.S. dollars,2008,70.908,Type of minimum wage: Singular national minimum wage | Currency: BEN - West African CFA franc (XOF),BEN,0.475
Benin,ADM - Labour legislation,Statutory nominal gross monthly minimum wage,Currency: U.S. dollars,2007,66.074,Currency: BEN - West African CFA franc (XOF),BEN,0.469
Benin,ADM - Labour legislation,Statutory nominal gross monthly minimum wage,Currency: U.S. dollars,2006,60.535,Currency: BEN - West African CFA franc (XOF),BEN,0.462
Benin,ADM - Labour legislation,Statutory nominal gross monthly minimum wage,Currency: U.S. dollars,2005,47.415,Currency: BEN - West African CFA franc (XOF),BEN,0.456
Benin,ADM - Labour legislation,Statutory nominal gross monthly minimum wage,Currency: U.S. dollars,2004,47.408,Currency: BEN - West African CFA franc (XOF),BEN,0.449
Benin,ADM - Labour legislation,Statutory nominal gross monthly minimum wage,Currency: U.S. dollars,2003,43.111,Currency: BEN - West African CFA franc (XOF),BEN,0.442
Benin,ADM - Labour legislation,Statutory nominal gross monthly minimum wage,Currency: U.S. dollars,2002,36.038,Currency: BEN - West African CFA franc (XOF),BEN,0.435
Benin,ADM - Labour legislation,Statutory nominal gross monthly minimum wage,Currency: U.S. dollars,2001,34.135,Currency: BEN - West African CFA franc (XOF),BEN,0.426
Benin,ADM - Labour legislation,Statutory nominal gross monthly minimum wage,Currency: U.S. dollars,2000,35.201,Currency: BEN - West African CFA franc (XOF),BEN,0.415
Burkina Faso,ADM - Administrative records and related sources,Statutory nominal gross monthly minimum wage,Currency: U.S. dollars,2023,57.148,Type of minimum wage: Rate of the SMIG when SMIG/SMAG system | Currency: BFA - West African CFA franc (XOF),BFA,0.459
Burkina Faso,ADM - Administrative records and related sources,Statutory nominal gross monthly minimum wage,Currency: U.S. dollars,2022,49.192,Type of minimum wage: Rate of the SMIG when SMIG/SMAG system | Currency: BFA - West African CFA franc (XOF),BFA,0.457
Burkina Faso,ADM - Labour legislation,Statutory nominal gross monthly minimum wage,Currency: U.S. dollars,2021,62.51,Type of minimum wage: Rate of the SMIG when SMIG/SMAG system | Currency: BFA - West African CFA franc (XOF),BFA,0.454
Burkina Faso,ADM - Labour legislation,Statutory nominal gross monthly minimum wage,Currency: U.S. dollars,2020,60.224,Type of minimum wage: Rate of the SMIG when SMIG/SMAG system | Currency: BFA - West African CFA franc (XOF),BFA,0.453
Burkina Faso,ADM - Labour legislation,Statutory nominal gross monthly minimum wage,Currency: U.S. dollars,2019,59.163,Type of minimum wage: Rate of the SMIG when SMIG/SMAG system | Currency: BFA - West African CFA franc (XOF),BFA,0.453
Burkina Faso,ADM - Labour legislation,Statutory nominal gross monthly minimum wage,Currency: U.S. dollars,2018,62.408,Type of minimum wage: Rate of the SMIG when SMIG/SMAG system | Currency: BFA - West African CFA franc (XOF),BFA,0.449
Burkina Faso,ADM - Labour legislation,Statutory nominal gross monthly minimum wage,Currency: U.S. dollars,2017,59.698,Type of minimum wage: Rate of the SMIG when SMIG/SMAG system | Currency: BFA - West African CFA franc (XOF),BFA,0.438
Burkina Faso,ADM - Labour legislation,Statutory nominal gross monthly minimum wage,Currency: U.S. dollars,2016,58.494,Type of minimum wage: Rate of the SMIG when SMIG/SMAG system | Currency: BFA - West African CFA franc (XOF),BFA,0.427
Burkina Faso,ADM - Labour legislation,Statutory nominal gross monthly minimum wage,Currency: U.S. dollars,2015,58.632,Type of minimum wage: Rate of the SMIG when SMIG/SMAG system | Currency: BFA - West African CFA franc (XOF),BFA,0.419
Burkina Faso,ADM - Labour legislation,Statutory nominal gross monthly minimum wage,Currency: U.S. dollars,2014,70.204,Type of minimum wage: Rate of the SMIG when SMIG/SMAG system | Currency: BFA - West African CFA franc (XOF),BFA,0.409
Burkina Faso,ADM - Labour legislation,Statutory nominal gross monthly minimum wage,Currency: U.S. dollars,2013,70.184,Type of minimum wage: Rate of the SMIG when SMIG/SMAG system | Currency: BFA - West African CFA franc (XOF),BFA,0.405
Burkina Faso,ADM - Labour legislation,Statutory nominal gross monthly minimum wage,Currency: U.S. dollars,2012,67.895,Type of minimum wage: Rate of the SMIG when SMIG/SMAG system | Currency: BFA - West African CFA franc (XOF),BFA,0.398
Burkina Faso,ADM - Labour legislation,Statutory nominal gross monthly minimum wage,Currency: U.S. dollars,2011,65.112,Type of minimum wage: Rate of the SMIG when SMIG/SMAG system | Currency: BFA - West African CFA franc (XOF),BFA,0.389
Burkina Faso,ADM - Labour legislation,Statutory nominal gross monthly minimum wage,Currency: U.S. dollars,2010,62.014,Type of minimum wage: Rate of the SMIG when SMIG/SMAG system | Currency: BFA - West African CFA franc (XOF),BFA,0.377
Burkina Faso,ADM - Labour legislation,Statutory nominal gross monthly minimum wage,Currency: U.S. dollars,2009,65.244,Type of minimum wage: Rate of the SMIG when SMIG/SMAG system | Currency: BFA - West African CFA franc (XOF),BFA,0.366
Burkina Faso,ADM - Labour legislation,Statutory nominal gross monthly minimum wage,Currency: U.S. dollars,2008,68.798,Type of minimum wage: Rate of the SMIG when SMIG/SMAG system | Currency: BFA - West African CFA franc (XOF),BFA,0.357
Burkina Faso,ADM - Labour legislation,Statutory nominal gross monthly minimum wage,Currency: U.S. dollars,2007,64.108,Currency: BFA - West African CFA franc (XOF),BFA,0.344
Burkina Faso,ADM - Labour legislation,Statutory nominal gross monthly minimum wage,Currency: U.S. dollars,2006,58.734,Currency: BFA - West African CFA franc (XOF),BFA,0.34
Burkina Faso,ADM - Labour legislation,Statutory nominal gross monthly minimum wage,Currency: U.S. dollars,2005,54.643,Currency: BFA - West African CFA franc (XOF),BFA,0.333
Burkina Faso,ADM - Labour legislation,Statutory nominal gross monthly minimum wage,Currency: U.S. dollars,2004,54.635,Currency: BFA - West African CFA franc (XOF),BFA,0.333
Burkina Faso,ADM - Labour legislation,Statutory nominal gross monthly minimum wage,Currency: U.S. dollars,2003,49.683,Currency: BFA - West African CFA franc (XOF),BFA,0.333
Burkina Faso,ADM - Labour legislation,Statutory nominal gross monthly minimum wage,Currency: U.S. dollars,2002,41.532,Currency: BFA - West African CFA franc (XOF),BFA,0.333
Burkina Faso,ADM - Labour legislation,Statutory nominal gross monthly minimum wage,Currency: U.S. dollars,2001,39.338,Currency: BFA - West African CFA franc (XOF),BFA,0.333
Burkina Faso,ADM - Labour legislation,Statutory nominal gross monthly minimum wage,Currency: U.S. dollars,2000,40.567,Currency: BFA - West African CFA franc (XOF),BFA,0.333
Bangladesh,ADM - Labour legislation,Statutory nominal gross monthly minimum wage,Currency: U.S. dollars,2023,117.581,Type of minimum wage: Singular national minimum wage | Currency: BGD - Taka (BDT),BGD,0.685
Bangladesh,ADM - Labour legislation,Statutory nominal gross monthly minimum wage,Currency: U.S. dollars,2022,16.35,Type of minimum wage: Singular national minimum wage | Currency: BGD - Taka (BDT),BGD,0.68
Bangladesh,ADM - Labour legislation,Statutory nominal gross monthly minimum wage,Currency: U.S. dollars,2021,17.63,Type of minimum wage: Singular national minimum wage | Currency: BGD - Taka (BDT),BGD,0.663
Bangladesh,ADM - Labour legislation,Statutory nominal gross monthly minimum wage,Currency: U.S. dollars,2020,17.674,Type of minimum wage: Singular national minimum wage | Currency: BGD - Taka (BDT),BGD,0.663
Bangladesh,ADM - Labour legislation,Statutory nominal gross monthly minimum wage,Currency: U.S. dollars,2019,17.761,Type of minimum wage: Singular national minimum wage | Currency: BGD - Taka (BDT),BGD,0.656
Bangladesh,ADM - Labour legislation,Statutory nominal gross monthly minimum wage,Currency: U.S. dollars,2018,17.971,Type of minimum wage: Singular national minimum wage | Currency: BGD - Taka (BDT),BGD,0.646
Bangladesh,ADM - Labour legislation,Statutory nominal gross monthly minimum wage,Currency: U.S. dollars,2017,18.648,Type of minimum wage: Singular national minimum wage | Currency: BGD - Taka (BDT),BGD,0.633
Bangladesh,ADM - Labour legislation,Statutory nominal gross monthly minimum wage,Currency: U.S. dollars,2016,19.116,Type of minimum wage: Singular national minimum wage | Currency: BGD - Taka (BDT),BGD,0.632
Bangladesh,ADM - Labour legislation,Statutory nominal gross monthly minimum wage,Currency: U.S. dollars,2015,19.244,Type of minimum wage: Singular national minimum wage | Currency: BGD - Taka (BDT),BGD,0.621
Bangladesh,ADM - Labour legislation,Statutory nominal gross monthly minimum wage,Currency: U.S. dollars,2014,19.32,Type of minimum wage: Singular national minimum wage | Currency: BGD - Taka (BDT),BGD,0.6
Bangladesh,ADM - Labour legislation,Statutory nominal gross monthly minimum wage,Currency: U.S. dollars,2013,19.205,Type of minimum wage: Singular national minimum wage | Currency: BGD - Taka (BDT),BGD,0.589
Bangladesh,ADM - Labour legislation,Statutory nominal gross monthly minimum wage,Currency: U.S. dollars,2012,18.323,Type of minimum wage: Singular national minimum wage | Currency: BGD - Taka (BDT),BGD,0.583
Bangladesh,ADM - Labour legislation,Statutory nominal gross monthly minimum wage,Currency: U.S. dollars,2011,20.229,Type of minimum wage: Singular national minimum wage | Currency: BGD - Taka (BDT),BGD,0.572
Bangladesh,ADM - Labour legislation,Statutory nominal gross monthly minimum wage,Currency: U.S. dollars,2010,21.536,Type of minimum wage: Singular national minimum wage | Currency: BGD - Taka (BDT),BGD,0.561
Bangladesh,ADM - Labour legislation,Statutory nominal gross monthly minimum wage,Currency: U.S. dollars,2009,21.727,Type of minimum wage: Singular national minimum wage | Currency: BGD - Taka (BDT),BGD,0.551
Bangladesh,ADM - Labour legislation,Statutory nominal gross monthly minimum wage,Currency: U.S. dollars,2008,21.866,Type of minimum wage: Singular national minimum wage | Currency: BGD - Taka (BDT),BGD,0.538
Bangladesh,ADM - Labour legislation,Statutory nominal gross monthly minimum wage,Currency: U.S. dollars,2007,24.131,Type of minimum wage: Sectoral | Currency: BGD - Taka (BDT),BGD,0.534
Bangladesh,ADM - Labour legislation,Statutory nominal gross monthly minimum wage,Currency: U.S. dollars,2006,24.11,Type of minimum wage: Sectoral | Currency: BGD - Taka (BDT),BGD,0.527
Bulgaria,ADM - Labour legislation,Statutory nominal gross monthly minimum wage,Currency: U.S. dollars,2023,431.185,Type of minimum wage: Singular national minimum wage | Currency: BGR - Lev (BGN),BGR,0.845
Bulgaria,ADM - Labour legislation,Statutory nominal gross monthly minimum wage,Currency: U.S. dollars,2022,381.691,Type of minimum wage: Singular national minimum wage | Currency: BGR - Lev (BGN),BGR,0.835
Bulgaria,ADM - Labour legislation,Statutory nominal gross monthly minimum wage,Currency: U.S. dollars,2021,393.04,Type of minimum wage: Singular national minimum wage | Currency: BGR - Lev (BGN),BGR,0.817
Bulgaria,ADM - Labour legislation,Statutory nominal gross monthly minimum wage,Currency: U.S. dollars,2020,355.409,Type of minimum wage: Singular national minimum wage | Currency: BGR - Lev (BGN),BGR,0.826
Bulgaria,ADM - Labour legislation,Statutory nominal gross monthly minimum wage,Currency: U.S. dollars,2019,320.542,Type of minimum wage: Singular national minimum wage | Currency: BGR - Lev (BGN),BGR,0.835
Bulgaria,ADM - Labour legislation,Statutory nominal gross monthly minimum wage,Currency: U.S. dollars,2018,307.777,Type of minimum wage: Singular national minimum wage | Currency: BGR - Lev (BGN),BGR,0.832
Bulgaria,ADM - Labour legislation,Statutory nominal gross monthly minimum wage,Currency: U.S. dollars,2017,265.06,Type of minimum wage: Singular national minimum wage | Currency: BGR - Lev (BGN),BGR,0.829
Bulgaria,ADM - Labour legislation,Statutory nominal gross monthly minimum wage,Currency: U.S. dollars,2016,237.551,Type of minimum wage: Singular national minimum wage | Currency: BGR - Lev (BGN),BGR,0.827
Bulgaria,ADM - Labour legislation,Statutory nominal gross monthly minimum wage,Currency: U.S. dollars,2015,215.371,Type of minimum wage: Singular national minimum wage | Currency: BGR - Lev (BGN),BGR,0.824
Bulgaria,ADM - Labour legislation,Statutory nominal gross monthly minimum wage,Currency: U.S. dollars,2014,230.636,Type of minimum wage: Singular national minimum wage | Currency: BGR - Lev (BGN),BGR,0.819
Bulgaria,ADM - Labour legislation,Statutory nominal gross monthly minimum wage,Currency: U.S. dollars,2013,210.374,Type of minimum wage: Singular national minimum wage | Currency: BGR - Lev (BGN),BGR,0.815
Bulgaria,ADM - Labour legislation,Statutory nominal gross monthly minimum wage,Currency: U.S. dollars,2012,190.532,Type of minimum wage: Singular national minimum wage | Currency: BGR - Lev (BGN),BGR,0.807
Bulgaria,ADM - Labour legislation,Statutory nominal gross monthly minimum wage,Currency: U.S. dollars,2011,170.641,Type of minimum wage: Singular national minimum wage | Currency: BGR - Lev (BGN),BGR,0.803
Bulgaria,ADM - Labour legislation,Statutory nominal gross monthly minimum wage,Currency: U.S. dollars,2010,162.448,Type of minimum wage: Singular national minimum wage | Currency: BGR - Lev (BGN),BGR,0.799
Bulgaria,ADM - Labour legislation,Statutory nominal gross monthly minimum wage,Currency: U.S. dollars,2009,170.613,Type of minimum wage: Singular national minimum wage | Currency: BGR - Lev (BGN),BGR,0.793
Bulgaria,ADM - Labour legislation,Statutory nominal gross monthly minimum wage,Currency: U.S. dollars,2008,164.533,Type of minimum wage: Singular national minimum wage | Currency: BGR - Lev (BGN),BGR,0.791
Bulgaria,ADM - Labour legislation,Statutory nominal gross monthly minimum wage,Currency: U.S. dollars,2007,125.958,Type of minimum wage: Singular national minimum wage | Currency: BGR - Lev (BGN),BGR,0.785
Bulgaria,ADM - Labour legislation,Statutory nominal gross monthly minimum wage,Currency: U.S. dollars,2006,102.612,Type of minimum wage: Singular national minimum wage | Currency: BGR - Lev (BGN),BGR,0.779
Bulgaria,ADM - Labour legislation,Statutory nominal gross monthly minimum wage,Currency: U.S. dollars,2005,95.29,Type of minimum wage: Singular national minimum wage | Currency: BGR - Lev (BGN),BGR,0.775
Bulgaria,ADM - Labour legislation,Statutory nominal gross monthly minimum wage,Currency: U.S. dollars,2004,76.185,Type of minimum wage: Singular national minimum wage | Currency: BGR - Lev (BGN),BGR,0.769
Bulgaria,ADM - Labour legislation,Statutory nominal gross monthly minimum wage,Currency: U.S. dollars,2003,63.485,Type of minimum wage: Singular national minimum wage | Currency: BGR - Lev (BGN),BGR,0.762
Bulgaria,ADM - Labour legislation,Statutory nominal gross monthly minimum wage,Currency: U.S. dollars,2002,48.147,Type of minimum wage: Singular national minimum wage | Currency: BGR - Lev (BGN),BGR,0.753
Bulgaria,ADM - Labour legislation,Statutory nominal gross monthly minimum wage,Currency: U.S. dollars,2001,38.907,Type of minimum wage: Singular national minimum wage | Currency: BGR - Lev (BGN),BGR,0.742
Bulgaria,ADM - Labour legislation,Statutory nominal gross monthly minimum wage,Currency: U.S. dollars,2000,35.323,Type of minimum wage: Singular national minimum wage | Currency: BGR - Lev (BGN),BGR,0.733
Bahrain,ADM - Labour legislation,Statutory nominal gross monthly minimum wage,Currency: U.S. dollars,2023,797.872,Currency: BHR - Bahraini dinar (BHD),BHR,0.899
Bahrain,ADM - Labour legislation,Statutory nominal gross monthly minimum wage,Currency: U.S. dollars,2022,797.872,Currency: BHR - Bahraini dinar (BHD),BHR,0.902
Bahrain,ADM - Labour legislation,Statutory nominal gross monthly minimum wage,Currency: U.S. dollars,2021,797.872,Currency: BHR - Bahraini dinar (BHD),BHR,0.885
Bahrain,ADM - Labour legislation,Statutory nominal gross monthly minimum wage,Currency: U.S. dollars,2020,797.872,Currency: BHR - Bahraini dinar (BHD),BHR,0.885
Bahrain,ADM - Labour legislation,Statutory nominal gross monthly minimum wage,Currency: U.S. dollars,2019,797.872,Currency: BHR - Bahraini dinar (BHD),BHR,0.894
Bahrain,ADM - Labour legislation,Statutory nominal gross monthly minimum wage,Currency: U.S. dollars,2018,797.872,Currency: BHR - Bahraini dinar (BHD),BHR,0.886
Bahrain,ADM - Labour legislation,Statutory nominal gross monthly minimum wage,Currency: U.S. dollars,2011,797.872,Currency: BHR - Bahraini dinar (BHD),BHR,0.817
Bahamas,ADM - Labour legislation,Statutory nominal gross monthly minimum wage,Currency: U.S. dollars,2023,1125.8,Type of minimum wage: Singular national minimum wage | Currency: BHS - Bahamian dollar (BSD) | ILO calculation: Weekly figure multiplied by 4.33 weeks,BHS,0.82
Bahamas,ADM - Labour legislation,Statutory nominal gross monthly minimum wage,Currency: U.S. dollars,2022,910.0,Type of minimum wage: Singular national minimum wage | Currency: BHS - Bahamian dollar (BSD) | ILO calculation: Weekly figure multiplied by 4.33 weeks,BHS,0.818
Bahamas,ADM - Labour legislation,Statutory nominal gross monthly minimum wage,Currency: U.S. dollars,2021,910.0,Type of minimum wage: Singular national minimum wage | Currency: BHS - Bahamian dollar (BSD) | ILO calculation: Weekly figure multiplied by 4.33 weeks,BHS,0.794
Bahamas,ADM - Labour legislation,Statutory nominal gross monthly minimum wage,Currency: U.S. dollars,2020,910.0,Type of minimum wage: Singular national minimum wage | Currency: BHS - Bahamian dollar (BSD) | ILO calculation: Weekly figure multiplied by 4.33 weeks,BHS,0.797
Bahamas,ADM - Labour legislation,Statutory nominal gross monthly minimum wage,Currency: U.S. dollars,2019,910.0,Type of minimum wage: Singular national minimum wage | Currency: BHS - Bahamian dollar (BSD) | ILO calculation: Weekly figure multiplied by 4.33 weeks,BHS,0.8
Bahamas,ADM - Labour legislation,Statutory nominal gross monthly minimum wage,Currency: U.S. dollars,2018,910.0,Type of minimum wage: Singular national minimum wage | Currency: BHS - Bahamian dollar (BSD) | ILO calculation: Weekly figure multiplied by 4.33 weeks,BHS,0.812
Bahamas,ADM - Labour legislation,Statutory nominal gross monthly minimum wage,Currency: U.S. dollars,2017,910.0,Type of minimum wage: Singular national minimum wage | Currency: BHS - Bahamian dollar (BSD) | ILO calculation: Weekly figure multiplied by 4.33 weeks,BHS,0.81
Bahamas,ADM - Labour legislation,Statutory nominal gross monthly minimum wage,Currency: U.S. dollars,2016,910.0,Type of minimum wage: Singular national minimum wage | Currency: BHS - Bahamian dollar (BSD) | ILO calculation: Weekly figure multiplied by 4.33 weeks,BHS,0.808
Bahamas,ADM - Labour legislation,Statutory nominal gross monthly minimum wage,Currency: U.S. dollars,2015,910.0,Type of minimum wage: Singular national minimum wage | Currency: BHS - Bahamian dollar (BSD) | ILO calculation: Weekly figure multiplied by 4.33 weeks,BHS,0.807
Bahamas,ADM - Labour legislation,Statutory nominal gross monthly minimum wage,Currency: U.S. dollars,2014,650.0,Type of minimum wage: Singular national minimum wage | Currency: BHS - Bahamian dollar (BSD) | ILO calculation: Weekly figure multiplied by 4.33 weeks,BHS,0.807
Bahamas,ADM - Labour legislation,Statutory nominal gross monthly minimum wage,Currency: U.S. dollars,2013,650.0,Type of minimum wage: Singular national minimum wage | Currency: BHS - Bahamian dollar (BSD) | ILO calculation: Weekly figure multiplied by 4.33 weeks,BHS,0.805
Bahamas,ADM - Labour legislation,Statutory nominal gross monthly minimum wage,Currency: U.S. dollars,2012,650.0,Type of minimum wage: Singular national minimum wage | Currency: BHS - Bahamian dollar (BSD) | ILO calculation: Weekly figure multiplied by 4.33 weeks,BHS,0.805
Bahamas,ADM - Labour legislation,Statutory nominal gross monthly minimum wage,Currency: U.S. dollars,2011,650.0,Type of minimum wage: Singular national minimum wage | Currency: BHS - Bahamian dollar (BSD) | ILO calculation: Weekly figure multiplied by 4.33 weeks,BHS,0.802
Bahamas,ADM - Labour legislation,Statutory nominal gross monthly minimum wage,Currency: U.S. dollars,2010,650.0,Type of minimum wage: Singular national minimum wage | Currency: BHS - Bahamian dollar (BSD) | ILO calculation: Weekly figure multiplied by 4.33 weeks,BHS,0.801
Bahamas,ADM - Labour legislation,Statutory nominal gross monthly minimum wage,Currency: U.S. dollars,2009,650.0,Type of minimum wage: Singular national minimum wage | Currency: BHS - Bahamian dollar (BSD) | ILO calculation: Weekly figure multiplied by 4.33 weeks,BHS,0.8
Bahamas,ADM - Labour legislation,Statutory nominal gross monthly minimum wage,Currency: U.S. dollars,2008,650.0,Type of minimum wage: Singular national minimum wage | Currency: BHS - Bahamian dollar (BSD) | ILO calculation: Weekly figure multiplied by 4.33 weeks,BHS,0.801
Bahamas,ADM - Labour legislation,Statutory nominal gross monthly minimum wage,Currency: U.S. dollars,2007,693.0,Currency: BHS - Bahamian dollar (BSD),BHS,0.801
Bahamas,ADM - Labour legislation,Statutory nominal gross monthly minimum wage,Currency: U.S. dollars,2006,693.0,Currency: BHS - Bahamian dollar (BSD),BHS,0.8
Bahamas,ADM - Labour legislation,Statutory nominal gross monthly minimum wage,Currency: U.S. dollars,2005,693.0,Currency: BHS - Bahamian dollar (BSD),BHS,0.798
Bahamas,ADM - Labour legislation,Statutory nominal gross monthly minimum wage,Currency: U.S. dollars,2004,693.0,Currency: BHS - Bahamian dollar (BSD),BHS,0.795
Bahamas,ADM - Labour legislation,Statutory nominal gross monthly minimum wage,Currency: U.S. dollars,2003,693.0,Currency: BHS - Bahamian dollar (BSD),BHS,0.794
Bahamas,ADM - Labour legislation,Statutory nominal gross monthly minimum wage,Currency: U.S. dollars,2002,693.0,Currency: BHS - Bahamian dollar (BSD),BHS,0.793
Bosnia and Herzegovina,ADM - Legislation du Travail,Statutory nominal gross monthly minimum wage,Currency: U.S. dollars,2023,329.427,Type of minimum wage: Singular national minimum wage | Currency: BIH - Marka (BAM),BIH,0.804
Bosnia and Herzegovina,ADM - Legislation du Travail,Statutory nominal gross monthly minimum wage,Currency: U.S. dollars,2022,292.041,Type of minimum wage: Singular national minimum wage | Currency: BIH - Marka (BAM),BIH,0.799
Bosnia and Herzegovina,ADM - Legislation du Travail,Statutory nominal gross monthly minimum wage,Currency: U.S. dollars,2021,245.524,Type of minimum wage: Singular national minimum wage | Currency: BIH - Marka (BAM),BIH,0.783
Bosnia and Herzegovina,ADM - Legislation du Travail,Statutory nominal gross monthly minimum wage,Currency: U.S. dollars,2020,236.463,Type of minimum wage: Singular national minimum wage | Currency: BIH - Marka (BAM),BIH,0.783
Bosnia and Herzegovina,ADM - Legislation du Travail,Statutory nominal gross monthly minimum wage,Currency: U.S. dollars,2019,232.387,Type of minimum wage: Singular national minimum wage | Currency: BIH - Marka (BAM),BIH,0.788
Bosnia and Herzegovina,ADM - Legislation du Travail,Statutory nominal gross monthly minimum wage,Currency: U.S. dollars,2018,245.023,Type of minimum wage: Singular national minimum wage | Currency: BIH - Marka (BAM),BIH,0.785
Bosnia and Herzegovina,ADM - Legislation du Travail,Statutory nominal gross monthly minimum wage,Currency: U.S. dollars,2017,233.958,Type of minimum wage: Singular national minimum wage | Currency: BIH - Marka (BAM),BIH,0.78
Bosnia and Herzegovina,ADM - Legislation du Travail,Statutory nominal gross monthly minimum wage,Currency: U.S. dollars,2016,229.62,Type of minimum wage: Singular national minimum wage | Currency: BIH - Marka (BAM),BIH,0.776
Belarus,ADM - Labour legislation,Statutory nominal gross monthly minimum wage,Currency: U.S. dollars,2023,184.215,Type of minimum wage: Singular national minimum wage | Currency: BLR - Belarusian ruble (BYN),BLR,0.824
Belarus,ADM - Labour legislation,Statutory nominal gross monthly minimum wage,Currency: U.S. dollars,2022,183.653,Type of minimum wage: Singular national minimum wage | Currency: BLR - Belarusian ruble (BYN),BLR,0.824
Belarus,ADM - Labour legislation,Statutory nominal gross monthly minimum wage,Currency: U.S. dollars,2021,147.715,Type of minimum wage: Singular national minimum wage | Currency: BLR - Belarusian ruble (BYN),BLR,0.817
Belarus,ADM - Labour legislation,Statutory nominal gross monthly minimum wage,Currency: U.S. dollars,2020,153.715,Type of minimum wage: Singular national minimum wage | Currency: BLR - Belarusian ruble (BYN),BLR,0.815
Belarus,ADM - Labour legislation,Statutory nominal gross monthly minimum wage,Currency: U.S. dollars,2019,157.76,Type of minimum wage: Singular national minimum wage | Currency: BLR - Belarusian ruble (BYN),BLR,0.826
Belarus,ADM - Labour legislation,Statutory nominal gross monthly minimum wage,Currency: U.S. dollars,2018,149.685,Type of minimum wage: Singular national minimum wage | Currency: BLR - Belarusian ruble (BYN),BLR,0.827
Belarus,ADM - Labour legislation,Statutory nominal gross monthly minimum wage,Currency: U.S. dollars,2017,137.139,Type of minimum wage: Singular national minimum wage | Currency: BLR - Belarusian ruble (BYN),BLR,0.828
Belarus,ADM - Labour legislation,Statutory nominal gross monthly minimum wage,Currency: U.S. dollars,2016,120.338,Type of minimum wage: Singular national minimum wage | Currency: BLR - Belarusian ruble (BYN),BLR,0.825
Belize,ADM - Labour legislation,Statutory nominal gross monthly minimum wage,Currency: U.S. dollars,2023,519.6,Type of minimum wage: Singular national minimum wage | Currency: BLZ - Belize dollar (BZD) | ILO calculation: Hourly figure multiplied by 48 hours and 4.33 weeks,BLZ,0.721
Belize,ADM - Labour legislation,Statutory nominal gross monthly minimum wage,Currency: U.S. dollars,2022,321.75,Type of minimum wage: Singular national minimum wage | Currency: BLZ - Belize dollar (BZD) | ILO calculation: Hourly figure multiplied by 48 hours and 4.33 weeks,BLZ,0.717
Belize,ADM - Labour legislation,Statutory nominal gross monthly minimum wage,Currency: U.S. dollars,2021,321.75,Type of minimum wage: Singular national minimum wage | Currency: BLZ - Belize dollar (BZD) | ILO calculation: Hourly figure multiplied by 48 hours and 4.33 weeks,BLZ,0.713
Belize,ADM - Labour legislation,Statutory nominal gross monthly minimum wage,Currency: U.S. dollars,2020,321.75,Type of minimum wage: Singular national minimum wage | Currency: BLZ - Belize dollar (BZD) | ILO calculation: Hourly figure multiplied by 48 hours and 4.33 weeks,BLZ,0.713
Belize,ADM - Labour legislation,Statutory nominal gross monthly minimum wage,Currency: U.S. dollars,2019,321.75,Type of minimum wage: Singular national minimum wage | Currency: BLZ - Belize dollar (BZD) | ILO calculation: Hourly figure multiplied by 48 hours and 4.33 weeks,BLZ,0.725
Belize,ADM - Labour legislation,Statutory nominal gross monthly minimum wage,Currency: U.S. dollars,2018,321.75,Type of minimum wage: Singular national minimum wage | Currency: BLZ - Belize dollar (BZD) | ILO calculation: Hourly figure multiplied by 48 hours and 4.33 weeks,BLZ,0.723
Belize,ADM - Labour legislation,Statutory nominal gross monthly minimum wage,Currency: U.S. dollars,2017,321.75,Type of minimum wage: Singular national minimum wage | Currency: BLZ - Belize dollar (BZD) | ILO calculation: Hourly figure multiplied by 48 hours and 4.33 weeks,BLZ,0.722
Belize,ADM - Labour legislation,Statutory nominal gross monthly minimum wage,Currency: U.S. dollars,2016,321.75,Type of minimum wage: Singular national minimum wage | Currency: BLZ - Belize dollar (BZD) | ILO calculation: Hourly figure multiplied by 48 hours and 4.33 weeks,BLZ,0.727
Belize,ADM - Labour legislation,Statutory nominal gross monthly minimum wage,Currency: U.S. dollars,2015,321.75,Type of minimum wage: Singular national minimum wage | Currency: BLZ - Belize dollar (BZD) | ILO calculation: Hourly figure multiplied by 48 hours and 4.33 weeks,BLZ,0.721
Belize,ADM - Labour legislation,Statutory nominal gross monthly minimum wage,Currency: U.S. dollars,2014,321.75,Type of minimum wage: Singular national minimum wage | Currency: BLZ - Belize dollar (BZD) | ILO calculation: Hourly figure multiplied by 48 hours and 4.33 weeks,BLZ,0.721
Belize,ADM - Labour legislation,Statutory nominal gross monthly minimum wage,Currency: U.S. dollars,2013,321.75,Type of minimum wage: Singular national minimum wage | Currency: BLZ - Belize dollar (BZD) | ILO calculation: Hourly figure multiplied by 48 hours and 4.33 weeks,BLZ,0.724
Belize,ADM - Labour legislation,Statutory nominal gross monthly minimum wage,Currency: U.S. dollars,2012,321.75,Type of minimum wage: Singular national minimum wage | Currency: BLZ - Belize dollar (BZD) | ILO calculation: Hourly figure multiplied by 48 hours and 4.33 weeks,BLZ,0.727
Belize,ADM - Labour legislation,Statutory nominal gross monthly minimum wage,Currency: U.S. dollars,2011,302.25,Type of minimum wage: Singular national minimum wage | Currency: BLZ - Belize dollar (BZD) | ILO calculation: Hourly figure multiplied by 48 hours and 4.33 weeks,BLZ,0.725
Belize,ADM - Labour legislation,Statutory nominal gross monthly minimum wage,Currency: U.S. dollars,2010,302.25,Type of minimum wage: Singular national minimum wage | Currency: BLZ - Belize dollar (BZD) | ILO calculation: Hourly figure multiplied by 48 hours and 4.33 weeks,BLZ,0.727
Belize,ADM - Labour legislation,Statutory nominal gross monthly minimum wage,Currency: U.S. dollars,2009,243.75,Type of minimum wage: Singular national minimum wage | Currency: BLZ - Belize dollar (BZD) | ILO calculation: Hourly figure multiplied by 48 hours and 4.33 weeks,BLZ,0.724
Belize,ADM - Labour legislation,Statutory nominal gross monthly minimum wage,Currency: U.S. dollars,2008,243.75,Type of minimum wage: Singular national minimum wage | Currency: BLZ - Belize dollar (BZD) | ILO calculation: Hourly figure multiplied by 48 hours and 4.33 weeks,BLZ,0.72
Belize,ADM - Labour legislation,Statutory nominal gross monthly minimum wage,Currency: U.S. dollars,2007,243.75,Central tendency measure: Lowest occupational minimum wage | Working time arrangement coverage: Full-time equivalents | Currency: BLZ - Belize dollar (BZD),BLZ,0.718
Bolivia (Plurinational State of),ADM - Labour Relations Records,Statutory nominal gross monthly minimum wage,Currency: U.S. dollars,2023,341.823,Type of minimum wage: Singular national minimum wage | Currency: BOL - Bolivian (BOB),BOL,0.733
Bolivia (Plurinational State of),ADM - Labour Relations Records,Statutory nominal gross monthly minimum wage,Currency: U.S. dollars,2022,325.615,Type of minimum wage: Singular national minimum wage | Currency: BOL - Bolivian (BOB),BOL,0.727
Bolivia (Plurinational State of),ADM - Labour Relations Records,Statutory nominal gross monthly minimum wage,Currency: U.S. dollars,2021,313.169,Type of minimum wage: Singular national minimum wage | Currency: BOL - Bolivian (BOB),BOL,0.693
Bolivia (Plurinational State of),ADM - Labour Relations Records,Statutory nominal gross monthly minimum wage,Currency: U.S. dollars,2020,307.091,Type of minimum wage: Singular national minimum wage | Currency: BOL - Bolivian (BOB),BOL,0.697
Bolivia (Plurinational State of),ADM - Labour Relations Records,Statutory nominal gross monthly minimum wage,Currency: U.S. dollars,2019,307.091,Type of minimum wage: Singular national minimum wage | Currency: BOL - Bolivian (BOB),BOL,0.728
Bolivia (Plurinational State of),ADM - Labour Relations Records,Statutory nominal gross monthly minimum wage,Currency: U.S. dollars,2018,298.119,Type of minimum wage: Singular national minimum wage | Currency: BOL - Bolivian (BOB),BOL,0.722
Bolivia (Plurinational State of),ADM - Labour Relations Records,Statutory nominal gross monthly minimum wage,Currency: U.S. dollars,2017,289.436,Type of minimum wage: Singular national minimum wage | Currency: BOL - Bolivian (BOB),BOL,0.715
Bolivia (Plurinational State of),ADM - Labour Relations Records,Statutory nominal gross monthly minimum wage,Currency: U.S. dollars,2016,261.216,Type of minimum wage: Singular national minimum wage | Currency: BOL - Bolivian (BOB),BOL,0.714
Bolivia (Plurinational State of),ADM - Labour Relations Records,Statutory nominal gross monthly minimum wage,Currency: U.S. dollars,2015,239.653,Type of minimum wage: Singular national minimum wage | Currency: BOL - Bolivian (BOB),BOL,0.704
Bolivia (Plurinational State of),ADM - Labour Relations Records,Statutory nominal gross monthly minimum wage,Currency: U.S. dollars,2014,208.394,Type of minimum wage: Singular national minimum wage | Currency: BOL - Bolivian (BOB),BOL,0.701
Bolivia (Plurinational State of),ADM - Labour Relations Records,Statutory nominal gross monthly minimum wage,Currency: U.S. dollars,2013,173.661,Type of minimum wage: Singular national minimum wage | Currency: BOL - Bolivian (BOB),BOL,0.699
Bolivia (Plurinational State of),ADM - Labour Relations Records,Statutory nominal gross monthly minimum wage,Currency: U.S. dollars,2012,144.718,Type of minimum wage: Singular national minimum wage | Currency: BOL - Bolivian (BOB),BOL,0.685
Bolivia (Plurinational State of),ADM - Labour Relations Records,Statutory nominal gross monthly minimum wage,Currency: U.S. dollars,2011,117.544,Type of minimum wage: Singular national minimum wage | Currency: BOL - Bolivian (BOB),BOL,0.683
Bolivia (Plurinational State of),ADM - Labour Relations Records,Statutory nominal gross monthly minimum wage,Currency: U.S. dollars,2010,96.841,Type of minimum wage: Singular national minimum wage | Currency: BOL - Bolivian (BOB),BOL,0.677
Bolivia (Plurinational State of),ADM - Labour Relations Records,Statutory nominal gross monthly minimum wage,Currency: U.S. dollars,2009,92.165,Type of minimum wage: Singular national minimum wage | Currency: BOL - Bolivian (BOB),BOL,0.671
Bolivia (Plurinational State of),ADM - Labour Relations Records,Statutory nominal gross monthly minimum wage,Currency: U.S. dollars,2008,79.784,Type of minimum wage: Singular national minimum wage | Currency: BOL - Bolivian (BOB),BOL,0.668
Bolivia (Plurinational State of),ADM - Labour Relations Records,Statutory nominal gross monthly minimum wage,Currency: U.S. dollars,2007,66.868,Currency: BOL - Bolivian (BOB),BOL,0.664
Bolivia (Plurinational State of),ADM - Labour Relations Records,Statutory nominal gross monthly minimum wage,Currency: U.S. dollars,2006,62.409,Currency: BOL - Bolivian (BOB),BOL,0.656
Bolivia (Plurinational State of),ADM - Labour Relations Records,Statutory nominal gross monthly minimum wage,Currency: U.S. dollars,2005,54.55,Currency: BOL - Bolivian (BOB),BOL,0.658
Bolivia (Plurinational State of),ADM - Labour Relations Records,Statutory nominal gross monthly minimum wage,Currency: U.S. dollars,2004,55.442,Currency: BOL - Bolivian (BOB),BOL,0.648
Bolivia (Plurinational State of),ADM - Labour Relations Records,Statutory nominal gross monthly minimum wage,Currency: U.S. dollars,2003,57.447,Currency: BOL - Bolivian (BOB),BOL,0.645
Bolivia (Plurinational State of),ADM - Labour Relations Records,Statutory nominal gross monthly minimum wage,Currency: U.S. dollars,2002,59.972,Currency: BOL - Bolivian (BOB),BOL,0.642
Bolivia (Plurinational State of),ADM - Labour Relations Records,Statutory nominal gross monthly minimum wage,Currency: U.S. dollars,2001,60.543,Currency: BOL - Bolivian (BOB),BOL,0.639
Bolivia (Plurinational State of),ADM - Labour Relations Records,Statutory nominal gross monthly minimum wage,Currency: U.S. dollars,2000,57.41,Currency: BOL - Bolivian (BOB),BOL,0.63
Brazil,ADM - Labour legislation,Statutory nominal gross monthly minimum wage,Currency: U.S. dollars,2023,260.693,Type of minimum wage: National floor | Currency: BRA - Real (BRL),BRA,0.786
Brazil,ADM - Labour legislation,Statutory nominal gross monthly minimum wage,Currency: U.S. dollars,2022,234.703,Type of minimum wage: National floor | Currency: BRA - Real (BRL),BRA,0.78
Brazil,ADM - Labour legislation,Statutory nominal gross monthly minimum wage,Currency: U.S. dollars,2021,203.915,Type of minimum wage: National floor | Currency: BRA - Real (BRL),BRA,0.768
Brazil,ADM - Labour legislation,Statutory nominal gross monthly minimum wage,Currency: U.S. dollars,2020,202.709,Type of minimum wage: National floor | Currency: BRA - Real (BRL),BRA,0.77
Brazil,ADM - Labour legislation,Statutory nominal gross monthly minimum wage,Currency: U.S. dollars,2019,253.012,Type of minimum wage: National floor | Currency: BRA - Real (BRL),BRA,0.776
Brazil,ADM - Labour legislation,Statutory nominal gross monthly minimum wage,Currency: U.S. dollars,2018,261.096,Type of minimum wage: National floor | Currency: BRA - Real (BRL),BRA,0.774
Brazil,ADM - Labour legislation,Statutory nominal gross monthly minimum wage,Currency: U.S. dollars,2017,293.603,Type of minimum wage: National floor | Currency: BRA - Real (BRL),BRA,0.77
Brazil,ADM - Labour legislation,Statutory nominal gross monthly minimum wage,Currency: U.S. dollars,2016,252.054,Type of minimum wage: National floor | Currency: BRA - Real (BRL),BRA,0.765
Brazil,ADM - Labour legislation,Statutory nominal gross monthly minimum wage,Currency: U.S. dollars,2015,236.857,Type of minimum wage: National floor | Currency: BRA - Real (BRL),BRA,0.764
Brazil,ADM - Labour legislation,Statutory nominal gross monthly minimum wage,Currency: U.S. dollars,2014,307.699,Type of minimum wage: National floor | Currency: BRA - Real (BRL),BRA,0.765
Brazil,ADM - Labour legislation,Statutory nominal gross monthly minimum wage,Currency: U.S. dollars,2013,314.458,Type of minimum wage: National floor | Currency: BRA - Real (BRL),BRA,0.762
Brazil,ADM - Labour legislation,Statutory nominal gross monthly minimum wage,Currency: U.S. dollars,2012,318.473,Type of minimum wage: National floor | Currency: BRA - Real (BRL),BRA,0.758
Brazil,ADM - Labour legislation,Statutory nominal gross monthly minimum wage,Currency: U.S. dollars,2011,325.796,Type of minimum wage: National floor | Currency: BRA - Real (BRL),BRA,0.753
Brazil,ADM - Labour legislation,Statutory nominal gross monthly minimum wage,Currency: U.S. dollars,2010,289.9,Type of minimum wage: National floor | Currency: BRA - Real (BRL),BRA,0.748
Brazil,ADM - Labour legislation,Statutory nominal gross monthly minimum wage,Currency: U.S. dollars,2009,232.566,Type of minimum wage: National floor | Currency: BRA - Real (BRL),BRA,0.742
Brazil,ADM - Labour legislation,Statutory nominal gross monthly minimum wage,Currency: U.S. dollars,2008,226.31,Type of minimum wage: National floor | Currency: BRA - Real (BRL),BRA,0.739
Brazil,ADM - Labour legislation,Statutory nominal gross monthly minimum wage,Currency: U.S. dollars,2007,195.166,Currency: BRA - Real (BRL),BRA,0.732
Brazil,ADM - Labour legislation,Statutory nominal gross monthly minimum wage,Currency: U.S. dollars,2006,160.895,Currency: BRA - Real (BRL),BRA,0.725
Brazil,ADM - Labour legislation,Statutory nominal gross monthly minimum wage,Currency: U.S. dollars,2005,123.234,Currency: BRA - Real (BRL),BRA,0.718
Brazil,ADM - Labour legislation,Statutory nominal gross monthly minimum wage,Currency: U.S. dollars,2004,88.885,Currency: BRA - Real (BRL),BRA,0.712
Brazil,ADM - Labour legislation,Statutory nominal gross monthly minimum wage,Currency: U.S. dollars,2003,77.986,Currency: BRA - Real (BRL),BRA,0.705
Brazil,ADM - Labour legislation,Statutory nominal gross monthly minimum wage,Currency: U.S. dollars,2002,68.485,Currency: BRA - Real (BRL),BRA,0.7
Brazil,ADM - Labour legislation,Statutory nominal gross monthly minimum wage,Currency: U.S. dollars,2001,76.608,Currency: BRA - Real (BRL),BRA,0.694
Brazil,ADM - Labour legislation,Statutory nominal gross monthly minimum wage,Currency: U.S. dollars,2000,82.54,Currency: BRA - Real (BRL),BRA,0.69
Barbados,ADM - Legislation du Travail,Statutory nominal gross monthly minimum wage,Currency: U.S. dollars,2023,736.665,Type of minimum wage: Singular national minimum wage | Currency: BRB - Barbadian dollar (BBD) | ILO calculation: Weekly figure multiplied by 4.33 weeks,BRB,0.811
Barbados,ADM - Legislation du Travail,Statutory nominal gross monthly minimum wage,Currency: U.S. dollars,2022,736.667,Type of minimum wage: Singular national minimum wage | Currency: BRB - Barbadian dollar (BBD) | ILO calculation: Weekly figure multiplied by 4.33 weeks,BRB,0.807
Barbados,ADM - Legislation du Travail,Statutory nominal gross monthly minimum wage,Currency: U.S. dollars,2021,736.667,Type of minimum wage: Singular national minimum wage | Currency: BRB - Barbadian dollar (BBD) | ILO calculation: Weekly figure multiplied by 4.33 weeks,BRB,0.803
Barbados,ADM - Legislation du Travail,Statutory nominal gross monthly minimum wage,Currency: U.S. dollars,2020,541.667,Type of minimum wage: Singular national minimum wage | Currency: BRB - Barbadian dollar (BBD) | ILO calculation: Weekly figure multiplied by 4.33 weeks,BRB,0.803
Barbados,ADM - Legislation du Travail,Statutory nominal gross monthly minimum wage,Currency: U.S. dollars,2019,541.667,Type of minimum wage: Singular national minimum wage | Currency: BRB - Barbadian dollar (BBD) | ILO calculation: Weekly figure multiplied by 4.33 weeks,BRB,0.808
Barbados,ADM - Legislation du Travail,Statutory nominal gross monthly minimum wage,Currency: U.S. dollars,2018,541.667,Type of minimum wage: Singular national minimum wage | Currency: BRB - Barbadian dollar (BBD) | ILO calculation: Weekly figure multiplied by 4.33 weeks,BRB,0.806
Barbados,ADM - Legislation du Travail,Statutory nominal gross monthly minimum wage,Currency: U.S. dollars,2017,541.667,Type of minimum wage: Singular national minimum wage | Currency: BRB - Barbadian dollar (BBD) | ILO calculation: Weekly figure multiplied by 4.33 weeks,BRB,0.804
Barbados,ADM - Legislation du Travail,Statutory nominal gross monthly minimum wage,Currency: U.S. dollars,2016,541.667,Type of minimum wage: Singular national minimum wage | Currency: BRB - Barbadian dollar (BBD) | ILO calculation: Weekly figure multiplied by 4.33 weeks,BRB,0.803
Barbados,ADM - Legislation du Travail,Statutory nominal gross monthly minimum wage,Currency: U.S. dollars,2015,541.667,Type of minimum wage: Singular national minimum wage | Currency: BRB - Barbadian dollar (BBD) | ILO calculation: Weekly figure multiplied by 4.33 weeks,BRB,0.8
Barbados,ADM - Legislation du Travail,Statutory nominal gross monthly minimum wage,Currency: U.S. dollars,2014,541.667,Type of minimum wage: Singular national minimum wage | Currency: BRB - Barbadian dollar (BBD) | ILO calculation: Weekly figure multiplied by 4.33 weeks,BRB,0.799
Barbados,ADM - Legislation du Travail,Statutory nominal gross monthly minimum wage,Currency: U.S. dollars,2013,541.667,Type of minimum wage: Singular national minimum wage | Currency: BRB - Barbadian dollar (BBD) | ILO calculation: Weekly figure multiplied by 4.33 weeks,BRB,0.798
Barbados,ADM - Legislation du Travail,Statutory nominal gross monthly minimum wage,Currency: U.S. dollars,2012,541.667,Type of minimum wage: Singular national minimum wage | Currency: BRB - Barbadian dollar (BBD) | ILO calculation: Weekly figure multiplied by 4.33 weeks,BRB,0.797
Barbados,ADM - Legislation du Travail,Statutory nominal gross monthly minimum wage,Currency: U.S. dollars,2011,433.333,Type of minimum wage: Singular national minimum wage | Currency: BRB - Barbadian dollar (BBD) | ILO calculation: Weekly figure multiplied by 4.33 weeks,BRB,0.794
Bhutan,ADM - Labour legislation,Statutory nominal gross monthly minimum wage,Currency: U.S. dollars,2023,45.4,Type of minimum wage: Occupational | Currency: BTN - Ngultrum (BTN),BTN,0.698
Bhutan,ADM - Labour legislation,Statutory nominal gross monthly minimum wage,Currency: U.S. dollars,2022,47.707,Type of minimum wage: Occupational | Currency: BTN - Ngultrum (BTN),BTN,0.695
Bhutan,ADM - Labour legislation,Statutory nominal gross monthly minimum wage,Currency: U.S. dollars,2021,50.732,Type of minimum wage: Occupational | Currency: BTN - Ngultrum (BTN),BTN,0.691
Bhutan,ADM - Labour legislation,Statutory nominal gross monthly minimum wage,Currency: U.S. dollars,2020,75.381,Type of minimum wage: Occupational | Currency: BTN - Ngultrum (BTN),BTN,0.688
Bhutan,ADM - Labour legislation,Statutory nominal gross monthly minimum wage,Currency: U.S. dollars,2019,79.319,Type of minimum wage: Occupational | Currency: BTN - Ngultrum (BTN),BTN,0.68
Bhutan,ADM - Labour legislation,Statutory nominal gross monthly minimum wage,Currency: U.S. dollars,2018,81.675,Type of minimum wage: Occupational | Currency: BTN - Ngultrum (BTN),BTN,0.667
Bhutan,ADM - Labour legislation,Statutory nominal gross monthly minimum wage,Currency: U.S. dollars,2017,85.773,Type of minimum wage: Occupational | Currency: BTN - Ngultrum (BTN),BTN,0.656
Bhutan,ADM - Labour legislation,Statutory nominal gross monthly minimum wage,Currency: U.S. dollars,2016,83.126,Type of minimum wage: Occupational | Currency: BTN - Ngultrum (BTN),BTN,0.647
Bhutan,ADM - Labour legislation,Statutory nominal gross monthly minimum wage,Currency: U.S. dollars,2014,61.446,Currency: BTN - Ngultrum (BTN),BTN,0.626
Bhutan,ADM - Labour legislation,Statutory nominal gross monthly minimum wage,Currency: U.S. dollars,2013,51.196,Currency: BTN - Ngultrum (BTN),BTN,0.616
Bhutan,ADM - Labour legislation,Statutory nominal gross monthly minimum wage,Currency: U.S. dollars,2012,56.141,Currency: BTN - Ngultrum (BTN),BTN,0.609
Bhutan,ADM - Labour legislation,Statutory nominal gross monthly minimum wage,Currency: U.S. dollars,2011,64.28,Currency: BTN - Ngultrum (BTN),BTN,0.603
Botswana,ADM - Labour legislation,Statutory nominal gross monthly minimum wage,Currency: U.S. dollars,2023,112.289,Type of minimum wage: Sectoral | Currency: BWA - Pula (BWP) | ILO calculation: Hourly figure multiplied by 48 hours and 4.33 weeks,BWA,0.731
Botswana,ADM - Labour legislation,Statutory nominal gross monthly minimum wage,Currency: U.S. dollars,2022,123.433,Type of minimum wage: Sectoral | Currency: BWA - Pula (BWP) | ILO calculation: Hourly figure multiplied by 48 hours and 4.33 weeks,BWA,0.729
Botswana,ADM - Labour legislation,Statutory nominal gross monthly minimum wage,Currency: U.S. dollars,2021,127.007,Type of minimum wage: Sectoral | Currency: BWA - Pula (BWP) | ILO calculation: Hourly figure multiplied by 48 hours and 4.33 weeks,BWA,0.7
Botswana,ADM - Labour legislation,Statutory nominal gross monthly minimum wage,Currency: U.S. dollars,2020,122.916,Type of minimum wage: Sectoral | Currency: BWA - Pula (BWP) | ILO calculation: Hourly figure multiplied by 48 hours and 4.33 weeks,BWA,0.718
Botswana,ADM - Labour legislation,Statutory nominal gross monthly minimum wage,Currency: U.S. dollars,2019,130.92,Type of minimum wage: Sectoral | Currency: BWA - Pula (BWP) | ILO calculation: Hourly figure multiplied by 48 hours and 4.33 weeks,BWA,0.718
Botswana,ADM - Labour legislation,Statutory nominal gross monthly minimum wage,Currency: U.S. dollars,2018,118.071,Type of minimum wage: Sectoral | Currency: BWA - Pula (BWP) | ILO calculation: Hourly figure multiplied by 48 hours and 4.33 weeks,BWA,0.71
Botswana,ADM - Labour legislation,Statutory nominal gross monthly minimum wage,Currency: U.S. dollars,2017,116.388,Type of minimum wage: Sectoral | Currency: BWA - Pula (BWP) | ILO calculation: Hourly figure multiplied by 48 hours and 4.33 weeks,BWA,0.704
Botswana,ADM - Labour legislation,Statutory nominal gross monthly minimum wage,Currency: U.S. dollars,2016,110.476,Type of minimum wage: Sectoral | Currency: BWA - Pula (BWP) | ILO calculation: Hourly figure multiplied by 48 hours and 4.33 weeks,BWA,0.696
Botswana,ADM - Labour legislation,Statutory nominal gross monthly minimum wage,Currency: U.S. dollars,2015,99.801,Type of minimum wage: Sectoral | Currency: BWA - Pula (BWP) | ILO calculation: Hourly figure multiplied by 48 hours and 4.33 weeks,BWA,0.69
Botswana,ADM - Labour legislation,Statutory nominal gross monthly minimum wage,Currency: U.S. dollars,2014,112.619,Type of minimum wage: Sectoral | Currency: BWA - Pula (BWP) | ILO calculation: Hourly figure multiplied by 48 hours and 4.33 weeks,BWA,0.685
Botswana,ADM - Labour legislation,Statutory nominal gross monthly minimum wage,Currency: U.S. dollars,2013,111.443,Type of minimum wage: Sectoral | Currency: BWA - Pula (BWP) | ILO calculation: Hourly figure multiplied by 48 hours and 4.33 weeks,BWA,0.676
Botswana,ADM - Labour legislation,Statutory nominal gross monthly minimum wage,Currency: U.S. dollars,2012,114.338,Type of minimum wage: Sectoral | Currency: BWA - Pula (BWP) | ILO calculation: Hourly figure multiplied by 48 hours and 4.33 weeks,BWA,0.667
Botswana,ADM - Labour legislation,Statutory nominal gross monthly minimum wage,Currency: U.S. dollars,2011,115.585,Type of minimum wage: Sectoral | Currency: BWA - Pula (BWP) | ILO calculation: Hourly figure multiplied by 48 hours and 4.33 weeks,BWA,0.661
Botswana,ADM - Labour legislation,Statutory nominal gross monthly minimum wage,Currency: U.S. dollars,2010,116.344,Type of minimum wage: Sectoral | Currency: BWA - Pula (BWP) | ILO calculation: Hourly figure multiplied by 48 hours and 4.33 weeks,BWA,0.652
Botswana,ADM - Labour legislation,Statutory nominal gross monthly minimum wage,Currency: U.S. dollars,2009,110.466,Type of minimum wage: Sectoral | Currency: BWA - Pula (BWP) | ILO calculation: Hourly figure multiplied by 48 hours and 4.33 weeks,BWA,0.644
Botswana,ADM - Labour legislation,Statutory nominal gross monthly minimum wage,Currency: U.S. dollars,2008,115.778,Type of minimum wage: Sectoral | Currency: BWA - Pula (BWP) | ILO calculation: Hourly figure multiplied by 48 hours and 4.33 weeks,BWA,0.645
Botswana,ADM - Labour legislation,Statutory nominal gross monthly minimum wage,Currency: U.S. dollars,2007,100.172,Currency: BWA - Pula (BWP),BWA,0.64
Botswana,ADM - Labour legislation,Statutory nominal gross monthly minimum wage,Currency: U.S. dollars,2006,99.652,Currency: BWA - Pula (BWP),BWA,0.627
Botswana,ADM - Labour legislation,Statutory nominal gross monthly minimum wage,Currency: U.S. dollars,2005,104.949,Currency: BWA - Pula (BWP),BWA,0.616
Botswana,ADM - Labour legislation,Statutory nominal gross monthly minimum wage,Currency: U.S. dollars,2004,107.162,Currency: BWA - Pula (BWP),BWA,0.608
Botswana,ADM - Labour legislation,Statutory nominal gross monthly minimum wage,Currency: U.S. dollars,2003,91.117,Currency: BWA - Pula (BWP),BWA,0.602
Botswana,ADM - Labour legislation,Statutory nominal gross monthly minimum wage,Currency: U.S. dollars,2002,65.742,Currency: BWA - Pula (BWP),BWA,0.594
Botswana,ADM - Labour legislation,Statutory nominal gross monthly minimum wage,Currency: U.S. dollars,2001,66.765,Currency: BWA - Pula (BWP),BWA,0.595
Botswana,ADM - Labour legislation,Statutory nominal gross monthly minimum wage,Currency: U.S. dollars,2000,69.577,Currency: BWA - Pula (BWP),BWA,0.594
Central African Republic,ADM - Legislation du Travail,Statutory nominal gross monthly minimum wage,Currency: U.S. dollars,2023,57.702,Type of minimum wage: Rate of the SMIG when SMIG/SMAG system | Currency: CAF - Central African CFA franc (XAF),CAF,0.414
Central African Republic,ADM - Legislation du Travail,Statutory nominal gross monthly minimum wage,Currency: U.S. dollars,2022,56.111,Type of minimum wage: Rate of the SMIG when SMIG/SMAG system | Currency: CAF - Central African CFA franc (XAF),CAF,0.339
Central African Republic,ADM - Legislation du Travail,Statutory nominal gross monthly minimum wage,Currency: U.S. dollars,2021,63.116,Type of minimum wage: Rate of the SMIG when SMIG/SMAG system | Currency: CAF - Central African CFA franc (XAF),CAF,0.339
Central African Republic,ADM - Legislation du Travail,Statutory nominal gross monthly minimum wage,Currency: U.S. dollars,2020,60.808,Type of minimum wage: Rate of the SMIG when SMIG/SMAG system | Currency: CAF - Central African CFA franc (XAF),CAF,0.386
Central African Republic,ADM - Legislation du Travail,Statutory nominal gross monthly minimum wage,Currency: U.S. dollars,2019,59.736,Type of minimum wage: Rate of the SMIG when SMIG/SMAG system | Currency: CAF - Central African CFA franc (XAF),CAF,0.279
Central African Republic,ADM - Legislation du Travail,Statutory nominal gross monthly minimum wage,Currency: U.S. dollars,2018,63.012,Type of minimum wage: Rate of the SMIG when SMIG/SMAG system | Currency: CAF - Central African CFA franc (XAF),CAF,0.391
Central African Republic,ADM - Legislation du Travail,Statutory nominal gross monthly minimum wage,Currency: U.S. dollars,2017,60.277,Type of minimum wage: Rate of the SMIG when SMIG/SMAG system | Currency: CAF - Central African CFA franc (XAF),CAF,0.356
Central African Republic,ADM - Legislation du Travail,Statutory nominal gross monthly minimum wage,Currency: U.S. dollars,2016,59.061,Type of minimum wage: Rate of the SMIG when SMIG/SMAG system | Currency: CAF - Central African CFA franc (XAF),CAF,0.376
Central African Republic,ADM - Legislation du Travail,Statutory nominal gross monthly minimum wage,Currency: U.S. dollars,2015,59.2,Type of minimum wage: Rate of the SMIG when SMIG/SMAG system | Currency: CAF - Central African CFA franc (XAF),CAF,0.377
Central African Republic,ADM - Legislation du Travail,Statutory nominal gross monthly minimum wage,Currency: U.S. dollars,2014,70.885,Type of minimum wage: Rate of the SMIG when SMIG/SMAG system | Currency: CAF - Central African CFA franc (XAF),CAF,0.319
Central African Republic,ADM - Legislation du Travail,Statutory nominal gross monthly minimum wage,Currency: U.S. dollars,2013,70.865,Type of minimum wage: Rate of the SMIG when SMIG/SMAG system | Currency: CAF - Central African CFA franc (XAF),CAF,0.359
Central African Republic,ADM - Legislation du Travail,Statutory nominal gross monthly minimum wage,Currency: U.S. dollars,2012,68.553,Type of minimum wage: Rate of the SMIG when SMIG/SMAG system | Currency: CAF - Central African CFA franc (XAF),CAF,0.385
Central African Republic,ADM - Legislation du Travail,Statutory nominal gross monthly minimum wage,Currency: U.S. dollars,2011,74.271,Type of minimum wage: Rate of the SMIG when SMIG/SMAG system | Currency: CAF - Central African CFA franc (XAF),CAF,0.377
Central African Republic,ADM - Legislation du Travail,Statutory nominal gross monthly minimum wage,Currency: U.S. dollars,2010,70.737,Type of minimum wage: Rate of the SMIG when SMIG/SMAG system | Currency: CAF - Central African CFA franc (XAF),CAF,0.358
Central African Republic,ADM - Legislation du Travail,Statutory nominal gross monthly minimum wage,Currency: U.S. dollars,2009,74.422,Type of minimum wage: Rate of the SMIG when SMIG/SMAG system | Currency: CAF - Central African CFA franc (XAF),CAF,0.362
Central African Republic,ADM - Legislation du Travail,Statutory nominal gross monthly minimum wage,Currency: U.S. dollars,2008,78.475,Type of minimum wage: Rate of the SMIG when SMIG/SMAG system | Currency: CAF - Central African CFA franc (XAF),CAF,0.362
Canada,ADM - Labour legislation,Statutory nominal gross monthly minimum wage,Currency: U.S. dollars,2023,1994.95,Type of minimum wage: Regional | Central tendency measure: Median | Currency: CAN - Canadian Dollar (CAD) | ILO calculation: Hourly figure multiplied by 40 hours and 4.33 weeks,CAN,0.939
Canada,ADM - Labour legislation,Statutory nominal gross monthly minimum wage,Currency: U.S. dollars,2022,1897.73,Type of minimum wage: Regional | Central tendency measure: Median | Currency: CAN - Canadian Dollar (CAD) | ILO calculation: Hourly figure multiplied by 40 hours and 4.33 weeks,CAN,0.935
Canada,ADM - Labour legislation,Statutory nominal gross monthly minimum wage,Currency: U.S. dollars,2021,1866.212,Type of minimum wage: Regional | Central tendency measure: Median | Currency: CAN - Canadian Dollar (CAD) | ILO calculation: Hourly figure multiplied by 40 hours and 4.33 weeks,CAN,0.937
Canada,ADM - Labour legislation,Statutory nominal gross monthly minimum wage,Currency: U.S. dollars,2020,1550.905,Currency: CAN - Canadian Dollar (CAD),CAN,0.931
Canada,ADM - Labour legislation,Statutory nominal gross monthly minimum wage,Currency: U.S. dollars,2019,1456.896,Currency: CAN - Canadian Dollar (CAD),CAN,0.937
Canada,ADM - Labour legislation,Statutory nominal gross monthly minimum wage,Currency: U.S. dollars,2018,1471.657,Currency: CAN - Canadian Dollar (CAD),CAN,0.935
Canada,ADM - Labour legislation,Statutory nominal gross monthly minimum wage,Currency: U.S. dollars,2017,1436.127,Currency: CAN - Canadian Dollar (CAD),CAN,0.935
Canada,ADM - Labour legislation,Statutory nominal gross monthly minimum wage,Currency: U.S. dollars,2016,1372.948,Currency: CAN - Canadian Dollar (CAD),CAN,0.933
Canada,ADM - Labour legislation,Statutory nominal gross monthly minimum wage,Currency: U.S. dollars,2015,1396.116,Currency: CAN - Canadian Dollar (CAD),CAN,0.932
Canada,ADM - Labour legislation,Statutory nominal gross monthly minimum wage,Currency: U.S. dollars,2014,1568.986,Currency: CAN - Canadian Dollar (CAD),CAN,0.932
Canada,ADM - Labour legislation,Statutory nominal gross monthly minimum wage,Currency: U.S. dollars,2013,1598.492,Currency: CAN - Canadian Dollar (CAD),CAN,0.93
Canada,ADM - Labour legislation,Statutory nominal gross monthly minimum wage,Currency: U.S. dollars,2012,1607.821,Currency: CAN - Canadian Dollar (CAD),CAN,0.927
Canada,ADM - Labour legislation,Statutory nominal gross monthly minimum wage,Currency: U.S. dollars,2011,1533.135,Currency: CAN - Canadian Dollar (CAD),CAN,0.921
Canada,ADM - Labour legislation,Statutory nominal gross monthly minimum wage,Currency: U.S. dollars,2010,1346.131,Currency: CAN - Canadian Dollar (CAD),CAN,0.918
Canada,ADM - Labour legislation,Statutory nominal gross monthly minimum wage,Currency: U.S. dollars,2009,1214.738,Currency: CAN - Canadian Dollar (CAD),CAN,0.915
Canada,ADM - Labour legislation,Statutory nominal gross monthly minimum wage,Currency: U.S. dollars,2008,1258.879,Currency: CAN - Canadian Dollar (CAD),CAN,0.916
Canada,ADM - Labour legislation,Statutory nominal gross monthly minimum wage,Currency: U.S. dollars,2007,1291.379,Central tendency measure: Mean of regional minimum wages | Currency: CAN - Canadian Dollar (CAD),CAN,0.914
Canada,ADM - Labour legislation,Statutory nominal gross monthly minimum wage,Currency: U.S. dollars,2006,1183.943,Central tendency measure: Mean of regional minimum wages | Currency: CAN - Canadian Dollar (CAD),CAN,0.913
Canada,ADM - Labour legislation,Statutory nominal gross monthly minimum wage,Currency: U.S. dollars,2005,1076.436,Central tendency measure: Mean of regional minimum wages | Currency: CAN - Canadian Dollar (CAD),CAN,0.909
Canada,ADM - Labour legislation,Statutory nominal gross monthly minimum wage,Currency: U.S. dollars,2004,972.119,Central tendency measure: Mean of regional minimum wages | Currency: CAN - Canadian Dollar (CAD),CAN,0.906
Canada,ADM - Labour legislation,Statutory nominal gross monthly minimum wage,Currency: U.S. dollars,2003,875.08,Central tendency measure: Mean of regional minimum wages | Currency: CAN - Canadian Dollar (CAD),CAN,0.902
Canada,ADM - Labour legislation,Statutory nominal gross monthly minimum wage,Currency: U.S. dollars,2002,775.627,Central tendency measure: Mean of regional minimum wages | Currency: CAN - Canadian Dollar (CAD),CAN,0.899
Canada,ADM - Labour legislation,Statutory nominal gross monthly minimum wage,Currency: U.S. dollars,2001,774.773,Central tendency measure: Mean of regional minimum wages | Currency: CAN - Canadian Dollar (CAD),CAN,0.897
Canada,ADM - Labour legislation,Statutory nominal gross monthly minimum wage,Currency: U.S. dollars,2000,802.481,Central tendency measure: Mean of regional minimum wages | Currency: CAN - Canadian Dollar (CAD),CAN,0.894
Switzerland,ADM - Labour legislation,Statutory nominal gross monthly minimum wage,Currency: U.S. dollars,2023,4626.429,Type of minimum wage: Regional | Currency: CHE - Swiss franc (CHF) | ILO calculation: Hourly figure multiplied by 40 hours and 4.33 weeks,CHE,0.97
Switzerland,ADM - Labour legislation,Statutory nominal gross monthly minimum wage,Currency: U.S. dollars,2022,4221.017,Type of minimum wage: Regional | Currency: CHE - Swiss franc (CHF) | ILO calculation: Hourly figure multiplied by 40 hours and 4.33 weeks,CHE,0.966
Switzerland,ADM - Labour legislation,Statutory nominal gross monthly minimum wage,Currency: U.S. dollars,2021,4385.694,Type of minimum wage: Regional | Currency: CHE - Swiss franc (CHF) | ILO calculation: Hourly figure multiplied by 40 hours and 4.33 weeks,CHE,0.968
Switzerland,ADM - Labour legislation,Statutory nominal gross monthly minimum wage,Currency: U.S. dollars,2020,4242.544,Type of minimum wage: Regional | Currency: CHE - Swiss franc (CHF) | Break in series: Change in definition or concept | ILO calculation: Hourly figure multiplied by 40 hours and 4.33 weeks,CHE,0.963
Switzerland,ADM - Labour legislation,Statutory nominal gross monthly minimum wage,Currency: U.S. dollars,2017,3517.852,Type of minimum wage: Regional | Currency: CHE - Swiss franc (CHF) | ILO calculation: Hourly figure multiplied by 40 hours and 4.33 weeks,CHE,0.96
Chile,ILO - SIALC Estimates,Statutory nominal gross monthly minimum wage,Currency: U.S. dollars,2023,488.057,Type of minimum wage: For adults | Currency: CHL - Chilean peso (CLP),CHL,0.878
Chile,ILO - SIALC Estimates,Statutory nominal gross monthly minimum wage,Currency: U.S. dollars,2022,458.025,Type of minimum wage: For adults | Currency: CHL - Chilean peso (CLP),CHL,0.869
Chile,ILO - SIALC Estimates,Statutory nominal gross monthly minimum wage,Currency: U.S. dollars,2021,444.031,Type of minimum wage: For adults | Currency: CHL - Chilean peso (CLP),CHL,0.865
Chile,ILO - SIALC Estimates,Statutory nominal gross monthly minimum wage,Currency: U.S. dollars,2020,404.3,Type of minimum wage: For adults | Currency: CHL - Chilean peso (CLP),CHL,0.856
Chile,ILO - SIALC Estimates,Statutory nominal gross monthly minimum wage,Currency: U.S. dollars,2019,428.228,Type of minimum wage: For adults | Currency: CHL - Chilean peso (CLP),CHL,0.867
Chile,ILO - SIALC Estimates,Statutory nominal gross monthly minimum wage,Currency: U.S. dollars,2018,449.104,Type of minimum wage: For adults | Currency: CHL - Chilean peso (CLP),CHL,0.866
Chile,ILO - SIALC Estimates,Statutory nominal gross monthly minimum wage,Currency: U.S. dollars,2017,416.131,Type of minimum wage: For adults | Currency: CHL - Chilean peso (CLP),CHL,0.862
Chile,ILO - SIALC Estimates,Statutory nominal gross monthly minimum wage,Currency: U.S. dollars,2016,380.378,Type of minimum wage: For adults | Currency: CHL - Chilean peso (CLP),CHL,0.859
Chile,ILO - SIALC Estimates,Statutory nominal gross monthly minimum wage,Currency: U.S. dollars,2015,368.432,Type of minimum wage: For adults | Currency: CHL - Chilean peso (CLP),CHL,0.855
Chile,ILO - SIALC Estimates,Statutory nominal gross monthly minimum wage,Currency: U.S. dollars,2014,394.496,Type of minimum wage: For adults | Currency: CHL - Chilean peso (CLP),CHL,0.849
Chile,ILO - SIALC Estimates,Statutory nominal gross monthly minimum wage,Currency: U.S. dollars,2013,424.009,Type of minimum wage: For adults | Currency: CHL - Chilean peso (CLP),CHL,0.845
Chile,ILO - SIALC Estimates,Statutory nominal gross monthly minimum wage,Currency: U.S. dollars,2012,396.735,Type of minimum wage: For adults | Currency: CHL - Chilean peso (CLP),CHL,0.832
Chile,ILO - SIALC Estimates,Statutory nominal gross monthly minimum wage,Currency: U.S. dollars,2011,376.292,Type of minimum wage: For adults | Currency: CHL - Chilean peso (CLP),CHL,0.823
Chile,ILO - SIALC Estimates,Statutory nominal gross monthly minimum wage,Currency: U.S. dollars,2010,337.09,Type of minimum wage: For adults | Currency: CHL - Chilean peso (CLP),CHL,0.823
Chile,ILO - SIALC Estimates,Statutory nominal gross monthly minimum wage,Currency: U.S. dollars,2009,294.191,Type of minimum wage: For adults | Currency: CHL - Chilean peso (CLP),CHL,0.819
Chile,ILO - SIALC Estimates,Statutory nominal gross monthly minimum wage,Currency: U.S. dollars,2008,304.329,Type of minimum wage: For adults | Currency: CHL - Chilean peso (CLP),CHL,0.82
Chile,ILO - SIALC Estimates,Statutory nominal gross monthly minimum wage,Currency: U.S. dollars,2007,267.004,Currency: CHL - Chilean peso (CLP),CHL,0.812
Chile,ILO - SIALC Estimates,Statutory nominal gross monthly minimum wage,Currency: U.S. dollars,2006,247.513,Currency: CHL - Chilean peso (CLP),CHL,0.804
Chile,ILO - SIALC Estimates,Statutory nominal gross monthly minimum wage,Currency: U.S. dollars,2005,221.074,Currency: CHL - Chilean peso (CLP),CHL,0.804
Chile,ILO - SIALC Estimates,Statutory nominal gross monthly minimum wage,Currency: U.S. dollars,2004,193.303,Currency: CHL - Chilean peso (CLP),CHL,0.797
Chile,ILO - SIALC Estimates,Statutory nominal gross monthly minimum wage,Currency: U.S. dollars,2003,164.05,Currency: CHL - Chilean peso (CLP),CHL,0.789
Chile,ILO - SIALC Estimates,Statutory nominal gross monthly minimum wage,Currency: U.S. dollars,2002,157.961,Currency: CHL - Chilean peso (CLP),CHL,0.784
Chile,ILO - SIALC Estimates,Statutory nominal gross monthly minimum wage,Currency: U.S. dollars,2001,162.548,Currency: CHL - Chilean peso (CLP),CHL,0.778
Chile,ILO - SIALC Estimates,Statutory nominal gross monthly minimum wage,Currency: U.S. dollars,2000,177.992,Currency: CHL - Chilean peso (CLP),CHL,0.771
China,ADM - Labour legislation,Statutory nominal gross monthly minimum wage,Currency: U.S. dollars,2023,272.445,Type of minimum wage: Regional | Central tendency measure: Median | Currency: CHN - Yuan (CNY),CHN,0.797
China,ADM - Labour legislation,Statutory nominal gross monthly minimum wage,Currency: U.S. dollars,2022,286.471,Type of minimum wage: Regional | Central tendency measure: Median | Currency: CHN - Yuan (CNY),CHN,0.796
China,ADM - Labour legislation,Statutory nominal gross monthly minimum wage,Currency: U.S. dollars,2021,286.867,Type of minimum wage: Regional | Central tendency measure: Median | Currency: CHN - Yuan (CNY),CHN,0.794
China,ADM - Labour legislation,Statutory nominal gross monthly minimum wage,Currency: U.S. dollars,2020,259.391,Type of minimum wage: Regional | Central tendency measure: Median | Currency: CHN - Yuan (CNY),CHN,0.786
China,ADM - Labour legislation,Statutory nominal gross monthly minimum wage,Currency: U.S. dollars,2019,257.658,Type of minimum wage: Regional | Central tendency measure: Median | Currency: CHN - Yuan (CNY),CHN,0.781
China,ADM - Labour legislation,Statutory nominal gross monthly minimum wage,Currency: U.S. dollars,2018,255.443,Type of minimum wage: Regional | Central tendency measure: Median | Currency: CHN - Yuan (CNY),CHN,0.774
China,ADM - Labour legislation,Statutory nominal gross monthly minimum wage,Currency: U.S. dollars,2017,244.868,Type of minimum wage: Regional | Central tendency measure: Median | Currency: CHN - Yuan (CNY),CHN,0.765
China,ADM - Labour legislation,Statutory nominal gross monthly minimum wage,Currency: U.S. dollars,2016,231.771,Type of minimum wage: Regional | Central tendency measure: Median | Currency: CHN - Yuan (CNY),CHN,0.758
China,ADM - Labour legislation,Statutory nominal gross monthly minimum wage,Currency: U.S. dollars,2015,244.882,Type of minimum wage: Regional | Central tendency measure: Median | Currency: CHN - Yuan (CNY),CHN,0.75
China,ADM - Labour legislation,Statutory nominal gross monthly minimum wage,Currency: U.S. dollars,2014,223.002,Type of minimum wage: Regional | Central tendency measure: Median | Currency: CHN - Yuan (CNY),CHN,0.742
China,ADM - Labour legislation,Statutory nominal gross monthly minimum wage,Currency: U.S. dollars,2013,209.014,Type of minimum wage: Regional | Central tendency measure: Median | Currency: CHN - Yuan (CNY),CHN,0.733
China,ADM - Labour legislation,Statutory nominal gross monthly minimum wage,Currency: U.S. dollars,2012,180.203,Type of minimum wage: Regional | Central tendency measure: Median | Currency: CHN - Yuan (CNY),CHN,0.725
China,ADM - Labour legislation,Statutory nominal gross monthly minimum wage,Currency: U.S. dollars,2011,157.085,Type of minimum wage: Regional | Central tendency measure: Median | Currency: CHN - Yuan (CNY),CHN,0.717
China,ADM - Labour legislation,Statutory nominal gross monthly minimum wage,Currency: U.S. dollars,2010,127.764,Type of minimum wage: Regional | Central tendency measure: Median | Currency: CHN - Yuan (CNY),CHN,0.71
China,ADM - Labour legislation,Statutory nominal gross monthly minimum wage,Currency: U.S. dollars,2009,99.54,Type of minimum wage: Regional | Central tendency measure: Median | Currency: CHN - Yuan (CNY),CHN,0.7
China,ADM - Labour legislation,Statutory nominal gross monthly minimum wage,Currency: U.S. dollars,2008,97.861,Type of minimum wage: Regional | Central tendency measure: Median | Currency: CHN - Yuan (CNY),CHN,0.689
China,ADM - Labour legislation,Statutory nominal gross monthly minimum wage,Currency: U.S. dollars,2007,95.958,Type of minimum wage: Regional | Currency: CHN - Yuan (CNY),CHN,0.68
China,ADM - Labour legislation,Statutory nominal gross monthly minimum wage,Currency: U.S. dollars,2006,80.266,Type of minimum wage: Regional | Currency: CHN - Yuan (CNY),CHN,0.666
China,ADM - Labour legislation,Statutory nominal gross monthly minimum wage,Currency: U.S. dollars,2005,70.781,Type of minimum wage: Regional | Currency: CHN - Yuan (CNY),CHN,0.654
China,ADM - Labour legislation,Statutory nominal gross monthly minimum wage,Currency: U.S. dollars,2004,65.847,Type of minimum wage: Regional | Currency: CHN - Yuan (CNY),CHN,0.642
China,ADM - Labour legislation,Statutory nominal gross monthly minimum wage,Currency: U.S. dollars,2003,56.179,Type of minimum wage: Regional | Currency: CHN - Yuan (CNY),CHN,0.63
China,ADM - Labour legislation,Statutory nominal gross monthly minimum wage,Currency: U.S. dollars,2002,56.18,Type of minimum wage: Regional | Currency: CHN - Yuan (CNY),CHN,0.619
China,ADM - Labour legislation,Statutory nominal gross monthly minimum wage,Currency: U.S. dollars,2001,52.555,Type of minimum wage: Regional | Currency: CHN - Yuan (CNY),CHN,0.608
China,ADM - Labour legislation,Statutory nominal gross monthly minimum wage,Currency: U.S. dollars,2000,49.767,Type of minimum wage: Regional | Currency: CHN - Yuan (CNY),CHN,0.598
Cameroon,ADM - Labour legislation,Statutory nominal gross monthly minimum wage,Currency: U.S. dollars,2023,69.036,Type of minimum wage: Singular national minimum wage | Currency: CMR - Central African CFA franc (XAF),CMR,0.588
Cameroon,ADM - Labour legislation,Statutory nominal gross monthly minimum wage,Currency: U.S. dollars,2022,58.147,Type of minimum wage: Singular national minimum wage | Currency: CMR - Central African CFA franc (XAF),CMR,0.581
Cameroon,ADM - Labour legislation,Statutory nominal gross monthly minimum wage,Currency: U.S. dollars,2021,65.407,Type of minimum wage: Singular national minimum wage | Currency: CMR - Central African CFA franc (XAF),CMR,0.574
Cameroon,ADM - Labour legislation,Statutory nominal gross monthly minimum wage,Currency: U.S. dollars,2020,63.014,Type of minimum wage: Singular national minimum wage | Currency: CMR - Central African CFA franc (XAF),CMR,0.579
Cameroon,ADM - Labour legislation,Statutory nominal gross monthly minimum wage,Currency: U.S. dollars,2019,61.904,Type of minimum wage: Singular national minimum wage | Currency: CMR - Central African CFA franc (XAF),CMR,0.582
Cameroon,ADM - Labour legislation,Statutory nominal gross monthly minimum wage,Currency: U.S. dollars,2018,65.299,Type of minimum wage: Singular national minimum wage | Currency: CMR - Central African CFA franc (XAF),CMR,0.582
Cameroon,ADM - Labour legislation,Statutory nominal gross monthly minimum wage,Currency: U.S. dollars,2017,62.464,Type of minimum wage: Singular national minimum wage | Currency: CMR - Central African CFA franc (XAF),CMR,0.581
Cameroon,ADM - Labour legislation,Statutory nominal gross monthly minimum wage,Currency: U.S. dollars,2016,61.204,Type of minimum wage: Singular national minimum wage | Currency: CMR - Central African CFA franc (XAF),CMR,0.579
Cameroon,ADM - Labour legislation,Statutory nominal gross monthly minimum wage,Currency: U.S. dollars,2015,61.349,Type of minimum wage: Singular national minimum wage | Currency: CMR - Central African CFA franc (XAF),CMR,0.575
Cameroon,ADM - Labour legislation,Statutory nominal gross monthly minimum wage,Currency: U.S. dollars,2014,73.457,Type of minimum wage: Singular national minimum wage | Currency: CMR - Central African CFA franc (XAF),CMR,0.566
Cameroon,ADM - Labour legislation,Statutory nominal gross monthly minimum wage,Currency: U.S. dollars,2013,57.129,Type of minimum wage: Singular national minimum wage | Currency: CMR - Central African CFA franc (XAF),CMR,0.558
Cameroon,ADM - Labour legislation,Statutory nominal gross monthly minimum wage,Currency: U.S. dollars,2012,55.265,Type of minimum wage: Singular national minimum wage | Currency: CMR - Central African CFA franc (XAF),CMR,0.549
Cameroon,ADM - Labour legislation,Statutory nominal gross monthly minimum wage,Currency: U.S. dollars,2011,59.875,Type of minimum wage: Singular national minimum wage | Currency: CMR - Central African CFA franc (XAF),CMR,0.538
Cameroon,ADM - Labour legislation,Statutory nominal gross monthly minimum wage,Currency: U.S. dollars,2010,57.026,Type of minimum wage: Singular national minimum wage | Currency: CMR - Central African CFA franc (XAF),CMR,0.529
Cameroon,ADM - Labour legislation,Statutory nominal gross monthly minimum wage,Currency: U.S. dollars,2009,59.997,Type of minimum wage: Singular national minimum wage | Currency: CMR - Central African CFA franc (XAF),CMR,0.516
Cameroon,ADM - Labour legislation,Statutory nominal gross monthly minimum wage,Currency: U.S. dollars,2008,63.265,Type of minimum wage: Singular national minimum wage | Currency: CMR - Central African CFA franc (XAF),CMR,0.501
Cameroon,ADM - Labour legislation,Statutory nominal gross monthly minimum wage,Currency: U.S. dollars,2007,49.127,Currency: CMR - Central African CFA franc (XAF),CMR,0.485
Cameroon,ADM - Labour legislation,Statutory nominal gross monthly minimum wage,Currency: U.S. dollars,2006,45.009,Currency: CMR - Central African CFA franc (XAF),CMR,0.473
Cameroon,ADM - Labour legislation,Statutory nominal gross monthly minimum wage,Currency: U.S. dollars,2005,44.597,Currency: CMR - Central African CFA franc (XAF),CMR,0.472
Cameroon,ADM - Labour legislation,Statutory nominal gross monthly minimum wage,Currency: U.S. dollars,2004,44.59,Currency: CMR - Central African CFA franc (XAF),CMR,0.47
Cameroon,ADM - Labour legislation,Statutory nominal gross monthly minimum wage,Currency: U.S. dollars,2003,40.549,Currency: CMR - Central African CFA franc (XAF),CMR,0.465
Cameroon,ADM - Labour legislation,Statutory nominal gross monthly minimum wage,Currency: U.S. dollars,2002,33.896,Currency: CMR - Central African CFA franc (XAF),CMR,0.458
Cameroon,ADM - Labour legislation,Statutory nominal gross monthly minimum wage,Currency: U.S. dollars,2001,32.106,Currency: CMR - Central African CFA franc (XAF),CMR,0.458
Cameroon,ADM - Labour legislation,Statutory nominal gross monthly minimum wage,Currency: U.S. dollars,2000,33.109,Currency: CMR - Central African CFA franc (XAF),CMR,0.439
Congo,ADM - Legislation du Travail,Statutory nominal gross monthly minimum wage,Currency: U.S. dollars,2023,197.834,Type of minimum wage: Singular national minimum wage | Currency: COG - Central African CFA franc (XAF),COG,0.649
Congo,ADM - Legislation du Travail,Statutory nominal gross monthly minimum wage,Currency: U.S. dollars,2022,144.286,Type of minimum wage: Singular national minimum wage | Currency: COG - Central African CFA franc (XAF),COG,0.644
Congo,ADM - Legislation du Travail,Statutory nominal gross monthly minimum wage,Currency: U.S. dollars,2021,162.299,Type of minimum wage: Singular national minimum wage | Currency: COG - Central African CFA franc (XAF),COG,0.643
Congo,ADM - Legislation du Travail,Statutory nominal gross monthly minimum wage,Currency: U.S. dollars,2020,156.362,Type of minimum wage: Singular national minimum wage | Currency: COG - Central African CFA franc (XAF),COG,0.643
Congo,ADM - Legislation du Travail,Statutory nominal gross monthly minimum wage,Currency: U.S. dollars,2019,153.607,Type of minimum wage: Singular national minimum wage | Currency: COG - Central African CFA franc (XAF),COG,0.634
Congo,ADM - Legislation du Travail,Statutory nominal gross monthly minimum wage,Currency: U.S. dollars,2018,162.032,Type of minimum wage: Singular national minimum wage | Currency: COG - Central African CFA franc (XAF),COG,0.64
Congo,ADM - Legislation du Travail,Statutory nominal gross monthly minimum wage,Currency: U.S. dollars,2017,154.997,Type of minimum wage: Singular national minimum wage | Currency: COG - Central African CFA franc (XAF),COG,0.635
Congo,ADM - Legislation du Travail,Statutory nominal gross monthly minimum wage,Currency: U.S. dollars,2016,151.872,Type of minimum wage: Singular national minimum wage | Currency: COG - Central African CFA franc (XAF),COG,0.64
Congo,ADM - Legislation du Travail,Statutory nominal gross monthly minimum wage,Currency: U.S. dollars,2015,152.23,Type of minimum wage: Singular national minimum wage | Currency: COG - Central African CFA franc (XAF),COG,0.643
Congo,ADM - Legislation du Travail,Statutory nominal gross monthly minimum wage,Currency: U.S. dollars,2014,182.276,Type of minimum wage: Singular national minimum wage | Currency: COG - Central African CFA franc (XAF),COG,0.639
Congo,ADM - Legislation du Travail,Statutory nominal gross monthly minimum wage,Currency: U.S. dollars,2013,182.223,Type of minimum wage: Singular national minimum wage | Currency: COG - Central African CFA franc (XAF),COG,0.63
Congo,ADM - Legislation du Travail,Statutory nominal gross monthly minimum wage,Currency: U.S. dollars,2012,98.716,Type of minimum wage: Singular national minimum wage | Currency: COG - Central African CFA franc (XAF),COG,0.624
Congo,ADM - Legislation du Travail,Statutory nominal gross monthly minimum wage,Currency: U.S. dollars,2011,106.95,Type of minimum wage: Singular national minimum wage | Currency: COG - Central African CFA franc (XAF),COG,0.613
Congo,ADM - Legislation du Travail,Statutory nominal gross monthly minimum wage,Currency: U.S. dollars,2010,101.86,Type of minimum wage: Singular national minimum wage | Currency: COG - Central African CFA franc (XAF),COG,0.609
Congo,ADM - Legislation du Travail,Statutory nominal gross monthly minimum wage,Currency: U.S. dollars,2009,107.167,Type of minimum wage: Singular national minimum wage | Currency: COG - Central African CFA franc (XAF),COG,0.602
Congo,ADM - Legislation du Travail,Statutory nominal gross monthly minimum wage,Currency: U.S. dollars,2008,90.516,Type of minimum wage: Singular national minimum wage | Currency: COG - Central African CFA franc (XAF),COG,0.591
Colombia,ADM - Labour Relations Records,Statutory nominal gross monthly minimum wage,Currency: U.S. dollars,2023,268.149,Type of minimum wage: Singular national minimum wage | Currency: COL - Colombian peso (COP),COL,0.788
Colombia,ADM - Labour Relations Records,Statutory nominal gross monthly minimum wage,Currency: U.S. dollars,2022,234.952,Type of minimum wage: Singular national minimum wage | Currency: COL - Colombian peso (COP),COL,0.782
Colombia,ADM - Labour Relations Records,Statutory nominal gross monthly minimum wage,Currency: U.S. dollars,2021,242.646,Type of minimum wage: Singular national minimum wage | Currency: COL - Colombian peso (COP),COL,0.762
Colombia,ADM - Labour Relations Records,Statutory nominal gross monthly minimum wage,Currency: U.S. dollars,2020,237.676,Type of minimum wage: Singular national minimum wage | Currency: COL - Colombian peso (COP),COL,0.764
Colombia,ADM - Labour Relations Records,Statutory nominal gross monthly minimum wage,Currency: U.S. dollars,2019,252.35,Type of minimum wage: Singular national minimum wage | Currency: COL - Colombian peso (COP),COL,0.777
Colombia,ADM - Labour Relations Records,Statutory nominal gross monthly minimum wage,Currency: U.S. dollars,2018,264.317,Type of minimum wage: Singular national minimum wage | Currency: COL - Colombian peso (COP),COL,0.775
Colombia,ADM - Labour Relations Records,Statutory nominal gross monthly minimum wage,Currency: U.S. dollars,2017,249.948,Type of minimum wage: Singular national minimum wage | Currency: COL - Colombian peso (COP),COL,0.774
Colombia,ADM - Labour Relations Records,Statutory nominal gross monthly minimum wage,Currency: U.S. dollars,2016,225.662,Type of minimum wage: Singular national minimum wage | Currency: COL - Colombian peso (COP),COL,0.772
Colombia,ADM - Labour Relations Records,Statutory nominal gross monthly minimum wage,Currency: U.S. dollars,2015,235.011,Type of minimum wage: Singular national minimum wage | Currency: COL - Colombian peso (COP),COL,0.767
Colombia,ADM - Labour Relations Records,Statutory nominal gross monthly minimum wage,Currency: U.S. dollars,2014,307.83,Type of minimum wage: Singular national minimum wage | Currency: COL - Colombian peso (COP),COL,0.763
Colombia,ADM - Labour Relations Records,Statutory nominal gross monthly minimum wage,Currency: U.S. dollars,2013,315.427,Type of minimum wage: Singular national minimum wage | Currency: COL - Colombian peso (COP),COL,0.76
Colombia,ADM - Labour Relations Records,Statutory nominal gross monthly minimum wage,Currency: U.S. dollars,2012,315.182,Type of minimum wage: Singular national minimum wage | Currency: COL - Colombian peso (COP),COL,0.748
Colombia,ADM - Labour Relations Records,Statutory nominal gross monthly minimum wage,Currency: U.S. dollars,2011,288.147,Type of minimum wage: Singular national minimum wage | Currency: COL - Colombian peso (COP),COL,0.747
Colombia,ADM - Labour Relations Records,Statutory nominal gross monthly minimum wage,Currency: U.S. dollars,2010,271.196,Type of minimum wage: Singular national minimum wage | Currency: COL - Colombian peso (COP),COL,0.741
Colombia,ADM - Labour Relations Records,Statutory nominal gross monthly minimum wage,Currency: U.S. dollars,2009,230.302,Type of minimum wage: Singular national minimum wage | Currency: COL - Colombian peso (COP),COL,0.736
Colombia,ADM - Labour Relations Records,Statutory nominal gross monthly minimum wage,Currency: U.S. dollars,2008,234.844,Type of minimum wage: Singular national minimum wage | Currency: COL - Colombian peso (COP),COL,0.731
Colombia,ADM - Labour Relations Records,Statutory nominal gross monthly minimum wage,Currency: U.S. dollars,2007,208.729,Type of minimum wage: Singular national minimum wage | Currency: COL - Colombian peso (COP),COL,0.724
Colombia,ADM - Labour Relations Records,Statutory nominal gross monthly minimum wage,Currency: U.S. dollars,2006,172.984,Type of minimum wage: Singular national minimum wage | Currency: COL - Colombian peso (COP),COL,0.712
Colombia,ADM - Labour Relations Records,Statutory nominal gross monthly minimum wage,Currency: U.S. dollars,2005,164.359,Type of minimum wage: Singular national minimum wage | Currency: COL - Colombian peso (COP),COL,0.711
Colombia,ADM - Labour Relations Records,Statutory nominal gross monthly minimum wage,Currency: U.S. dollars,2004,136.206,Type of minimum wage: Singular national minimum wage | Currency: COL - Colombian peso (COP),COL,0.699
Colombia,ADM - Labour Relations Records,Statutory nominal gross monthly minimum wage,Currency: U.S. dollars,2003,115.376,Type of minimum wage: Singular national minimum wage | Currency: COL - Colombian peso (COP),COL,0.691
Colombia,ADM - Labour Relations Records,Statutory nominal gross monthly minimum wage,Currency: U.S. dollars,2002,123.369,Type of minimum wage: Singular national minimum wage | Currency: COL - Colombian peso (COP),COL,0.684
Colombia,ADM - Labour Relations Records,Statutory nominal gross monthly minimum wage,Currency: U.S. dollars,2001,124.354,Type of minimum wage: Singular national minimum wage | Currency: COL - Colombian peso (COP),COL,0.681
Colombia,ADM - Labour Relations Records,Statutory nominal gross monthly minimum wage,Currency: U.S. dollars,2000,124.574,Type of minimum wage: Singular national minimum wage | Currency: COL - Colombian peso (COP),COL,0.679
Comoros,ADM - Labour legislation,Statutory nominal gross monthly minimum wage,Currency: U.S. dollars,2023,120.881,Type of minimum wage: Singular national minimum wage | Currency: COM - Comorian franc (KMF),COM,0.603
Comoros,ADM - Labour legislation,Statutory nominal gross monthly minimum wage,Currency: U.S. dollars,2022,117.727,Type of minimum wage: Singular national minimum wage | Currency: COM - Comorian franc (KMF),COM,0.602
Comoros,ADM - Labour legislation,Statutory nominal gross monthly minimum wage,Currency: U.S. dollars,2021,132.226,Type of minimum wage: Singular national minimum wage | Currency: COM - Comorian franc (KMF),COM,0.594
Comoros,ADM - Labour legislation,Statutory nominal gross monthly minimum wage,Currency: U.S. dollars,2020,127.693,Type of minimum wage: Singular national minimum wage | Currency: COM - Comorian franc (KMF),COM,0.592
Comoros,ADM - Labour legislation,Statutory nominal gross monthly minimum wage,Currency: U.S. dollars,2019,125.153,Type of minimum wage: Singular national minimum wage | Currency: COM - Comorian franc (KMF),COM,0.589
Comoros,ADM - Labour legislation,Statutory nominal gross monthly minimum wage,Currency: U.S. dollars,2018,132.026,Type of minimum wage: Singular national minimum wage | Currency: COM - Comorian franc (KMF),COM,0.584
Comoros,ADM - Labour legislation,Statutory nominal gross monthly minimum wage,Currency: U.S. dollars,2017,126.294,Type of minimum wage: Singular national minimum wage | Currency: COM - Comorian franc (KMF),COM,0.577
Comoros,ADM - Labour legislation,Statutory nominal gross monthly minimum wage,Currency: U.S. dollars,2016,123.747,Type of minimum wage: Singular national minimum wage | Currency: COM - Comorian franc (KMF),COM,0.571
Comoros,ADM - Labour legislation,Statutory nominal gross monthly minimum wage,Currency: U.S. dollars,2015,124.039,Type of minimum wage: Singular national minimum wage | Currency: COM - Comorian franc (KMF),COM,0.565
Comoros,ADM - Labour legislation,Statutory nominal gross monthly minimum wage,Currency: U.S. dollars,2014,148.521,Type of minimum wage: Singular national minimum wage | Currency: COM - Comorian franc (KMF),COM,0.56
Comoros,ADM - Labour legislation,Statutory nominal gross monthly minimum wage,Currency: U.S. dollars,2013,148.478,Type of minimum wage: Singular national minimum wage | Currency: COM - Comorian franc (KMF),COM,0.556
Comoros,ADM - Labour legislation,Statutory nominal gross monthly minimum wage,Currency: U.S. dollars,2012,143.634,Type of minimum wage: Singular national minimum wage | Currency: COM - Comorian franc (KMF),COM,0.548
Comoros,ADM - Labour legislation,Statutory nominal gross monthly minimum wage,Currency: U.S. dollars,2011,84.881,Type of minimum wage: Singular national minimum wage | Currency: COM - Comorian franc (KMF),COM,0.541
Comoros,ADM - Labour legislation,Statutory nominal gross monthly minimum wage,Currency: U.S. dollars,2010,80.842,Type of minimum wage: Singular national minimum wage | Currency: COM - Comorian franc (KMF),COM,0.534
Comoros,ADM - Labour legislation,Statutory nominal gross monthly minimum wage,Currency: U.S. dollars,2009,85.053,Type of minimum wage: Singular national minimum wage | Currency: COM - Comorian franc (KMF),COM,0.526
Comoros,ADM - Labour legislation,Statutory nominal gross monthly minimum wage,Currency: U.S. dollars,2008,89.686,Type of minimum wage: Singular national minimum wage | Currency: COM - Comorian franc (KMF),COM,0.519
Cabo Verde,ADM - Legislation du Travail,Statutory nominal gross monthly minimum wage,Currency: U.S. dollars,2023,127.695,Type of minimum wage: Singular national minimum wage | Currency: CPV - Escudo (CVE),CPV,0.668
Cabo Verde,ADM - Legislation du Travail,Statutory nominal gross monthly minimum wage,Currency: U.S. dollars,2022,123.971,Type of minimum wage: Singular national minimum wage | Currency: CPV - Escudo (CVE),CPV,0.664
Cabo Verde,ADM - Legislation du Travail,Statutory nominal gross monthly minimum wage,Currency: U.S. dollars,2021,139.458,Type of minimum wage: Singular national minimum wage | Currency: CPV - Escudo (CVE),CPV,0.651
Cabo Verde,ADM - Legislation du Travail,Statutory nominal gross monthly minimum wage,Currency: U.S. dollars,2020,134.303,Type of minimum wage: Singular national minimum wage | Currency: CPV - Escudo (CVE),CPV,0.647
Cabo Verde,ADM - Legislation du Travail,Statutory nominal gross monthly minimum wage,Currency: U.S. dollars,2019,131.986,Type of minimum wage: Singular national minimum wage | Currency: CPV - Escudo (CVE),CPV,0.667
Cabo Verde,ADM - Legislation du Travail,Statutory nominal gross monthly minimum wage,Currency: U.S. dollars,2018,139.166,Type of minimum wage: Singular national minimum wage | Currency: CPV - Escudo (CVE),CPV,0.663
Cabo Verde,ADM - Legislation du Travail,Statutory nominal gross monthly minimum wage,Currency: U.S. dollars,2017,112.466,Type of minimum wage: Singular national minimum wage | Currency: CPV - Escudo (CVE),CPV,0.663
Cabo Verde,ADM - Legislation du Travail,Statutory nominal gross monthly minimum wage,Currency: U.S. dollars,2016,110.344,Type of minimum wage: Singular national minimum wage | Currency: CPV - Escudo (CVE),CPV,0.661
Cabo Verde,ADM - Legislation du Travail,Statutory nominal gross monthly minimum wage,Currency: U.S. dollars,2015,110.68,Type of minimum wage: Singular national minimum wage | Currency: CPV - Escudo (CVE),CPV,0.658
Cabo Verde,ADM - Legislation du Travail,Statutory nominal gross monthly minimum wage,Currency: U.S. dollars,2014,132.475,Type of minimum wage: Singular national minimum wage | Currency: CPV - Escudo (CVE),CPV,0.659
Costa Rica,ADM - Minimum wage decrees,Statutory nominal gross monthly minimum wage,Currency: U.S. dollars,2023,647.3,Type of minimum wage: Occupational (unskilled workers) | Currency: CRI - Colon (CRC),CRI,0.833
Costa Rica,ADM - Minimum wage decrees,Statutory nominal gross monthly minimum wage,Currency: U.S. dollars,2022,501.533,Type of minimum wage: Occupational (unskilled workers) | Currency: CRI - Colon (CRC),CRI,0.823
Costa Rica,ADM - Minimum wage decrees,Statutory nominal gross monthly minimum wage,Currency: U.S. dollars,2021,512.119,Type of minimum wage: Occupational (unskilled workers) | Currency: CRI - Colon (CRC),CRI,0.817
Costa Rica,ADM - Minimum wage decrees,Statutory nominal gross monthly minimum wage,Currency: U.S. dollars,2020,541.911,Type of minimum wage: Occupational (unskilled workers) | Currency: CRI - Colon (CRC),CRI,0.819
Costa Rica,ADM - Minimum wage decrees,Statutory nominal gross monthly minimum wage,Currency: U.S. dollars,2019,526.386,Type of minimum wage: Occupational | Currency: CRI - Colon (CRC),CRI,0.821
Costa Rica,ADM - Minimum wage decrees,Statutory nominal gross monthly minimum wage,Currency: U.S. dollars,2018,520.347,Type of minimum wage: Occupational | Currency: CRI - Colon (CRC),CRI,0.813
Costa Rica,ADM - Minimum wage decrees,Statutory nominal gross monthly minimum wage,Currency: U.S. dollars,2017,516.521,Type of minimum wage: Occupational | Currency: CRI - Colon (CRC),CRI,0.809
Costa Rica,ADM - Minimum wage decrees,Statutory nominal gross monthly minimum wage,Currency: U.S. dollars,2016,538.116,Type of minimum wage: Occupational | Currency: CRI - Colon (CRC),CRI,0.805
Costa Rica,ADM - Minimum wage decrees,Statutory nominal gross monthly minimum wage,Currency: U.S. dollars,2015,535.888,Type of minimum wage: Occupational | Currency: CRI - Colon (CRC),CRI,0.803
Costa Rica,ADM - Minimum wage decrees,Statutory nominal gross monthly minimum wage,Currency: U.S. dollars,2014,495.884,Type of minimum wage: Occupational | Currency: CRI - Colon (CRC) | Break in series: Change in definition or concept,CRI,0.802
Costa Rica,ADM - Minimum wage decrees,Statutory nominal gross monthly minimum wage,Currency: U.S. dollars,2013,373.365,Currency: CRI - Colon (CRC),CRI,0.795
Costa Rica,ADM - Minimum wage decrees,Statutory nominal gross monthly minimum wage,Currency: U.S. dollars,2012,349.582,Currency: CRI - Colon (CRC),CRI,0.789
Costa Rica,ADM - Minimum wage decrees,Statutory nominal gross monthly minimum wage,Currency: U.S. dollars,2011,327.174,Currency: CRI - Colon (CRC),CRI,0.783
Costa Rica,ADM - Minimum wage decrees,Statutory nominal gross monthly minimum wage,Currency: U.S. dollars,2010,296.198,Currency: CRI - Colon (CRC),CRI,0.776
Costa Rica,ADM - Minimum wage decrees,Statutory nominal gross monthly minimum wage,Currency: U.S. dollars,2009,248.302,Currency: CRI - Colon (CRC),CRI,0.773
Costa Rica,ADM - Minimum wage decrees,Statutory nominal gross monthly minimum wage,Currency: U.S. dollars,2008,247.835,Currency: CRI - Colon (CRC),CRI,0.769
Costa Rica,ADM - Minimum wage decrees,Statutory nominal gross monthly minimum wage,Currency: U.S. dollars,2007,218.169,Currency: CRI - Colon (CRC) | Break in series: Change in definition or concept,CRI,0.76
Costa Rica,ADM - Minimum wage decrees,Statutory nominal gross monthly minimum wage,Currency: U.S. dollars,2006,239.946,Currency: CRI - Colon (CRC),CRI,0.755
Costa Rica,ADM - Minimum wage decrees,Statutory nominal gross monthly minimum wage,Currency: U.S. dollars,2005,227.884,Currency: CRI - Colon (CRC),CRI,0.748
Costa Rica,ADM - Minimum wage decrees,Statutory nominal gross monthly minimum wage,Currency: U.S. dollars,2004,216.851,Currency: CRI - Colon (CRC),CRI,0.741
Costa Rica,ADM - Minimum wage decrees,Statutory nominal gross monthly minimum wage,Currency: U.S. dollars,2003,214.555,Currency: CRI - Colon (CRC),CRI,0.736
Costa Rica,ADM - Minimum wage decrees,Statutory nominal gross monthly minimum wage,Currency: U.S. dollars,2002,215.604,Currency: CRI - Colon (CRC),CRI,0.73
Costa Rica,ADM - Minimum wage decrees,Statutory nominal gross monthly minimum wage,Currency: U.S. dollars,2001,218.815,Currency: CRI - Colon (CRC),CRI,0.726
Costa Rica,ADM - Minimum wage decrees,Statutory nominal gross monthly minimum wage,Currency: U.S. dollars,2000,206.171,Currency: CRI - Colon (CRC),CRI,0.72
Cyprus,ADM - Labour legislation,Statutory nominal gross monthly minimum wage,Currency: U.S. dollars,2023,1016.392,Currency: CYP - Euro (EUR),CYP,0.913
Cyprus,ADM - Labour legislation,Statutory nominal gross monthly minimum wage,Currency: U.S. dollars,2022,916.152,Type of minimum wage: Occupational (unskilled workers) | Currency: CYP - Euro (EUR),CYP,0.908
Cyprus,ADM - Labour legislation,Statutory nominal gross monthly minimum wage,Currency: U.S. dollars,2021,1028.984,Type of minimum wage: Occupational (unskilled workers) | Currency: CYP - Euro (EUR),CYP,0.907
Cyprus,ADM - Labour legislation,Statutory nominal gross monthly minimum wage,Currency: U.S. dollars,2020,993.711,Type of minimum wage: Occupational (unskilled workers) | Currency: CYP - Euro (EUR),CYP,0.905
Cyprus,ADM - Labour legislation,Statutory nominal gross monthly minimum wage,Currency: U.S. dollars,2019,973.943,Type of minimum wage: Occupational (unskilled workers) | Currency: CYP - Euro (EUR),CYP,0.907
Cyprus,ADM - Labour legislation,Statutory nominal gross monthly minimum wage,Currency: U.S. dollars,2018,1027.43,Type of minimum wage: Occupational (unskilled workers) | Currency: CYP - Euro (EUR),CYP,0.902
Cyprus,ADM - Labour legislation,Statutory nominal gross monthly minimum wage,Currency: U.S. dollars,2017,982.823,Type of minimum wage: Occupational (unskilled workers) | Currency: CYP - Euro (EUR),CYP,0.897
Cyprus,ADM - Labour legislation,Statutory nominal gross monthly minimum wage,Currency: U.S. dollars,2016,963.006,Type of minimum wage: Occupational (unskilled workers) | Currency: CYP - Euro (EUR),CYP,0.888
Cyprus,ADM - Labour legislation,Statutory nominal gross monthly minimum wage,Currency: U.S. dollars,2015,965.276,Type of minimum wage: Occupational (unskilled workers) | Currency: CYP - Euro (EUR),CYP,0.882
Cyprus,ADM - Labour legislation,Statutory nominal gross monthly minimum wage,Currency: U.S. dollars,2014,1155.796,Type of minimum wage: Occupational (unskilled workers) | Currency: CYP - Euro (EUR),CYP,0.875
Cyprus,ADM - Labour legislation,Statutory nominal gross monthly minimum wage,Currency: U.S. dollars,2013,1135.541,Type of minimum wage: Occupational (unskilled workers) | Currency: CYP - Euro (EUR),CYP,0.873
Cyprus,ADM - Labour legislation,Statutory nominal gross monthly minimum wage,Currency: U.S. dollars,2012,1098.494,Type of minimum wage: Occupational (unskilled workers) | Currency: CYP - Euro (EUR),CYP,0.872
Cyprus,ADM - Labour legislation,Statutory nominal gross monthly minimum wage,Currency: U.S. dollars,2011,1190.122,Type of minimum wage: Occupational (unskilled workers) | Currency: CYP - Euro (EUR),CYP,0.872
Cyprus,ADM - Labour legislation,Statutory nominal gross monthly minimum wage,Currency: U.S. dollars,2010,1106.973,Type of minimum wage: Occupational (unskilled workers) | Currency: CYP - Euro (EUR),CYP,0.869
Cyprus,ADM - Labour legislation,Statutory nominal gross monthly minimum wage,Currency: U.S. dollars,2009,1103.273,Type of minimum wage: Occupational (unskilled workers) | Currency: CYP - Euro (EUR),CYP,0.867
Cyprus,ADM - Labour legislation,Statutory nominal gross monthly minimum wage,Currency: U.S. dollars,2008,1092.771,Type of minimum wage: Occupational (unskilled workers) | Currency: CYP - Euro (EUR),CYP,0.862
Czechia,ADM - Labour legislation,Statutory nominal gross monthly minimum wage,Currency: U.S. dollars,2023,779.347,Type of minimum wage: Singular national minimum wage | Currency: CZE - Koruna (CZK),CZE,0.915
Czechia,ADM - Labour legislation,Statutory nominal gross monthly minimum wage,Currency: U.S. dollars,2022,693.582,Type of minimum wage: Singular national minimum wage | Currency: CZE - Koruna (CZK),CZE,0.911
Czechia,ADM - Labour legislation,Statutory nominal gross monthly minimum wage,Currency: U.S. dollars,2021,701.166,Type of minimum wage: Singular national minimum wage | Currency: CZE - Koruna (CZK),CZE,0.901
Czechia,ADM - Labour legislation,Statutory nominal gross monthly minimum wage,Currency: U.S. dollars,2020,629.032,Type of minimum wage: Singular national minimum wage | Currency: CZE - Koruna (CZK),CZE,0.898
Czechia,ADM - Labour legislation,Statutory nominal gross monthly minimum wage,Currency: U.S. dollars,2019,582.15,Type of minimum wage: Singular national minimum wage | Currency: CZE - Koruna (CZK),CZE,0.903
Czechia,ADM - Labour legislation,Statutory nominal gross monthly minimum wage,Currency: U.S. dollars,2018,561.438,Type of minimum wage: Singular national minimum wage | Currency: CZE - Koruna (CZK),CZE,0.901
Czechia,ADM - Labour legislation,Statutory nominal gross monthly minimum wage,Currency: U.S. dollars,2017,470.561,Type of minimum wage: Singular national minimum wage | Currency: CZE - Koruna (CZK),CZE,0.904
Czechia,ADM - Labour legislation,Statutory nominal gross monthly minimum wage,Currency: U.S. dollars,2016,405.075,Type of minimum wage: Singular national minimum wage | Currency: CZE - Koruna (CZK),CZE,0.902
Czechia,ADM - Labour legislation,Statutory nominal gross monthly minimum wage,Currency: U.S. dollars,2015,374.003,Type of minimum wage: Singular national minimum wage | Currency: CZE - Koruna (CZK),CZE,0.9
Czechia,ADM - Labour legislation,Statutory nominal gross monthly minimum wage,Currency: U.S. dollars,2014,409.49,Type of minimum wage: Singular national minimum wage | Currency: CZE - Koruna (CZK),CZE,0.898
Czechia,ADM - Labour legislation,Statutory nominal gross monthly minimum wage,Currency: U.S. dollars,2013,408.777,Type of minimum wage: Singular national minimum wage | Currency: CZE - Koruna (CZK),CZE,0.892
Czechia,ADM - Labour legislation,Statutory nominal gross monthly minimum wage,Currency: U.S. dollars,2012,408.632,Type of minimum wage: Singular national minimum wage | Currency: CZE - Koruna (CZK),CZE,0.885
Czechia,ADM - Labour legislation,Statutory nominal gross monthly minimum wage,Currency: U.S. dollars,2011,452.082,Type of minimum wage: Singular national minimum wage | Currency: CZE - Koruna (CZK),CZE,0.883
Czechia,ADM - Labour legislation,Statutory nominal gross monthly minimum wage,Currency: U.S. dollars,2010,418.886,Type of minimum wage: Singular national minimum wage | Currency: CZE - Koruna (CZK),CZE,0.88
Czechia,ADM - Labour legislation,Statutory nominal gross monthly minimum wage,Currency: U.S. dollars,2009,419.661,Type of minimum wage: Singular national minimum wage | Currency: CZE - Koruna (CZK),CZE,0.875
Czechia,ADM - Labour legislation,Statutory nominal gross monthly minimum wage,Currency: U.S. dollars,2008,468.613,Type of minimum wage: Singular national minimum wage | Currency: CZE - Koruna (CZK),CZE,0.873
Czechia,ADM - Labour legislation,Statutory nominal gross monthly minimum wage,Currency: U.S. dollars,2007,394.212,Type of minimum wage: Singular national minimum wage | Currency: CZE - Koruna (CZK),CZE,0.87
Czechia,ADM - Labour legislation,Statutory nominal gross monthly minimum wage,Currency: U.S. dollars,2006,352.06,Type of minimum wage: Singular national minimum wage | Currency: CZE - Koruna (CZK),CZE,0.864
Czechia,ADM - Labour legislation,Statutory nominal gross monthly minimum wage,Currency: U.S. dollars,2005,299.907,Type of minimum wage: Singular national minimum wage | Currency: CZE - Koruna (CZK),CZE,0.856
Czechia,ADM - Labour legislation,Statutory nominal gross monthly minimum wage,Currency: U.S. dollars,2004,260.703,Type of minimum wage: Singular national minimum wage | Currency: CZE - Koruna (CZK),CZE,0.848
Czechia,ADM - Labour legislation,Statutory nominal gross monthly minimum wage,Currency: U.S. dollars,2003,219.788,Type of minimum wage: Singular national minimum wage | Currency: CZE - Koruna (CZK),CZE,0.842
Czechia,ADM - Labour legislation,Statutory nominal gross monthly minimum wage,Currency: U.S. dollars,2002,174.107,Type of minimum wage: Singular national minimum wage | Currency: CZE - Koruna (CZK),CZE,0.835
Czechia,ADM - Labour legislation,Statutory nominal gross monthly minimum wage,Currency: U.S. dollars,2001,131.457,Type of minimum wage: Singular national minimum wage | Currency: CZE - Koruna (CZK),CZE,0.828
Czechia,ADM - Labour legislation,Statutory nominal gross monthly minimum wage,Currency: U.S. dollars,2000,116.585,Type of minimum wage: Singular national minimum wage | Currency: CZE - Koruna (CZK),CZE,0.817
Germany,ADM - Minimum Wage Act,Statutory nominal gross monthly minimum wage,Currency: U.S. dollars,2023,2159.293,Type of minimum wage: Singular national minimum wage | Currency: DEU - Euro (EUR),DEU,0.959
Germany,ADM - Minimum Wage Act,Statutory nominal gross monthly minimum wage,Currency: U.S. dollars,2022,1831.252,Type of minimum wage: Singular national minimum wage | Currency: DEU - Euro (EUR),DEU,0.955
Germany,ADM - Minimum Wage Act,Statutory nominal gross monthly minimum wage,Currency: U.S. dollars,2021,1894.75,Type of minimum wage: Singular national minimum wage | Currency: DEU - Euro (EUR),DEU,0.958
Germany,ADM - Minimum Wage Act,Statutory nominal gross monthly minimum wage,Currency: U.S. dollars,2020,1763.551,Type of minimum wage: Singular national minimum wage | Currency: DEU - Euro (EUR),DEU,0.955
Germany,ADM - Minimum Wage Act,Statutory nominal gross monthly minimum wage,Currency: U.S. dollars,2019,1747.5,Type of minimum wage: Singular national minimum wage | Currency: DEU - Euro (EUR),DEU,0.957
Germany,ADM - Minimum Wage Act,Statutory nominal gross monthly minimum wage,Currency: U.S. dollars,2018,1778.517,Type of minimum wage: Singular national minimum wage | Currency: DEU - Euro (EUR),DEU,0.952
Germany,ADM - Minimum Wage Act,Statutory nominal gross monthly minimum wage,Currency: U.S. dollars,2017,1701.3,Type of minimum wage: Singular national minimum wage | Currency: DEU - Euro (EUR),DEU,0.951
Germany,ADM - Minimum Wage Act,Statutory nominal gross monthly minimum wage,Currency: U.S. dollars,2016,1598.368,Type of minimum wage: Singular national minimum wage | Currency: DEU - Euro (EUR),DEU,0.949
Germany,ADM - Minimum Wage Act,Statutory nominal gross monthly minimum wage,Currency: U.S. dollars,2015,1602.137,Type of minimum wage: Singular national minimum wage | Currency: DEU - Euro (EUR),DEU,0.948
Dominica,ADM - Legislation du Travail,Statutory nominal gross monthly minimum wage,Currency: U.S. dollars,2023,577.778,Type of minimum wage: Singular national minimum wage | Currency: DMA - East Caribbean dollar (XCD) | ILO calculation: Hourly figure multiplied by 48 hours and 4.33 weeks,DMA,0.761
Dominica,ADM - Legislation du Travail,Statutory nominal gross monthly minimum wage,Currency: U.S. dollars,2022,577.778,Type of minimum wage: Singular national minimum wage | Currency: DMA - East Caribbean dollar (XCD) | ILO calculation: Hourly figure multiplied by 48 hours and 4.33 weeks,DMA,0.759
Dominica,ADM - Legislation du Travail,Statutory nominal gross monthly minimum wage,Currency: U.S. dollars,2021,577.778,Type of minimum wage: Singular national minimum wage | Currency: DMA - East Caribbean dollar (XCD) | ILO calculation: Hourly figure multiplied by 48 hours and 4.33 weeks,DMA,0.749
Dominica,ADM - Legislation du Travail,Statutory nominal gross monthly minimum wage,Currency: U.S. dollars,2020,308.148,Type of minimum wage: Singular national minimum wage | Currency: DMA - East Caribbean dollar (XCD) | ILO calculation: Hourly figure multiplied by 48 hours and 4.33 weeks,DMA,0.753
Dominica,ADM - Legislation du Travail,Statutory nominal gross monthly minimum wage,Currency: U.S. dollars,2019,308.148,Type of minimum wage: Singular national minimum wage | Currency: DMA - East Caribbean dollar (XCD) | ILO calculation: Hourly figure multiplied by 48 hours and 4.33 weeks,DMA,0.758
Dominica,ADM - Legislation du Travail,Statutory nominal gross monthly minimum wage,Currency: U.S. dollars,2018,308.148,Type of minimum wage: Singular national minimum wage | Currency: DMA - East Caribbean dollar (XCD) | ILO calculation: Hourly figure multiplied by 48 hours and 4.33 weeks,DMA,0.755
Dominica,ADM - Legislation du Travail,Statutory nominal gross monthly minimum wage,Currency: U.S. dollars,2017,308.148,Type of minimum wage: Singular national minimum wage | Currency: DMA - East Caribbean dollar (XCD) | ILO calculation: Hourly figure multiplied by 48 hours and 4.33 weeks,DMA,0.735
Dominica,ADM - Legislation du Travail,Statutory nominal gross monthly minimum wage,Currency: U.S. dollars,2016,308.148,Type of minimum wage: Singular national minimum wage | Currency: DMA - East Caribbean dollar (XCD) | ILO calculation: Hourly figure multiplied by 48 hours and 4.33 weeks,DMA,0.751
Dominica,ADM - Legislation du Travail,Statutory nominal gross monthly minimum wage,Currency: U.S. dollars,2015,308.148,Type of minimum wage: Singular national minimum wage | Currency: DMA - East Caribbean dollar (XCD) | ILO calculation: Hourly figure multiplied by 48 hours and 4.33 weeks,DMA,0.741
Dominica,ADM - Legislation du Travail,Statutory nominal gross monthly minimum wage,Currency: U.S. dollars,2014,308.148,Type of minimum wage: Singular national minimum wage | Currency: DMA - East Caribbean dollar (XCD) | ILO calculation: Hourly figure multiplied by 48 hours and 4.33 weeks,DMA,0.748
Dominica,ADM - Legislation du Travail,Statutory nominal gross monthly minimum wage,Currency: U.S. dollars,2013,308.148,Type of minimum wage: Singular national minimum wage | Currency: DMA - East Caribbean dollar (XCD) | ILO calculation: Hourly figure multiplied by 48 hours and 4.33 weeks,DMA,0.745
Dominica,ADM - Legislation du Travail,Statutory nominal gross monthly minimum wage,Currency: U.S. dollars,2012,308.148,Type of minimum wage: Singular national minimum wage | Currency: DMA - East Caribbean dollar (XCD) | ILO calculation: Hourly figure multiplied by 48 hours and 4.33 weeks,DMA,0.745
Dominica,ADM - Legislation du Travail,Statutory nominal gross monthly minimum wage,Currency: U.S. dollars,2011,308.148,Type of minimum wage: Singular national minimum wage | Currency: DMA - East Caribbean dollar (XCD) | ILO calculation: Hourly figure multiplied by 48 hours and 4.33 weeks,DMA,0.745
Dominica,ADM - Legislation du Travail,Statutory nominal gross monthly minimum wage,Currency: U.S. dollars,2010,308.148,Type of minimum wage: Singular national minimum wage | Currency: DMA - East Caribbean dollar (XCD) | ILO calculation: Hourly figure multiplied by 48 hours and 4.33 weeks,DMA,0.747
Dominica,ADM - Legislation du Travail,Statutory nominal gross monthly minimum wage,Currency: U.S. dollars,2009,308.148,Type of minimum wage: Singular national minimum wage | Currency: DMA - East Caribbean dollar (XCD) | ILO calculation: Hourly figure multiplied by 48 hours and 4.33 weeks,DMA,0.746
Dominica,ADM - Legislation du Travail,Statutory nominal gross monthly minimum wage,Currency: U.S. dollars,2008,308.148,Type of minimum wage: Singular national minimum wage | Currency: DMA - East Caribbean dollar (XCD) | ILO calculation: Hourly figure multiplied by 48 hours and 4.33 weeks,DMA,0.745
Dominican Republic,ADM-LIR - Administrative Records of the Ministry of Labour,Statutory nominal gross monthly minimum wage,Currency: U.S. dollars,2023,333.027,Type of minimum wage: Average of minimum wages based on establishment size | Currency: DOM - Dominican peso (DOP),DOM,0.776
Dominican Republic,ADM-LIR - Administrative Records of the Ministry of Labour,Statutory nominal gross monthly minimum wage,Currency: U.S. dollars,2022,294.935,Type of minimum wage: Average of minimum wages based on establishment size | Currency: DOM - Dominican peso (DOP),DOM,0.778
Dominican Republic,ADM-LIR - Administrative Records of the Ministry of Labour,Statutory nominal gross monthly minimum wage,Currency: U.S. dollars,2021,272.627,Type of minimum wage: Singular national minimum wage | Currency: DOM - Dominican peso (DOP),DOM,0.762
Dominican Republic,ADM-LIR - Administrative Records of the Ministry of Labour,Statutory nominal gross monthly minimum wage,Currency: U.S. dollars,2020,238.516,Type of minimum wage: Singular national minimum wage | Currency: DOM - Dominican peso (DOP),DOM,0.767
Dominican Republic,ADM-LIR - Administrative Records of the Ministry of Labour,Statutory nominal gross monthly minimum wage,Currency: U.S. dollars,2019,262.833,Type of minimum wage: Singular national minimum wage | Currency: DOM - Dominican peso (DOP),DOM,0.771
Dominican Republic,ADM-LIR - Administrative Records of the Ministry of Labour,Statutory nominal gross monthly minimum wage,Currency: U.S. dollars,2018,238.861,Type of minimum wage: Singular national minimum wage | Currency: DOM - Dominican peso (DOP),DOM,0.773
Dominican Republic,ADM-LIR - Administrative Records of the Ministry of Labour,Statutory nominal gross monthly minimum wage,Currency: U.S. dollars,2017,248.788,Type of minimum wage: Singular national minimum wage | Currency: DOM - Dominican peso (DOP),DOM,0.77
Dominican Republic,ADM-LIR - Administrative Records of the Ministry of Labour,Statutory nominal gross monthly minimum wage,Currency: U.S. dollars,2016,279.435,Type of minimum wage: Singular national minimum wage | Currency: DOM - Dominican peso (DOP),DOM,0.766
Dominican Republic,ADM-LIR - Administrative Records of the Ministry of Labour,Statutory nominal gross monthly minimum wage,Currency: U.S. dollars,2015,285.756,Type of minimum wage: Singular national minimum wage | Currency: DOM - Dominican peso (DOP),DOM,0.747
Dominican Republic,ADM-LIR - Administrative Records of the Ministry of Labour,Statutory nominal gross monthly minimum wage,Currency: U.S. dollars,2014,259.29,Type of minimum wage: Singular national minimum wage | Currency: DOM - Dominican peso (DOP),DOM,0.737
Dominican Republic,ADM-LIR - Administrative Records of the Ministry of Labour,Statutory nominal gross monthly minimum wage,Currency: U.S. dollars,2013,164.615,Type of minimum wage: Singular national minimum wage | Currency: DOM - Dominican peso (DOP),DOM,0.731
Dominican Republic,ADM-LIR - Administrative Records of the Ministry of Labour,Statutory nominal gross monthly minimum wage,Currency: U.S. dollars,2012,153.483,Type of minimum wage: Singular national minimum wage | Currency: DOM - Dominican peso (DOP),DOM,0.727
Dominican Republic,ADM-LIR - Administrative Records of the Ministry of Labour,Statutory nominal gross monthly minimum wage,Currency: U.S. dollars,2011,158.451,Type of minimum wage: Singular national minimum wage | Central tendency measure: Minimum | Working time arrangement coverage: Full-time and part time workers | Currency: DOM - Dominican peso (DOP),DOM,0.721
Dominican Republic,ADM-LIR - Administrative Records of the Ministry of Labour,Statutory nominal gross monthly minimum wage,Currency: U.S. dollars,2010,140.082,Type of minimum wage: Singular national minimum wage | Central tendency measure: Minimum | Working time arrangement coverage: Full-time and part time workers | Currency: DOM - Dominican peso (DOP),DOM,0.715
Dominican Republic,ADM-LIR - Administrative Records of the Ministry of Labour,Statutory nominal gross monthly minimum wage,Currency: U.S. dollars,2009,143.39,Type of minimum wage: Singular national minimum wage | Central tendency measure: Minimum | Working time arrangement coverage: Full-time and part time workers | Currency: DOM - Dominican peso (DOP),DOM,0.707
Dominican Republic,ADM-LIR - Administrative Records of the Ministry of Labour,Statutory nominal gross monthly minimum wage,Currency: U.S. dollars,2008,129.89,Type of minimum wage: Singular national minimum wage | Central tendency measure: Minimum | Working time arrangement coverage: Full-time and part time workers | Currency: DOM - Dominican peso (DOP),DOM,0.704
Dominican Republic,ADM-LIR - Administrative Records of the Ministry of Labour,Statutory nominal gross monthly minimum wage,Currency: U.S. dollars,2007,135.205,Type of minimum wage: Singular national minimum wage | Central tendency measure: Minimum | Working time arrangement coverage: Full-time and part time workers | Currency: DOM - Dominican peso (DOP),DOM,0.698
Dominican Republic,ADM-LIR - Administrative Records of the Ministry of Labour,Statutory nominal gross monthly minimum wage,Currency: U.S. dollars,2006,117.117,Type of minimum wage: Singular national minimum wage | Central tendency measure: Minimum | Working time arrangement coverage: Full-time and part time workers | Currency: DOM - Dominican peso (DOP),DOM,0.691
Dominican Republic,ADM-LIR - Administrative Records of the Ministry of Labour,Statutory nominal gross monthly minimum wage,Currency: U.S. dollars,2005,128.786,Type of minimum wage: Singular national minimum wage | Central tendency measure: Minimum | Working time arrangement coverage: Full-time and part time workers | Currency: DOM - Dominican peso (DOP),DOM,0.683
Dominican Republic,ADM-LIR - Administrative Records of the Ministry of Labour,Statutory nominal gross monthly minimum wage,Currency: U.S. dollars,2004,93.012,Type of minimum wage: Singular national minimum wage | Central tendency measure: Minimum | Working time arrangement coverage: Full-time and part time workers | Currency: DOM - Dominican peso (DOP),DOM,0.673
Dominican Republic,ADM-LIR - Administrative Records of the Ministry of Labour,Statutory nominal gross monthly minimum wage,Currency: U.S. dollars,2003,92.612,Type of minimum wage: Singular national minimum wage | Central tendency measure: Minimum | Working time arrangement coverage: Full-time and part time workers | Currency: DOM - Dominican peso (DOP),DOM,0.67
Dominican Republic,ADM-LIR - Administrative Records of the Ministry of Labour,Statutory nominal gross monthly minimum wage,Currency: U.S. dollars,2002,127.323,Type of minimum wage: Singular national minimum wage | Central tendency measure: Minimum | Working time arrangement coverage: Full-time and part time workers | Currency: DOM - Dominican peso (DOP),DOM,0.668
Dominican Republic,ADM-LIR - Administrative Records of the Ministry of Labour,Statutory nominal gross monthly minimum wage,Currency: U.S. dollars,2001,124.319,Type of minimum wage: Singular national minimum wage | Central tendency measure: Minimum | Working time arrangement coverage: Full-time and part time workers | Currency: DOM - Dominican peso (DOP),DOM,0.663
Dominican Republic,ADM-LIR - Administrative Records of the Ministry of Labour,Statutory nominal gross monthly minimum wage,Currency: U.S. dollars,2000,108.581,Currency: DOM - Dominican peso (DOP),DOM,0.658
Algeria,ADM - Labour legislation,Statutory nominal gross monthly minimum wage,Currency: U.S. dollars,2023,147.229,Type of minimum wage: Singular national minimum wage | Currency: DZA - Algerian dinar (DZD),DZA,0.763
Algeria,ADM - Labour legislation,Statutory nominal gross monthly minimum wage,Currency: U.S. dollars,2022,140.85,Type of minimum wage: Singular national minimum wage | Currency: DZA - Algerian dinar (DZD),DZA,0.761
Algeria,ADM - Labour legislation,Statutory nominal gross monthly minimum wage,Currency: U.S. dollars,2021,148.078,Type of minimum wage: Singular national minimum wage | Currency: DZA - Algerian dinar (DZD),DZA,0.755
Algeria,ADM - Labour legislation,Statutory nominal gross monthly minimum wage,Currency: U.S. dollars,2020,157.758,Type of minimum wage: Singular national minimum wage | Currency: DZA - Algerian dinar (DZD),DZA,0.742
Algeria,ADM - Labour legislation,Statutory nominal gross monthly minimum wage,Currency: U.S. dollars,2019,150.812,Type of minimum wage: Singular national minimum wage | Currency: DZA - Algerian dinar (DZD),DZA,0.753
Algeria,ADM - Labour legislation,Statutory nominal gross monthly minimum wage,Currency: U.S. dollars,2018,154.382,Type of minimum wage: Singular national minimum wage | Currency: DZA - Algerian dinar (DZD),DZA,0.749
Algeria,ADM - Labour legislation,Statutory nominal gross monthly minimum wage,Currency: U.S. dollars,2017,162.202,Type of minimum wage: Singular national minimum wage | Currency: DZA - Algerian dinar (DZD),DZA,0.746
Algeria,ADM - Labour legislation,Statutory nominal gross monthly minimum wage,Currency: U.S. dollars,2016,164.469,Type of minimum wage: Singular national minimum wage | Currency: DZA - Algerian dinar (DZD),DZA,0.743
Algeria,ADM - Labour legislation,Statutory nominal gross monthly minimum wage,Currency: U.S. dollars,2015,178.764,Type of minimum wage: Singular national minimum wage | Currency: DZA - Algerian dinar (DZD),DZA,0.737
Algeria,ADM - Labour legislation,Statutory nominal gross monthly minimum wage,Currency: U.S. dollars,2014,223.383,Type of minimum wage: Singular national minimum wage | Currency: DZA - Algerian dinar (DZD),DZA,0.732
Algeria,ADM - Labour legislation,Statutory nominal gross monthly minimum wage,Currency: U.S. dollars,2013,226.791,Type of minimum wage: Singular national minimum wage | Currency: DZA - Algerian dinar (DZD),DZA,0.727
Algeria,ADM - Labour legislation,Statutory nominal gross monthly minimum wage,Currency: U.S. dollars,2012,232.15,Type of minimum wage: Singular national minimum wage | Currency: DZA - Algerian dinar (DZD),DZA,0.723
Algeria,ADM - Labour legislation,Statutory nominal gross monthly minimum wage,Currency: U.S. dollars,2011,205.654,Type of minimum wage: Singular national minimum wage | Currency: DZA - Algerian dinar (DZD),DZA,0.718
Algeria,ADM - Labour legislation,Statutory nominal gross monthly minimum wage,Currency: U.S. dollars,2010,201.651,Type of minimum wage: Singular national minimum wage | Currency: DZA - Algerian dinar (DZD),DZA,0.718
Algeria,ADM - Labour legislation,Statutory nominal gross monthly minimum wage,Currency: U.S. dollars,2009,165.181,Type of minimum wage: Singular national minimum wage | Currency: DZA - Algerian dinar (DZD),DZA,0.714
Algeria,ADM - Labour legislation,Statutory nominal gross monthly minimum wage,Currency: U.S. dollars,2008,185.808,Type of minimum wage: Singular national minimum wage | Currency: DZA - Algerian dinar (DZD),DZA,0.711
Algeria,ADM - Labour legislation,Statutory nominal gross monthly minimum wage,Currency: U.S. dollars,2007,173.179,Currency: DZA - Algerian dinar (DZD),DZA,0.704
Algeria,ADM - Labour legislation,Statutory nominal gross monthly minimum wage,Currency: U.S. dollars,2006,165.183,Currency: DZA - Algerian dinar (DZD),DZA,0.698
Algeria,ADM - Labour legislation,Statutory nominal gross monthly minimum wage,Currency: U.S. dollars,2005,136.47,Currency: DZA - Algerian dinar (DZD),DZA,0.692
Algeria,ADM - Labour legislation,Statutory nominal gross monthly minimum wage,Currency: U.S. dollars,2004,138.772,Currency: DZA - Algerian dinar (DZD),DZA,0.685
Algeria,ADM - Labour legislation,Statutory nominal gross monthly minimum wage,Currency: U.S. dollars,2003,103.366,Currency: DZA - Algerian dinar (DZD),DZA,0.677
Algeria,ADM - Labour legislation,Statutory nominal gross monthly minimum wage,Currency: U.S. dollars,2002,100.399,Currency: DZA - Algerian dinar (DZD),DZA,0.669
Algeria,ADM - Labour legislation,Statutory nominal gross monthly minimum wage,Currency: U.S. dollars,2001,103.607,Currency: DZA - Algerian dinar (DZD),DZA,0.659
Algeria,ADM - Labour legislation,Statutory nominal gross monthly minimum wage,Currency: U.S. dollars,2000,79.724,Currency: DZA - Algerian dinar (DZD),DZA,0.651
Ecuador,ILO - SIALC Estimates,Statutory nominal gross monthly minimum wage,Currency: U.S. dollars,2023,450.0,Type of minimum wage: National floor | Currency: ECU - United States dollar (USD),ECU,0.777
Ecuador,ILO - SIALC Estimates,Statutory nominal gross monthly minimum wage,Currency: U.S. dollars,2022,425.0,Type of minimum wage: National floor | Currency: ECU - United States dollar (USD),ECU,0.773
Ecuador,ILO - SIALC Estimates,Statutory nominal gross monthly minimum wage,Currency: U.S. dollars,2021,400.0,Type of minimum wage: National floor | Currency: ECU - United States dollar (USD),ECU,0.753
Ecuador,ILO - SIALC Estimates,Statutory nominal gross monthly minimum wage,Currency: U.S. dollars,2020,400.0,Type of minimum wage: National floor | Currency: ECU - United States dollar (USD),ECU,0.74
Ecuador,ILO - SIALC Estimates,Statutory nominal gross monthly minimum wage,Currency: U.S. dollars,2019,394.0,Type of minimum wage: National floor | Currency: ECU - United States dollar (USD),ECU,0.765
Ecuador,ILO - SIALC Estimates,Statutory nominal gross monthly minimum wage,Currency: U.S. dollars,2018,386.0,Type of minimum wage: National floor | Currency: ECU - United States dollar (USD),ECU,0.767
Ecuador,ILO - SIALC Estimates,Statutory nominal gross monthly minimum wage,Currency: U.S. dollars,2017,375.0,Type of minimum wage: National floor | Currency: ECU - United States dollar (USD),ECU,0.764
Ecuador,ILO - SIALC Estimates,Statutory nominal gross monthly minimum wage,Currency: U.S. dollars,2016,366.0,Type of minimum wage: National floor | Currency: ECU - United States dollar (USD),ECU,0.761
Ecuador,ILO - SIALC Estimates,Statutory nominal gross monthly minimum wage,Currency: U.S. dollars,2015,354.0,Type of minimum wage: National floor | Currency: ECU - United States dollar (USD),ECU,0.764
Ecuador,ILO - SIALC Estimates,Statutory nominal gross monthly minimum wage,Currency: U.S. dollars,2014,340.0,Type of minimum wage: National floor | Currency: ECU - United States dollar (USD),ECU,0.76
Ecuador,ILO - SIALC Estimates,Statutory nominal gross monthly minimum wage,Currency: U.S. dollars,2013,318.0,Type of minimum wage: National floor | Currency: ECU - United States dollar (USD),ECU,0.755
Ecuador,ILO - SIALC Estimates,Statutory nominal gross monthly minimum wage,Currency: U.S. dollars,2012,292.0,Type of minimum wage: National floor | Currency: ECU - United States dollar (USD),ECU,0.75
Ecuador,ILO - SIALC Estimates,Statutory nominal gross monthly minimum wage,Currency: U.S. dollars,2011,264.0,Type of minimum wage: National floor | Currency: ECU - United States dollar (USD),ECU,0.743
Ecuador,ILO - SIALC Estimates,Statutory nominal gross monthly minimum wage,Currency: U.S. dollars,2010,240.0,Type of minimum wage: National floor | Currency: ECU - United States dollar (USD),ECU,0.737
Ecuador,ILO - SIALC Estimates,Statutory nominal gross monthly minimum wage,Currency: U.S. dollars,2009,218.0,Type of minimum wage: National floor | Currency: ECU - United States dollar (USD),ECU,0.731
Ecuador,ILO - SIALC Estimates,Statutory nominal gross monthly minimum wage,Currency: U.S. dollars,2008,200.0,Type of minimum wage: National floor | Currency: ECU - United States dollar (USD),ECU,0.729
Ecuador,ILO - SIALC Estimates,Statutory nominal gross monthly minimum wage,Currency: U.S. dollars,2007,170.0,Currency: ECU - United States dollar (USD),ECU,0.722
Ecuador,ILO - SIALC Estimates,Statutory nominal gross monthly minimum wage,Currency: U.S. dollars,2006,160.0,Currency: ECU - United States dollar (USD),ECU,0.718
Ecuador,ILO - SIALC Estimates,Statutory nominal gross monthly minimum wage,Currency: U.S. dollars,2005,150.0,Currency: ECU - United States dollar (USD),ECU,0.714
Ecuador,ILO - SIALC Estimates,Statutory nominal gross monthly minimum wage,Currency: U.S. dollars,2004,144.0,Currency: ECU - United States dollar (USD),ECU,0.709
Ecuador,ILO - SIALC Estimates,Statutory nominal gross monthly minimum wage,Currency: U.S. dollars,2003,138.0,Currency: ECU - United States dollar (USD),ECU,0.703
Ecuador,ILO - SIALC Estimates,Statutory nominal gross monthly minimum wage,Currency: U.S. dollars,2002,129.0,Currency: ECU - United States dollar (USD),ECU,0.698
Ecuador,ILO - SIALC Estimates,Statutory nominal gross monthly minimum wage,Currency: U.S. dollars,2001,118.0,Currency: ECU - United States dollar (USD),ECU,0.691
Egypt,ADM - Labour legislation,Statutory nominal gross monthly minimum wage,Currency: U.S. dollars,2023,114.28,Type of minimum wage: Singular national minimum wage | Currency: EGY - Egyptian pound (EGP),EGY,0.754
Egypt,ADM - Labour legislation,Statutory nominal gross monthly minimum wage,Currency: U.S. dollars,2022,156.573,Type of minimum wage: Singular national minimum wage | Currency: EGY - Egyptian pound (EGP),EGY,0.751
Egypt,ADM - Labour legislation,Statutory nominal gross monthly minimum wage,Currency: U.S. dollars,2013,101.888,Currency: EGY - Egyptian pound (EGP),EGY,0.695
Egypt,ADM - Labour legislation,Statutory nominal gross monthly minimum wage,Currency: U.S. dollars,2012,115.587,Currency: EGY - Egyptian pound (EGP),EGY,0.689
Egypt,ADM - Labour legislation,Statutory nominal gross monthly minimum wage,Currency: U.S. dollars,2011,117.988,Currency: EGY - Egyptian pound (EGP),EGY,0.68
Egypt,ADM - Labour legislation,Statutory nominal gross monthly minimum wage,Currency: U.S. dollars,2010,71.15,Currency: EGY - Egyptian pound (EGP),EGY,0.677
Egypt,ADM - Labour legislation,Statutory nominal gross monthly minimum wage,Currency: U.S. dollars,2009,6.312,Currency: EGY - Egyptian pound (EGP),EGY,0.671
Egypt,ADM - Labour legislation,Statutory nominal gross monthly minimum wage,Currency: U.S. dollars,2008,6.443,Currency: EGY - Egyptian pound (EGP),EGY,0.665
Egypt,ADM - Labour legislation,Statutory nominal gross monthly minimum wage,Currency: U.S. dollars,2007,6.211,Currency: EGY - Egyptian pound (EGP),EGY,0.658
Egypt,ADM - Labour legislation,Statutory nominal gross monthly minimum wage,Currency: U.S. dollars,2006,6.105,Currency: EGY - Egyptian pound (EGP),EGY,0.651
Egypt,ADM - Labour legislation,Statutory nominal gross monthly minimum wage,Currency: U.S. dollars,2005,6.057,Currency: EGY - Egyptian pound (EGP),EGY,0.648
Egypt,ADM - Labour legislation,Statutory nominal gross monthly minimum wage,Currency: U.S. dollars,2004,5.649,Currency: EGY - Egyptian pound (EGP),EGY,0.645
Egypt,ADM - Labour legislation,Statutory nominal gross monthly minimum wage,Currency: U.S. dollars,2003,5.982,Currency: EGY - Egyptian pound (EGP),EGY,0.643
Egypt,ADM - Labour legislation,Statutory nominal gross monthly minimum wage,Currency: U.S. dollars,2002,7.778,Currency: EGY - Egyptian pound (EGP),EGY,0.643
Egypt,ADM - Labour legislation,Statutory nominal gross monthly minimum wage,Currency: U.S. dollars,2001,8.81,Currency: EGY - Egyptian pound (EGP),EGY,0.642
Egypt,ADM - Labour legislation,Statutory nominal gross monthly minimum wage,Currency: U.S. dollars,2000,10.081,Currency: EGY - Egyptian pound (EGP),EGY,0.639
Spain,Other - Other Official Sources,Statutory nominal gross monthly minimum wage,Currency: U.S. dollars,2023,1362.399,Type of minimum wage: Singular national minimum wage | Currency: ESP - Euro (EUR),ESP,0.918
Spain,Other - Other Official Sources,Statutory nominal gross monthly minimum wage,Currency: U.S. dollars,2022,1228.908,Type of minimum wage: Singular national minimum wage | Currency: ESP - Euro (EUR),ESP,0.911
Spain,Other - Other Official Sources,Statutory nominal gross monthly minimum wage,Currency: U.S. dollars,2021,1310.476,Type of minimum wage: Singular national minimum wage | Currency: ESP - Euro (EUR),ESP,0.912
Spain,Other - Other Official Sources,Statutory nominal gross monthly minimum wage,Currency: U.S. dollars,2020,1265.553,Type of minimum wage: Singular national minimum wage | Currency: ESP - Euro (EUR),ESP,0.901
Spain,Other - Other Official Sources,Statutory nominal gross monthly minimum wage,Currency: U.S. dollars,2019,1175.448,Type of minimum wage: Singular national minimum wage | Currency: ESP - Euro (EUR),ESP,0.91
Spain,Other - Other Official Sources,Statutory nominal gross monthly minimum wage,Currency: U.S. dollars,2018,1014.44,Type of minimum wage: Singular national minimum wage | Currency: ESP - Euro (EUR),ESP,0.905
Spain,Other - Other Official Sources,Statutory nominal gross monthly minimum wage,Currency: U.S. dollars,2017,933.117,Type of minimum wage: Singular national minimum wage | Currency: ESP - Euro (EUR),ESP,0.902
Spain,Other - Other Official Sources,Statutory nominal gross monthly minimum wage,Currency: U.S. dollars,2016,845.674,Type of minimum wage: Singular national minimum wage | Currency: ESP - Euro (EUR),ESP,0.9
Spain,Other - Other Official Sources,Statutory nominal gross monthly minimum wage,Currency: U.S. dollars,2015,839.901,Type of minimum wage: Singular national minimum wage | Currency: ESP - Euro (EUR),ESP,0.895
Spain,Other - Other Official Sources,Statutory nominal gross monthly minimum wage,Currency: U.S. dollars,2014,1000.361,Type of minimum wage: Singular national minimum wage | Currency: ESP - Euro (EUR),ESP,0.89
Spain,Other - Other Official Sources,Statutory nominal gross monthly minimum wage,Currency: U.S. dollars,2013,1000.073,Type of minimum wage: Singular national minimum wage | Currency: ESP - Euro (EUR),ESP,0.886
Spain,Other - Other Official Sources,Statutory nominal gross monthly minimum wage,Currency: U.S. dollars,2012,961.022,Type of minimum wage: Singular national minimum wage | Currency: ESP - Euro (EUR),ESP,0.881
Spain,Other - Other Official Sources,Statutory nominal gross monthly minimum wage,Currency: U.S. dollars,2011,1041.182,Type of minimum wage: Singular national minimum wage | Currency: ESP - Euro (EUR),ESP,0.879
Spain,Other - Other Official Sources,Statutory nominal gross monthly minimum wage,Currency: U.S. dollars,2010,979.705,Type of minimum wage: Singular national minimum wage | Currency: ESP - Euro (EUR),ESP,0.875
Spain,Other - Other Official Sources,Statutory nominal gross monthly minimum wage,Currency: U.S. dollars,2009,1015.402,Type of minimum wage: Singular national minimum wage | Currency: ESP - Euro (EUR),ESP,0.867
Spain,Other - Other Official Sources,Statutory nominal gross monthly minimum wage,Currency: U.S. dollars,2008,1029.529,Type of minimum wage: Singular national minimum wage | Currency: ESP - Euro (EUR),ESP,0.865
Spain,Other - Other Official Sources,Statutory nominal gross monthly minimum wage,Currency: U.S. dollars,2007,912.738,Type of minimum wage: Singular national minimum wage | Currency: ESP - Euro (EUR),ESP,0.864
Spain,Other - Other Official Sources,Statutory nominal gross monthly minimum wage,Currency: U.S. dollars,2006,792.283,Type of minimum wage: Singular national minimum wage | Currency: ESP - Euro (EUR),ESP,0.862
Spain,Other - Other Official Sources,Statutory nominal gross monthly minimum wage,Currency: U.S. dollars,2005,745.21,Type of minimum wage: Singular national minimum wage | Currency: ESP - Euro (EUR),ESP,0.857
Spain,Other - Other Official Sources,Statutory nominal gross monthly minimum wage,Currency: U.S. dollars,2004,712.756,Type of minimum wage: Singular national minimum wage | Currency: ESP - Euro (EUR),ESP,0.852
Spain,Other - Other Official Sources,Statutory nominal gross monthly minimum wage,Currency: U.S. dollars,2003,594.99,Type of minimum wage: Singular national minimum wage | Currency: ESP - Euro (EUR),ESP,0.846
Spain,Other - Other Official Sources,Statutory nominal gross monthly minimum wage,Currency: U.S. dollars,2002,487.916,Type of minimum wage: Singular national minimum wage | Currency: ESP - Euro (EUR),ESP,0.844
Spain,Other - Other Official Sources,Statutory nominal gross monthly minimum wage,Currency: U.S. dollars,2001,453.188,Type of minimum wage: Singular national minimum wage | Currency: ESP - Euro (EUR),ESP,0.839
Spain,Other - Other Official Sources,Statutory nominal gross monthly minimum wage,Currency: U.S. dollars,2000,458.112,Type of minimum wage: Singular national minimum wage | Currency: ESP - Euro (EUR),ESP,0.833
Estonia,ADM - Labour legislation,Statutory nominal gross monthly minimum wage,Currency: U.S. dollars,2023,783.92,Type of minimum wage: Singular national minimum wage | Currency: EST - Euro (EUR),EST,0.905
Estonia,ADM - Labour legislation,Statutory nominal gross monthly minimum wage,Currency: U.S. dollars,2022,688.694,Type of minimum wage: Singular national minimum wage | Currency: EST - Euro (EUR),EST,0.902
Estonia,ADM - Labour legislation,Statutory nominal gross monthly minimum wage,Currency: U.S. dollars,2021,690.72,Type of minimum wage: Singular national minimum wage | Currency: EST - Euro (EUR),EST,0.899
Estonia,ADM - Labour legislation,Statutory nominal gross monthly minimum wage,Currency: U.S. dollars,2020,667.042,Type of minimum wage: Singular national minimum wage | Currency: EST - Euro (EUR),EST,0.901
Estonia,ADM - Labour legislation,Statutory nominal gross monthly minimum wage,Currency: U.S. dollars,2019,604.516,Type of minimum wage: Singular national minimum wage | Currency: EST - Euro (EUR),EST,0.901
Estonia,ADM - Labour legislation,Statutory nominal gross monthly minimum wage,Currency: U.S. dollars,2018,590.477,Type of minimum wage: Singular national minimum wage | Currency: EST - Euro (EUR),EST,0.897
Estonia,ADM - Labour legislation,Statutory nominal gross monthly minimum wage,Currency: U.S. dollars,2017,530.95,Type of minimum wage: Singular national minimum wage | Currency: EST - Euro (EUR),EST,0.894
Estonia,ADM - Labour legislation,Statutory nominal gross monthly minimum wage,Currency: U.S. dollars,2016,475.968,Type of minimum wage: Singular national minimum wage | Currency: EST - Euro (EUR),EST,0.89
Estonia,ADM - Labour legislation,Statutory nominal gross monthly minimum wage,Currency: U.S. dollars,2015,432.71,Type of minimum wage: Singular national minimum wage | Currency: EST - Euro (EUR),EST,0.888
Estonia,ADM - Labour legislation,Statutory nominal gross monthly minimum wage,Currency: U.S. dollars,2014,471.618,Type of minimum wage: Singular national minimum wage | Currency: EST - Euro (EUR),EST,0.885
Estonia,ADM - Labour legislation,Statutory nominal gross monthly minimum wage,Currency: U.S. dollars,2013,424.998,Type of minimum wage: Singular national minimum wage | Currency: EST - Euro (EUR),EST,0.887
Estonia,ADM - Labour legislation,Statutory nominal gross monthly minimum wage,Currency: U.S. dollars,2012,372.589,Type of minimum wage: Singular national minimum wage | Currency: EST - Euro (EUR),EST,0.88
Estonia,ADM - Labour legislation,Statutory nominal gross monthly minimum wage,Currency: U.S. dollars,2011,386.964,Type of minimum wage: Singular national minimum wage | Currency: EST - Euro (EUR),EST,0.877
Estonia,ADM - Labour legislation,Statutory nominal gross monthly minimum wage,Currency: U.S. dollars,2010,368.549,Type of minimum wage: Singular national minimum wage | Currency: EST - Euro (EUR),EST,0.868
Estonia,ADM - Labour legislation,Statutory nominal gross monthly minimum wage,Currency: U.S. dollars,2009,387.75,Type of minimum wage: Singular national minimum wage | Currency: EST - Euro (EUR),EST,0.863
Estonia,ADM - Labour legislation,Statutory nominal gross monthly minimum wage,Currency: U.S. dollars,2008,408.87,Type of minimum wage: Singular national minimum wage | Currency: EST - Euro (EUR),EST,0.864
Estonia,ADM - Labour legislation,Statutory nominal gross monthly minimum wage,Currency: U.S. dollars,2007,315.21,Type of minimum wage: Singular national minimum wage | Currency: EST - Euro (EUR),EST,0.859
Estonia,ADM - Labour legislation,Statutory nominal gross monthly minimum wage,Currency: U.S. dollars,2006,241.075,Type of minimum wage: Singular national minimum wage | Currency: EST - Euro (EUR),EST,0.855
Estonia,ADM - Labour legislation,Statutory nominal gross monthly minimum wage,Currency: U.S. dollars,2005,213.983,Type of minimum wage: Singular national minimum wage | Currency: EST - Euro (EUR),EST,0.847
Estonia,ADM - Labour legislation,Statutory nominal gross monthly minimum wage,Currency: U.S. dollars,2004,197.78,Type of minimum wage: Singular national minimum wage | Currency: EST - Euro (EUR),EST,0.834
Estonia,ADM - Labour legislation,Statutory nominal gross monthly minimum wage,Currency: U.S. dollars,2003,156.1,Type of minimum wage: Singular national minimum wage | Currency: EST - Euro (EUR),EST,0.824
Estonia,ADM - Labour legislation,Statutory nominal gross monthly minimum wage,Currency: U.S. dollars,2002,111.578,Type of minimum wage: Singular national minimum wage | Currency: EST - Euro (EUR),EST,0.813
Estonia,ADM - Labour legislation,Statutory nominal gross monthly minimum wage,Currency: U.S. dollars,2001,91.354,Type of minimum wage: Singular national minimum wage | Currency: EST - Euro (EUR),EST,0.802
Estonia,ADM - Labour legislation,Statutory nominal gross monthly minimum wage,Currency: U.S. dollars,2000,82.202,Type of minimum wage: Singular national minimum wage | Currency: EST - Euro (EUR),EST,0.793
Ethiopia,ADM - Labour legislation,Statutory nominal gross monthly minimum wage,Currency: U.S. dollars,2011,24.853,Currency: ETH - Birr (ETB),ETH,0.425
Ethiopia,ADM - Labour legislation,Statutory nominal gross monthly minimum wage,Currency: U.S. dollars,2010,22.207,Currency: ETH - Birr (ETB),ETH,0.415
Ethiopia,ADM - Labour legislation,Statutory nominal gross monthly minimum wage,Currency: U.S. dollars,2009,27.17,Currency: ETH - Birr (ETB),ETH,0.405
Ethiopia,ADM - Labour legislation,Statutory nominal gross monthly minimum wage,Currency: U.S. dollars,2008,33.334,Currency: ETH - Birr (ETB),ETH,0.398
Ethiopia,ADM - Labour legislation,Statutory nominal gross monthly minimum wage,Currency: U.S. dollars,2007,35.691,Currency: ETH - Birr (ETB),ETH,0.383
Ethiopia,ADM - Labour legislation,Statutory nominal gross monthly minimum wage,Currency: U.S. dollars,2006,22.992,Currency: ETH - Birr (ETB),ETH,0.366
Ethiopia,ADM - Labour legislation,Statutory nominal gross monthly minimum wage,Currency: U.S. dollars,2005,23.078,Currency: ETH - Birr (ETB),ETH,0.35
Ethiopia,ADM - Labour legislation,Statutory nominal gross monthly minimum wage,Currency: U.S. dollars,2004,20.265,Currency: ETH - Birr (ETB),ETH,0.331
Ethiopia,ADM - Labour legislation,Statutory nominal gross monthly minimum wage,Currency: U.S. dollars,2003,20.35,Currency: ETH - Birr (ETB),ETH,0.317
Ethiopia,ADM - Labour legislation,Statutory nominal gross monthly minimum wage,Currency: U.S. dollars,2002,20.425,Currency: ETH - Birr (ETB),ETH,0.314
Ethiopia,ADM - Labour legislation,Statutory nominal gross monthly minimum wage,Currency: U.S. dollars,2001,20.692,Currency: ETH - Birr (ETB),ETH,0.307
Ethiopia,ADM - Labour legislation,Statutory nominal gross monthly minimum wage,Currency: U.S. dollars,2000,21.297,Currency: ETH - Birr (ETB),ETH,0.293
Fiji,ADM - Labour legislation,Statutory nominal gross monthly minimum wage,Currency: U.S. dollars,2023,369.473,Type of minimum wage: National floor | Currency: FJI - Fijian dollar (FJD) | ILO calculation: Hourly figure multiplied by 48 hours and 4.33 weeks,FJI,0.731
Fiji,ADM - Labour legislation,Statutory nominal gross monthly minimum wage,Currency: U.S. dollars,2022,372.271,Type of minimum wage: National floor | Currency: FJI - Fijian dollar (FJD) | ILO calculation: Hourly figure multiplied by 48 hours and 4.33 weeks,FJI,0.726
Fiji,ADM - Labour legislation,Statutory nominal gross monthly minimum wage,Currency: U.S. dollars,2021,329.484,Type of minimum wage: National floor | Currency: FJI - Fijian dollar (FJD) | ILO calculation: Hourly figure multiplied by 48 hours and 4.33 weeks,FJI,0.705
Fiji,ADM - Labour legislation,Statutory nominal gross monthly minimum wage,Currency: U.S. dollars,2020,314.57,Type of minimum wage: National floor | Currency: FJI - Fijian dollar (FJD) | ILO calculation: Hourly figure multiplied by 48 hours and 4.33 weeks,FJI,0.718
Fiji,ADM - Labour legislation,Statutory nominal gross monthly minimum wage,Currency: U.S. dollars,2019,315.794,Type of minimum wage: National floor | Currency: FJI - Fijian dollar (FJD) | ILO calculation: Hourly figure multiplied by 48 hours and 4.33 weeks,FJI,0.727
Fiji,ADM - Labour legislation,Statutory nominal gross monthly minimum wage,Currency: U.S. dollars,2018,326.84,Type of minimum wage: National floor | Currency: FJI - Fijian dollar (FJD) | ILO calculation: Hourly figure multiplied by 48 hours and 4.33 weeks,FJI,0.728
Fiji,ADM - Labour legislation,Statutory nominal gross monthly minimum wage,Currency: U.S. dollars,2017,330.083,Type of minimum wage: National floor | Currency: FJI - Fijian dollar (FJD) | ILO calculation: Hourly figure multiplied by 48 hours and 4.33 weeks,FJI,0.725
Fiji,ADM - Labour legislation,Statutory nominal gross monthly minimum wage,Currency: U.S. dollars,2016,312.79,Type of minimum wage: National floor | Currency: FJI - Fijian dollar (FJD) | ILO calculation: Hourly figure multiplied by 48 hours and 4.33 weeks,FJI,0.719
Fiji,ADM - Labour legislation,Statutory nominal gross monthly minimum wage,Currency: U.S. dollars,2015,312.353,Type of minimum wage: National floor | Currency: FJI - Fijian dollar (FJD) | ILO calculation: Hourly figure multiplied by 48 hours and 4.33 weeks,FJI,0.715
Fiji,ADM - Labour legislation,Statutory nominal gross monthly minimum wage,Currency: U.S. dollars,2014,332.827,Type of minimum wage: National floor | Currency: FJI - Fijian dollar (FJD) | ILO calculation: Hourly figure multiplied by 48 hours and 4.33 weeks,FJI,0.712
Fiji,ADM - Labour legislation,Statutory nominal gross monthly minimum wage,Currency: U.S. dollars,2013,341.118,Type of minimum wage: National floor | Currency: FJI - Fijian dollar (FJD) | ILO calculation: Hourly figure multiplied by 48 hours and 4.33 weeks,FJI,0.708
Fiji,ADM - Labour legislation,Statutory nominal gross monthly minimum wage,Currency: U.S. dollars,2012,350.948,Type of minimum wage: National floor | Currency: FJI - Fijian dollar (FJD) | ILO calculation: Hourly figure multiplied by 48 hours and 4.33 weeks,FJI,0.698
Fiji,ADM - Labour legislation,Statutory nominal gross monthly minimum wage,Currency: U.S. dollars,2011,319.395,Type of minimum wage: National floor | Currency: FJI - Fijian dollar (FJD) | ILO calculation: Hourly figure multiplied by 48 hours and 4.33 weeks,FJI,0.701
Fiji,ADM - Labour legislation,Statutory nominal gross monthly minimum wage,Currency: U.S. dollars,2010,216.835,Type of minimum wage: National floor | Currency: FJI - Fijian dollar (FJD) | ILO calculation: Hourly figure multiplied by 48 hours and 4.33 weeks,FJI,0.697
Fiji,ADM - Labour legislation,Statutory nominal gross monthly minimum wage,Currency: U.S. dollars,2009,212.451,Type of minimum wage: National floor | Currency: FJI - Fijian dollar (FJD) | ILO calculation: Hourly figure multiplied by 48 hours and 4.33 weeks,FJI,0.693
Fiji,ADM - Labour legislation,Statutory nominal gross monthly minimum wage,Currency: U.S. dollars,2008,260.973,Type of minimum wage: National floor | Currency: FJI - Fijian dollar (FJD) | ILO calculation: Hourly figure multiplied by 48 hours and 4.33 weeks,FJI,0.69
France,ADM - Labour legislation,Statutory nominal gross monthly minimum wage,Currency: U.S. dollars,2023,1888.976,Type of minimum wage: Singular national minimum wage | Currency: FRA - Euro (EUR),FRA,0.92
France,ADM - Labour legislation,Statutory nominal gross monthly minimum wage,Currency: U.S. dollars,2022,1733.318,Type of minimum wage: Singular national minimum wage | Currency: FRA - Euro (EUR),FRA,0.916
France,ADM - Labour legislation,Statutory nominal gross monthly minimum wage,Currency: U.S. dollars,2021,1839.161,Type of minimum wage: Singular national minimum wage | Currency: FRA - Euro (EUR),FRA,0.915
France,ADM - Labour legislation,Statutory nominal gross monthly minimum wage,Currency: U.S. dollars,2020,1757.84,Type of minimum wage: Singular national minimum wage | Currency: FRA - Euro (EUR),FRA,0.909
France,ADM - Labour legislation,Statutory nominal gross monthly minimum wage,Currency: U.S. dollars,2019,1702.721,Type of minimum wage: Singular national minimum wage | Currency: FRA - Euro (EUR),FRA,0.914
France,ADM - Labour legislation,Statutory nominal gross monthly minimum wage,Currency: U.S. dollars,2018,1769.07,Type of minimum wage: Singular national minimum wage | Currency: FRA - Euro (EUR),FRA,0.911
France,ADM - Labour legislation,Statutory nominal gross monthly minimum wage,Currency: U.S. dollars,2017,1671.928,Type of minimum wage: Singular national minimum wage | Currency: FRA - Euro (EUR),FRA,0.908
France,ADM - Labour legislation,Statutory nominal gross monthly minimum wage,Currency: U.S. dollars,2016,1623.827,Type of minimum wage: Singular national minimum wage | Currency: FRA - Euro (EUR),FRA,0.905
France,ADM - Labour legislation,Statutory nominal gross monthly minimum wage,Currency: U.S. dollars,2015,1617.67,Type of minimum wage: Singular national minimum wage | Currency: FRA - Euro (EUR),FRA,0.901
France,ADM - Labour legislation,Statutory nominal gross monthly minimum wage,Currency: U.S. dollars,2014,1919.684,Type of minimum wage: Singular national minimum wage | Currency: FRA - Euro (EUR),FRA,0.9
France,ADM - Labour legislation,Statutory nominal gross monthly minimum wage,Currency: U.S. dollars,2013,1899.209,Type of minimum wage: Singular national minimum wage | Currency: FRA - Euro (EUR),FRA,0.896
France,ADM - Labour legislation,Statutory nominal gross monthly minimum wage,Currency: U.S. dollars,2012,1832.109,Type of minimum wage: Singular national minimum wage | Currency: FRA - Euro (EUR),FRA,0.893
France,ADM - Labour legislation,Statutory nominal gross monthly minimum wage,Currency: U.S. dollars,2011,1900.019,Type of minimum wage: Singular national minimum wage | Currency: FRA - Euro (EUR),FRA,0.892
France,ADM - Labour legislation,Statutory nominal gross monthly minimum wage,Currency: U.S. dollars,2010,1781.763,Type of minimum wage: Singular national minimum wage | Currency: FRA - Euro (EUR),FRA,0.888
France,ADM - Labour legislation,Statutory nominal gross monthly minimum wage,Currency: U.S. dollars,2009,1866.219,Type of minimum wage: Singular national minimum wage | Currency: FRA - Euro (EUR),FRA,0.883
France,ADM - Labour legislation,Statutory nominal gross monthly minimum wage,Currency: U.S. dollars,2008,1942.868,Type of minimum wage: Singular national minimum wage | Currency: FRA - Euro (EUR),FRA,0.884
France,ADM - Labour legislation,Statutory nominal gross monthly minimum wage,Currency: U.S. dollars,2007,1754.212,Type of minimum wage: Singular national minimum wage | Currency: FRA - Euro (EUR),FRA,0.884
France,ADM - Labour legislation,Statutory nominal gross monthly minimum wage,Currency: U.S. dollars,2006,1574.521,Type of minimum wage: Singular national minimum wage | Currency: FRA - Euro (EUR),FRA,0.881
France,ADM - Labour legislation,Statutory nominal gross monthly minimum wage,Currency: U.S. dollars,2005,1515.302,Type of minimum wage: Singular national minimum wage | Currency: FRA - Euro (EUR),FRA,0.877
France,ADM - Labour legislation,Statutory nominal gross monthly minimum wage,Currency: U.S. dollars,2004,1599.658,Type of minimum wage: Singular national minimum wage | Currency: FRA - Euro (EUR),FRA,0.869
France,ADM - Labour legislation,Statutory nominal gross monthly minimum wage,Currency: U.S. dollars,2003,1374.36,Type of minimum wage: Singular national minimum wage | Currency: FRA - Euro (EUR),FRA,0.862
France,ADM - Labour legislation,Statutory nominal gross monthly minimum wage,Currency: U.S. dollars,2002,1091.192,Type of minimum wage: Singular national minimum wage | Currency: FRA - Euro (EUR),FRA,0.858
France,ADM - Labour legislation,Statutory nominal gross monthly minimum wage,Currency: U.S. dollars,2001,1009.374,Type of minimum wage: Singular national minimum wage | Currency: FRA - Euro (EUR),FRA,0.855
France,ADM - Labour legislation,Statutory nominal gross monthly minimum wage,Currency: U.S. dollars,2000,1000.272,Type of minimum wage: Singular national minimum wage | Currency: FRA - Euro (EUR),FRA,0.852
Gabon,ADM - Labour legislation,Statutory nominal gross monthly minimum wage,Currency: U.S. dollars,2023,247.292,Type of minimum wage: Singular national minimum wage | Currency: GAB - Central African CFA franc (XAF),GAB,0.733
Gabon,ADM - Labour legislation,Statutory nominal gross monthly minimum wage,Currency: U.S. dollars,2022,240.477,Type of minimum wage: Singular national minimum wage | Currency: GAB - Central African CFA franc (XAF),GAB,0.73
Gabon,ADM - Labour legislation,Statutory nominal gross monthly minimum wage,Currency: U.S. dollars,2021,270.499,Type of minimum wage: Singular national minimum wage | Currency: GAB - Central African CFA franc (XAF),GAB,0.72
Gabon,ADM - Labour legislation,Statutory nominal gross monthly minimum wage,Currency: U.S. dollars,2020,260.604,Type of minimum wage: Singular national minimum wage | Currency: GAB - Central African CFA franc (XAF),GAB,0.732
Gabon,ADM - Labour legislation,Statutory nominal gross monthly minimum wage,Currency: U.S. dollars,2019,256.012,Type of minimum wage: Singular national minimum wage | Currency: GAB - Central African CFA franc (XAF),GAB,0.73
Gabon,ADM - Labour legislation,Statutory nominal gross monthly minimum wage,Currency: U.S. dollars,2018,270.053,Type of minimum wage: Singular national minimum wage | Currency: GAB - Central African CFA franc (XAF),GAB,0.727
Gabon,ADM - Labour legislation,Statutory nominal gross monthly minimum wage,Currency: U.S. dollars,2017,258.328,Type of minimum wage: Singular national minimum wage | Currency: GAB - Central African CFA franc (XAF),GAB,0.726
Gabon,ADM - Labour legislation,Statutory nominal gross monthly minimum wage,Currency: U.S. dollars,2016,253.119,Type of minimum wage: Singular national minimum wage | Currency: GAB - Central African CFA franc (XAF),GAB,0.724
Gabon,ADM - Labour legislation,Statutory nominal gross monthly minimum wage,Currency: U.S. dollars,2015,253.716,Type of minimum wage: Singular national minimum wage | Currency: GAB - Central African CFA franc (XAF),GAB,0.72
Gabon,ADM - Labour legislation,Statutory nominal gross monthly minimum wage,Currency: U.S. dollars,2014,303.793,Type of minimum wage: Singular national minimum wage | Currency: GAB - Central African CFA franc (XAF),GAB,0.716
Gabon,ADM - Labour legislation,Statutory nominal gross monthly minimum wage,Currency: U.S. dollars,2013,303.705,Type of minimum wage: Singular national minimum wage | Currency: GAB - Central African CFA franc (XAF),GAB,0.707
Gabon,ADM - Labour legislation,Statutory nominal gross monthly minimum wage,Currency: U.S. dollars,2012,293.797,Type of minimum wage: Singular national minimum wage | Currency: GAB - Central African CFA franc (XAF),GAB,0.699
Gabon,ADM - Labour legislation,Statutory nominal gross monthly minimum wage,Currency: U.S. dollars,2011,318.303,Type of minimum wage: Singular national minimum wage | Currency: GAB - Central African CFA franc (XAF),GAB,0.69
Gabon,ADM - Labour legislation,Statutory nominal gross monthly minimum wage,Currency: U.S. dollars,2010,303.156,Type of minimum wage: Singular national minimum wage | Currency: GAB - Central African CFA franc (XAF),GAB,0.684
Gabon,ADM - Labour legislation,Statutory nominal gross monthly minimum wage,Currency: U.S. dollars,2009,170.107,Type of minimum wage: Singular national minimum wage | Currency: GAB - Central African CFA franc (XAF),GAB,0.681
Gabon,ADM - Labour legislation,Statutory nominal gross monthly minimum wage,Currency: U.S. dollars,2008,179.372,Type of minimum wage: Singular national minimum wage | Currency: GAB - Central African CFA franc (XAF),GAB,0.675
Gabon,ADM - Labour legislation,Statutory nominal gross monthly minimum wage,Currency: U.S. dollars,2007,167.142,Currency: GAB - Central African CFA franc (XAF),GAB,0.674
Gabon,ADM - Labour legislation,Statutory nominal gross monthly minimum wage,Currency: U.S. dollars,2006,153.132,Currency: GAB - Central African CFA franc (XAF),GAB,0.67
Gabon,ADM - Labour legislation,Statutory nominal gross monthly minimum wage,Currency: U.S. dollars,2005,83.451,Currency: GAB - Central African CFA franc (XAF),GAB,0.671
United Kingdom of Great Britain and Northern Ireland,ADM - Labour legislation,Statutory nominal gross monthly minimum wage,Currency: U.S. dollars,2023,2243.21,Type of minimum wage: National floor | Currency: GBR - British pound (GBP) | ILO calculation: Hourly figure multiplied by 40 hours and 4.33 weeks,GBR,0.946
United Kingdom of Great Britain and Northern Ireland,ADM - Labour legislation,Statutory nominal gross monthly minimum wage,Currency: U.S. dollars,2022,1940.406,Type of minimum wage: National floor | Currency: GBR - British pound (GBP) | ILO calculation: Hourly figure multiplied by 40 hours and 4.33 weeks,GBR,0.946
United Kingdom of Great Britain and Northern Ireland,ADM - Labour legislation,Statutory nominal gross monthly minimum wage,Currency: U.S. dollars,2021,2030.747,Type of minimum wage: National floor | Currency: GBR - British pound (GBP) | ILO calculation: Hourly figure multiplied by 40 hours and 4.33 weeks,GBR,0.941
United Kingdom of Great Britain and Northern Ireland,ADM - Labour legislation,Statutory nominal gross monthly minimum wage,Currency: U.S. dollars,2020,1852.565,Type of minimum wage: Singular national minimum wage | Currency: GBR - British pound (GBP),GBR,0.93
United Kingdom of Great Britain and Northern Ireland,ADM - Labour legislation,Statutory nominal gross monthly minimum wage,Currency: U.S. dollars,2019,1735.922,Type of minimum wage: Singular national minimum wage | Currency: GBR - British pound (GBP),GBR,0.941
United Kingdom of Great Britain and Northern Ireland,ADM - Labour legislation,Statutory nominal gross monthly minimum wage,Currency: U.S. dollars,2018,1734.417,Type of minimum wage: Singular national minimum wage | Currency: GBR - British pound (GBP),GBR,0.936
United Kingdom of Great Britain and Northern Ireland,ADM - Labour legislation,Statutory nominal gross monthly minimum wage,Currency: U.S. dollars,2017,1599.791,Type of minimum wage: Singular national minimum wage | Currency: GBR - British pound (GBP),GBR,0.937
United Kingdom of Great Britain and Northern Ireland,ADM - Labour legislation,Statutory nominal gross monthly minimum wage,Currency: U.S. dollars,2016,1610.781,Type of minimum wage: Singular national minimum wage | Currency: GBR - British pound (GBP),GBR,0.934
United Kingdom of Great Britain and Northern Ireland,ADM - Labour legislation,Statutory nominal gross monthly minimum wage,Currency: U.S. dollars,2015,1640.833,Type of minimum wage: Singular national minimum wage | Currency: GBR - British pound (GBP),GBR,0.931
United Kingdom of Great Britain and Northern Ireland,ADM - Labour legislation,Statutory nominal gross monthly minimum wage,Currency: U.S. dollars,2014,1716.224,Type of minimum wage: Singular national minimum wage | Currency: GBR - British pound (GBP),GBR,0.932
United Kingdom of Great Britain and Northern Ireland,ADM - Labour legislation,Statutory nominal gross monthly minimum wage,Currency: U.S. dollars,2013,1594.596,Type of minimum wage: Singular national minimum wage | Currency: GBR - British pound (GBP),GBR,0.931
United Kingdom of Great Britain and Northern Ireland,ADM - Labour legislation,Statutory nominal gross monthly minimum wage,Currency: U.S. dollars,2012,1585.98,Type of minimum wage: Singular national minimum wage | Currency: GBR - British pound (GBP),GBR,0.917
United Kingdom of Great Britain and Northern Ireland,ADM - Labour legislation,Statutory nominal gross monthly minimum wage,Currency: U.S. dollars,2011,1566.954,Type of minimum wage: Singular national minimum wage | Currency: GBR - British pound (GBP),GBR,0.916
United Kingdom of Great Britain and Northern Ireland,ADM - Labour legislation,Statutory nominal gross monthly minimum wage,Currency: U.S. dollars,2010,1477.179,Type of minimum wage: Singular national minimum wage | Currency: GBR - British pound (GBP),GBR,0.921
United Kingdom of Great Britain and Northern Ireland,ADM - Labour legislation,Statutory nominal gross monthly minimum wage,Currency: U.S. dollars,2009,1476.821,Type of minimum wage: Singular national minimum wage | Currency: GBR - British pound (GBP),GBR,0.915
United Kingdom of Great Britain and Northern Ireland,ADM - Labour legislation,Statutory nominal gross monthly minimum wage,Currency: U.S. dollars,2008,1674.736,Type of minimum wage: Singular national minimum wage | Currency: GBR - British pound (GBP),GBR,0.91
United Kingdom of Great Britain and Northern Ireland,ADM - Labour legislation,Statutory nominal gross monthly minimum wage,Currency: U.S. dollars,2007,1766.807,Type of minimum wage: Singular national minimum wage | Currency: GBR - British pound (GBP),GBR,0.905
United Kingdom of Great Britain and Northern Ireland,ADM - Labour legislation,Statutory nominal gross monthly minimum wage,Currency: U.S. dollars,2006,1529.016,Type of minimum wage: Singular national minimum wage | Currency: GBR - British pound (GBP),GBR,0.902
United Kingdom of Great Britain and Northern Ireland,ADM - Labour legislation,Statutory nominal gross monthly minimum wage,Currency: U.S. dollars,2005,1454.55,Type of minimum wage: Singular national minimum wage | Currency: GBR - British pound (GBP),GBR,0.903
United Kingdom of Great Britain and Northern Ireland,ADM - Labour legislation,Statutory nominal gross monthly minimum wage,Currency: U.S. dollars,2004,1360.357,Type of minimum wage: Singular national minimum wage | Currency: GBR - British pound (GBP),GBR,0.897
United Kingdom of Great Britain and Northern Ireland,ADM - Labour legislation,Statutory nominal gross monthly minimum wage,Currency: U.S. dollars,2003,1129.847,Type of minimum wage: Singular national minimum wage | Currency: GBR - British pound (GBP),GBR,0.886
United Kingdom of Great Britain and Northern Ireland,ADM - Labour legislation,Statutory nominal gross monthly minimum wage,Currency: U.S. dollars,2002,1011.655,Type of minimum wage: Singular national minimum wage | Currency: GBR - British pound (GBP),GBR,0.881
United Kingdom of Great Britain and Northern Ireland,ADM - Labour legislation,Statutory nominal gross monthly minimum wage,Currency: U.S. dollars,2001,878.134,Type of minimum wage: Singular national minimum wage | Currency: GBR - British pound (GBP),GBR,0.876
United Kingdom of Great Britain and Northern Ireland,ADM - Labour legislation,Statutory nominal gross monthly minimum wage,Currency: U.S. dollars,2000,895.706,Type of minimum wage: Singular national minimum wage | Currency: GBR - British pound (GBP),GBR,0.87
Georgia,ADM - Labour legislation,Statutory nominal gross monthly minimum wage,Currency: U.S. dollars,2023,7.61,Currency: GEO - Lari (GEL),GEO,0.844
Georgia,ADM - Labour legislation,Statutory nominal gross monthly minimum wage,Currency: U.S. dollars,2022,6.858,Currency: GEO - Lari (GEL),GEO,0.838
Georgia,ADM - Labour legislation,Statutory nominal gross monthly minimum wage,Currency: U.S. dollars,2021,6.208,Currency: GEO - Lari (GEL),GEO,0.819
Georgia,ADM - Labour legislation,Statutory nominal gross monthly minimum wage,Currency: U.S. dollars,2020,6.433,Type of minimum wage: Singular national minimum wage | Currency: GEO - Lari (GEL),GEO,0.822
Georgia,ADM - Labour legislation,Statutory nominal gross monthly minimum wage,Currency: U.S. dollars,2019,7.097,Type of minimum wage: Singular national minimum wage | Currency: GEO - Lari (GEL),GEO,0.83
Georgia,ADM - Labour legislation,Statutory nominal gross monthly minimum wage,Currency: U.S. dollars,2018,7.892,Type of minimum wage: Singular national minimum wage | Currency: GEO - Lari (GEL),GEO,0.824
Georgia,ADM - Labour legislation,Statutory nominal gross monthly minimum wage,Currency: U.S. dollars,2017,7.97,Currency: GEO - Lari (GEL),GEO,0.816
Georgia,ADM - Labour legislation,Statutory nominal gross monthly minimum wage,Currency: U.S. dollars,2016,8.45,Currency: GEO - Lari (GEL),GEO,0.809
Georgia,ADM - Labour legislation,Statutory nominal gross monthly minimum wage,Currency: U.S. dollars,2015,8.813,Currency: GEO - Lari (GEL),GEO,0.807
Georgia,ADM - Labour legislation,Statutory nominal gross monthly minimum wage,Currency: U.S. dollars,2014,11.327,Currency: GEO - Lari (GEL),GEO,0.802
Georgia,ADM - Labour legislation,Statutory nominal gross monthly minimum wage,Currency: U.S. dollars,2013,12.024,Currency: GEO - Lari (GEL),GEO,0.796
Georgia,ADM - Labour legislation,Statutory nominal gross monthly minimum wage,Currency: U.S. dollars,2012,12.112,Currency: GEO - Lari (GEL),GEO,0.789
Georgia,ADM - Labour legislation,Statutory nominal gross monthly minimum wage,Currency: U.S. dollars,2011,11.859,Currency: GEO - Lari (GEL),GEO,0.78
Georgia,ADM - Labour legislation,Statutory nominal gross monthly minimum wage,Currency: U.S. dollars,2010,11.221,Currency: GEO - Lari (GEL),GEO,0.77
Georgia,ADM - Labour legislation,Statutory nominal gross monthly minimum wage,Currency: U.S. dollars,2009,11.973,Currency: GEO - Lari (GEL),GEO,0.76
Georgia,ADM - Labour legislation,Statutory nominal gross monthly minimum wage,Currency: U.S. dollars,2008,13.416,Currency: GEO - Lari (GEL),GEO,0.757
Georgia,ADM - Labour legislation,Statutory nominal gross monthly minimum wage,Currency: U.S. dollars,2007,11.972,Currency: GEO - Lari (GEL),GEO,0.76
Georgia,ADM - Labour legislation,Statutory nominal gross monthly minimum wage,Currency: U.S. dollars,2006,11.233,Currency: GEO - Lari (GEL),GEO,0.75
Georgia,ADM - Labour legislation,Statutory nominal gross monthly minimum wage,Currency: U.S. dollars,2005,11.033,Currency: GEO - Lari (GEL),GEO,0.744
Georgia,ADM - Labour legislation,Statutory nominal gross monthly minimum wage,Currency: U.S. dollars,2004,10.435,Currency: GEO - Lari (GEL),GEO,0.737
Georgia,ADM - Labour legislation,Statutory nominal gross monthly minimum wage,Currency: U.S. dollars,2003,9.321,Currency: GEO - Lari (GEL),GEO,0.733
Georgia,ADM - Labour legislation,Statutory nominal gross monthly minimum wage,Currency: U.S. dollars,2002,9.109,Currency: GEO - Lari (GEL),GEO,0.719
Georgia,ADM - Labour legislation,Statutory nominal gross monthly minimum wage,Currency: U.S. dollars,2001,9.648,Currency: GEO - Lari (GEL),GEO,0.712
Georgia,ADM - Labour legislation,Statutory nominal gross monthly minimum wage,Currency: U.S. dollars,2000,10.121,Currency: GEO - Lari (GEL),GEO,0.705
Ghana,ADM - Labour legislation,Statutory nominal gross monthly minimum wage,Currency: U.S. dollars,2023,35.079,Type of minimum wage: Singular national minimum wage | Currency: GHA - Cedi (GHS) | ILO calculation: Daily figure multiplied by 6 days and 4.33 weeks,GHA,0.628
Ghana,ADM - Labour legislation,Statutory nominal gross monthly minimum wage,Currency: U.S. dollars,2022,42.525,Type of minimum wage: Singular national minimum wage | Currency: GHA - Cedi (GHS) | ILO calculation: Daily figure multiplied by 6 days and 4.33 weeks,GHA,0.625
Ghana,ADM - Labour legislation,Statutory nominal gross monthly minimum wage,Currency: U.S. dollars,2021,56.114,Type of minimum wage: Singular national minimum wage | Currency: GHA - Cedi (GHS) | ILO calculation: Daily figure multiplied by 6 days and 4.33 weeks,GHA,0.618
Ghana,ADM - Labour legislation,Statutory nominal gross monthly minimum wage,Currency: U.S. dollars,2020,54.921,Type of minimum wage: Singular national minimum wage | Currency: GHA - Cedi (GHS) | ILO calculation: Daily figure multiplied by 6 days and 4.33 weeks,GHA,0.614
Ghana,ADM - Labour legislation,Statutory nominal gross monthly minimum wage,Currency: U.S. dollars,2019,53.073,Type of minimum wage: Singular national minimum wage | Currency: GHA - Cedi (GHS) | ILO calculation: Daily figure multiplied by 6 days and 4.33 weeks,GHA,0.609
Ghana,ADM - Labour legislation,Statutory nominal gross monthly minimum wage,Currency: U.S. dollars,2018,54.888,Type of minimum wage: Singular national minimum wage | Currency: GHA - Cedi (GHS) | ILO calculation: Daily figure multiplied by 6 days and 4.33 weeks,GHA,0.6
Ghana,ADM - Labour legislation,Statutory nominal gross monthly minimum wage,Currency: U.S. dollars,2017,52.591,Type of minimum wage: Singular national minimum wage | Currency: GHA - Cedi (GHS) | ILO calculation: Daily figure multiplied by 6 days and 4.33 weeks,GHA,0.594
Ghana,ADM - Labour legislation,Statutory nominal gross monthly minimum wage,Currency: U.S. dollars,2016,53.199,Type of minimum wage: Singular national minimum wage | Currency: GHA - Cedi (GHS) | ILO calculation: Daily figure multiplied by 6 days and 4.33 weeks,GHA,0.59
Ghana,ADM - Labour legislation,Statutory nominal gross monthly minimum wage,Currency: U.S. dollars,2015,48.995,Type of minimum wage: Singular national minimum wage | Currency: GHA - Cedi (GHS) | ILO calculation: Daily figure multiplied by 6 days and 4.33 weeks,GHA,0.588
Ghana,ADM - Labour legislation,Statutory nominal gross monthly minimum wage,Currency: U.S. dollars,2014,53.857,Type of minimum wage: Singular national minimum wage | Currency: GHA - Cedi (GHS) | ILO calculation: Daily figure multiplied by 6 days and 4.33 weeks,GHA,0.58
Ghana,ADM - Labour legislation,Statutory nominal gross monthly minimum wage,Currency: U.S. dollars,2013,71.406,Currency: GHA - Cedi (GHS),GHA,0.582
Ghana,ADM - Labour legislation,Statutory nominal gross monthly minimum wage,Currency: U.S. dollars,2012,66.284,Currency: GHA - Cedi (GHS),GHA,0.575
Ghana,ADM - Labour legislation,Statutory nominal gross monthly minimum wage,Currency: U.S. dollars,2011,66.229,Currency: GHA - Cedi (GHS),GHA,0.568
Ghana,ADM - Labour legislation,Statutory nominal gross monthly minimum wage,Currency: U.S. dollars,2010,58.721,Currency: GHA - Cedi (GHS),GHA,0.558
Ghana,ADM - Labour legislation,Statutory nominal gross monthly minimum wage,Currency: U.S. dollars,2009,50.926,Currency: GHA - Cedi (GHS),GHA,0.551
Ghana,ADM - Labour legislation,Statutory nominal gross monthly minimum wage,Currency: U.S. dollars,2008,57.732,Currency: GHA - Cedi (GHS),GHA,0.546
Ghana,ADM - Labour legislation,Statutory nominal gross monthly minimum wage,Currency: U.S. dollars,2007,55.006,Currency: GHA - Cedi (GHS),GHA,0.534
Ghana,ADM - Labour legislation,Statutory nominal gross monthly minimum wage,Currency: U.S. dollars,2006,47.208,Currency: GHA - Cedi (GHS),GHA,0.524
Ghana,ADM - Labour legislation,Statutory nominal gross monthly minimum wage,Currency: U.S. dollars,2005,40.212,Currency: GHA - Cedi (GHS),GHA,0.515
Ghana,ADM - Labour legislation,Statutory nominal gross monthly minimum wage,Currency: U.S. dollars,2004,33.619,Currency: GHA - Cedi (GHS),GHA,0.503
Ghana,ADM - Labour legislation,Statutory nominal gross monthly minimum wage,Currency: U.S. dollars,2003,28.658,Currency: GHA - Cedi (GHS),GHA,0.495
Ghana,ADM - Labour legislation,Statutory nominal gross monthly minimum wage,Currency: U.S. dollars,2002,24.362,Currency: GHA - Cedi (GHS),GHA,0.493
Ghana,ADM - Labour legislation,Statutory nominal gross monthly minimum wage,Currency: U.S. dollars,2001,20.731,Currency: GHA - Cedi (GHS),GHA,0.486
Ghana,ADM - Labour legislation,Statutory nominal gross monthly minimum wage,Currency: U.S. dollars,2000,20.81,Currency: GHA - Cedi (GHS),GHA,0.487
Guinea,ADM - Legislation du Travail,Statutory nominal gross monthly minimum wage,Currency: U.S. dollars,2020,46.001,Type of minimum wage: Singular national minimum wage | Currency: GIN - Guinean franc (GNF),GIN,0.488
Guinea,ADM - Legislation du Travail,Statutory nominal gross monthly minimum wage,Currency: U.S. dollars,2019,47.91,Type of minimum wage: Singular national minimum wage | Currency: GIN - Guinean franc (GNF),GIN,0.486
Guinea,ADM - Legislation du Travail,Statutory nominal gross monthly minimum wage,Currency: U.S. dollars,2018,48.828,Type of minimum wage: Singular national minimum wage | Currency: GIN - Guinean franc (GNF),GIN,0.479
Guinea,ADM - Legislation du Travail,Statutory nominal gross monthly minimum wage,Currency: U.S. dollars,2017,48.414,Type of minimum wage: Singular national minimum wage | Currency: GIN - Guinean franc (GNF),GIN,0.482
Guinea,ADM - Legislation du Travail,Statutory nominal gross monthly minimum wage,Currency: U.S. dollars,2016,49.064,Type of minimum wage: Singular national minimum wage | Currency: GIN - Guinean franc (GNF),GIN,0.482
Guinea,ADM - Legislation du Travail,Statutory nominal gross monthly minimum wage,Currency: U.S. dollars,2015,58.78,Type of minimum wage: Singular national minimum wage | Currency: GIN - Guinean franc (GNF),GIN,0.465
Guinea,ADM - Legislation du Travail,Statutory nominal gross monthly minimum wage,Currency: U.S. dollars,2014,62.731,Type of minimum wage: Singular national minimum wage | Currency: GIN - Guinean franc (GNF),GIN,0.451
Guinea,ADM - Legislation du Travail,Statutory nominal gross monthly minimum wage,Currency: U.S. dollars,2013,63.695,Type of minimum wage: Singular national minimum wage | Currency: GIN - Guinean franc (GNF),GIN,0.445
Gambia,ADM - Labour legislation,Statutory nominal gross monthly minimum wage,Currency: U.S. dollars,2023,21.278,Type of minimum wage: Singular national minimum wage | Currency: GMB - Dalasi (GMD) | ILO calculation: Daily figure multiplied by 6 days and 4.33 weeks,GMB,0.524
Gambia,ADM - Labour legislation,Statutory nominal gross monthly minimum wage,Currency: U.S. dollars,2022,23.669,Type of minimum wage: Singular national minimum wage | Currency: GMB - Dalasi (GMD) | ILO calculation: Daily figure multiplied by 6 days and 4.33 weeks,GMB,0.519
Gambia,ADM - Labour legislation,Statutory nominal gross monthly minimum wage,Currency: U.S. dollars,2021,25.25,Type of minimum wage: Singular national minimum wage | Currency: GMB - Dalasi (GMD) | ILO calculation: Daily figure multiplied by 6 days and 4.33 weeks,GMB,0.513
Gambia,ADM - Labour legislation,Statutory nominal gross monthly minimum wage,Currency: U.S. dollars,2020,25.242,Type of minimum wage: Singular national minimum wage | Currency: GMB - Dalasi (GMD) | ILO calculation: Daily figure multiplied by 6 days and 4.33 weeks,GMB,0.512
Gambia,ADM - Labour legislation,Statutory nominal gross monthly minimum wage,Currency: U.S. dollars,2019,25.968,Type of minimum wage: Singular national minimum wage | Currency: GMB - Dalasi (GMD) | ILO calculation: Daily figure multiplied by 6 days and 4.33 weeks,GMB,0.508
Gambia,ADM - Labour legislation,Statutory nominal gross monthly minimum wage,Currency: U.S. dollars,2018,26.998,Type of minimum wage: Singular national minimum wage | Currency: GMB - Dalasi (GMD) | ILO calculation: Daily figure multiplied by 6 days and 4.33 weeks,GMB,0.5
Gambia,ADM - Labour legislation,Statutory nominal gross monthly minimum wage,Currency: U.S. dollars,2017,27.892,Type of minimum wage: Singular national minimum wage | Currency: GMB - Dalasi (GMD) | ILO calculation: Daily figure multiplied by 6 days and 4.33 weeks,GMB,0.493
Gambia,ADM - Labour legislation,Statutory nominal gross monthly minimum wage,Currency: U.S. dollars,2016,29.973,Type of minimum wage: Singular national minimum wage | Currency: GMB - Dalasi (GMD) | ILO calculation: Daily figure multiplied by 6 days and 4.33 weeks,GMB,0.487
Gambia,ADM - Labour legislation,Statutory nominal gross monthly minimum wage,Currency: U.S. dollars,2015,30.584,Type of minimum wage: Singular national minimum wage | Currency: GMB - Dalasi (GMD) | ILO calculation: Daily figure multiplied by 6 days and 4.33 weeks,GMB,0.482
Gambia,ADM - Labour legislation,Statutory nominal gross monthly minimum wage,Currency: U.S. dollars,2014,31.15,Type of minimum wage: Singular national minimum wage | Currency: GMB - Dalasi (GMD) | ILO calculation: Daily figure multiplied by 6 days and 4.33 weeks,GMB,0.477
Gambia,ADM - Labour legislation,Statutory nominal gross monthly minimum wage,Currency: U.S. dollars,2013,36.154,Type of minimum wage: Singular national minimum wage | Currency: GMB - Dalasi (GMD) | ILO calculation: Daily figure multiplied by 6 days and 4.33 weeks,GMB,0.474
Gambia,ADM - Labour legislation,Statutory nominal gross monthly minimum wage,Currency: U.S. dollars,2012,40.527,Type of minimum wage: Singular national minimum wage | Currency: GMB - Dalasi (GMD) | ILO calculation: Daily figure multiplied by 6 days and 4.33 weeks,GMB,0.469
Gambia,ADM - Labour legislation,Statutory nominal gross monthly minimum wage,Currency: U.S. dollars,2011,44.125,Type of minimum wage: Singular national minimum wage | Currency: GMB - Dalasi (GMD) | ILO calculation: Daily figure multiplied by 6 days and 4.33 weeks,GMB,0.463
Gambia,ADM - Labour legislation,Statutory nominal gross monthly minimum wage,Currency: U.S. dollars,2010,18.146,Type of minimum wage: Singular national minimum wage | Currency: GMB - Dalasi (GMD) | ILO calculation: Daily figure multiplied by 6 days and 4.33 weeks,GMB,0.463
Gambia,ADM - Labour legislation,Statutory nominal gross monthly minimum wage,Currency: U.S. dollars,2009,19.077,Type of minimum wage: Singular national minimum wage | Currency: GMB - Dalasi (GMD) | ILO calculation: Daily figure multiplied by 6 days and 4.33 weeks,GMB,0.459
Gambia,ADM - Labour legislation,Statutory nominal gross monthly minimum wage,Currency: U.S. dollars,2008,22.904,Type of minimum wage: Singular national minimum wage | Currency: GMB - Dalasi (GMD) | ILO calculation: Daily figure multiplied by 6 days and 4.33 weeks,GMB,0.455
Guinea-Bissau,ADM - Labour legislation,Statutory nominal gross monthly minimum wage,Currency: U.S. dollars,2023,31.373,Type of minimum wage: Singular national minimum wage | Currency: GNB - West African CFA franc (XOF),GNB,0.514
Guinea-Bissau,ADM - Labour legislation,Statutory nominal gross monthly minimum wage,Currency: U.S. dollars,2022,30.509,Type of minimum wage: Singular national minimum wage | Currency: GNB - West African CFA franc (XOF),GNB,0.511
Guinea-Bissau,ADM - Labour legislation,Statutory nominal gross monthly minimum wage,Currency: U.S. dollars,2021,34.317,Type of minimum wage: Singular national minimum wage | Currency: GNB - West African CFA franc (XOF),GNB,0.502
Guinea-Bissau,ADM - Labour legislation,Statutory nominal gross monthly minimum wage,Currency: U.S. dollars,2020,33.062,Type of minimum wage: Singular national minimum wage | Currency: GNB - West African CFA franc (XOF),GNB,0.498
Guinea-Bissau,ADM - Labour legislation,Statutory nominal gross monthly minimum wage,Currency: U.S. dollars,2019,32.479,Type of minimum wage: Singular national minimum wage | Currency: GNB - West African CFA franc (XOF),GNB,0.501
Guinea-Bissau,ADM - Labour legislation,Statutory nominal gross monthly minimum wage,Currency: U.S. dollars,2018,34.261,Type of minimum wage: Singular national minimum wage | Currency: GNB - West African CFA franc (XOF),GNB,0.493
Guinea-Bissau,ADM - Labour legislation,Statutory nominal gross monthly minimum wage,Currency: U.S. dollars,2017,32.773,Type of minimum wage: Singular national minimum wage | Currency: GNB - West African CFA franc (XOF),GNB,0.491
Guinea-Bissau,ADM - Labour legislation,Statutory nominal gross monthly minimum wage,Currency: U.S. dollars,2016,32.112,Type of minimum wage: Singular national minimum wage | Currency: GNB - West African CFA franc (XOF),GNB,0.486
Guinea-Bissau,ADM - Labour legislation,Statutory nominal gross monthly minimum wage,Currency: U.S. dollars,2015,32.188,Type of minimum wage: Singular national minimum wage | Currency: GNB - West African CFA franc (XOF),GNB,0.481
Guinea-Bissau,ADM - Labour legislation,Statutory nominal gross monthly minimum wage,Currency: U.S. dollars,2014,38.541,Type of minimum wage: Singular national minimum wage | Currency: GNB - West African CFA franc (XOF),GNB,0.476
Guinea-Bissau,ADM - Labour legislation,Statutory nominal gross monthly minimum wage,Currency: U.S. dollars,2013,38.53,Type of minimum wage: Singular national minimum wage | Currency: GNB - West African CFA franc (XOF),GNB,0.469
Guinea-Bissau,ADM - Labour legislation,Statutory nominal gross monthly minimum wage,Currency: U.S. dollars,2012,37.273,Type of minimum wage: Singular national minimum wage | Currency: GNB - West African CFA franc (XOF),GNB,0.462
Guinea-Bissau,ADM - Labour legislation,Statutory nominal gross monthly minimum wage,Currency: U.S. dollars,2011,40.382,Type of minimum wage: Singular national minimum wage | Currency: GNB - West African CFA franc (XOF),GNB,0.46
Guinea-Bissau,ADM - Labour legislation,Statutory nominal gross monthly minimum wage,Currency: U.S. dollars,2010,38.46,Type of minimum wage: Singular national minimum wage | Currency: GNB - West African CFA franc (XOF),GNB,0.452
Guinea-Bissau,ADM - Labour legislation,Statutory nominal gross monthly minimum wage,Currency: U.S. dollars,2009,31.895,Type of minimum wage: Singular national minimum wage | Currency: GNB - West African CFA franc (XOF),GNB,0.444
Guinea-Bissau,ADM - Labour legislation,Statutory nominal gross monthly minimum wage,Currency: U.S. dollars,2008,33.632,Type of minimum wage: Singular national minimum wage | Currency: GNB - West African CFA franc (XOF),GNB,0.436
Equatorial Guinea,ADM - Labour legislation,Statutory nominal gross monthly minimum wage,Currency: U.S. dollars,2023,193.389,Type of minimum wage: Singular national minimum wage | Currency: GNQ - Central African CFA franc (XAF),GNQ,0.674
Equatorial Guinea,ADM - Labour legislation,Statutory nominal gross monthly minimum wage,Currency: U.S. dollars,2022,188.06,Type of minimum wage: Singular national minimum wage | Currency: GNQ - Central African CFA franc (XAF),GNQ,0.677
Equatorial Guinea,ADM - Labour legislation,Statutory nominal gross monthly minimum wage,Currency: U.S. dollars,2021,211.537,Type of minimum wage: Singular national minimum wage | Currency: GNQ - Central African CFA franc (XAF),GNQ,0.671
Equatorial Guinea,ADM - Labour legislation,Statutory nominal gross monthly minimum wage,Currency: U.S. dollars,2020,203.799,Type of minimum wage: Singular national minimum wage | Currency: GNQ - Central African CFA franc (XAF),GNQ,0.668
Equatorial Guinea,ADM - Labour legislation,Statutory nominal gross monthly minimum wage,Currency: U.S. dollars,2019,200.208,Type of minimum wage: Singular national minimum wage | Currency: GNQ - Central African CFA franc (XAF),GNQ,0.667
Equatorial Guinea,ADM - Labour legislation,Statutory nominal gross monthly minimum wage,Currency: U.S. dollars,2018,211.189,Type of minimum wage: Singular national minimum wage | Currency: GNQ - Central African CFA franc (XAF),GNQ,0.663
Equatorial Guinea,ADM - Labour legislation,Statutory nominal gross monthly minimum wage,Currency: U.S. dollars,2017,202.019,Type of minimum wage: Singular national minimum wage | Currency: GNQ - Central African CFA franc (XAF),GNQ,0.661
Equatorial Guinea,ADM - Labour legislation,Statutory nominal gross monthly minimum wage,Currency: U.S. dollars,2016,197.946,Type of minimum wage: Singular national minimum wage | Currency: GNQ - Central African CFA franc (XAF),GNQ,0.659
Equatorial Guinea,ADM - Labour legislation,Statutory nominal gross monthly minimum wage,Currency: U.S. dollars,2015,198.413,Type of minimum wage: Singular national minimum wage | Currency: GNQ - Central African CFA franc (XAF),GNQ,0.656
Equatorial Guinea,ADM - Labour legislation,Statutory nominal gross monthly minimum wage,Currency: U.S. dollars,2014,237.574,Type of minimum wage: Singular national minimum wage | Currency: GNQ - Central African CFA franc (XAF),GNQ,0.652
Equatorial Guinea,ADM - Labour legislation,Statutory nominal gross monthly minimum wage,Currency: U.S. dollars,2013,237.506,Type of minimum wage: Singular national minimum wage | Currency: GNQ - Central African CFA franc (XAF),GNQ,0.644
Equatorial Guinea,ADM - Labour legislation,Statutory nominal gross monthly minimum wage,Currency: U.S. dollars,2012,229.757,Type of minimum wage: Singular national minimum wage | Currency: GNQ - Central African CFA franc (XAF),GNQ,0.635
Equatorial Guinea,ADM - Labour legislation,Statutory nominal gross monthly minimum wage,Currency: U.S. dollars,2011,248.922,Type of minimum wage: Singular national minimum wage | Currency: GNQ - Central African CFA franc (XAF),GNQ,0.624
Equatorial Guinea,ADM - Labour legislation,Statutory nominal gross monthly minimum wage,Currency: U.S. dollars,2010,192.807,Type of minimum wage: Singular national minimum wage | Currency: GNQ - Central African CFA franc (XAF),GNQ,0.612
Equatorial Guinea,ADM - Labour legislation,Statutory nominal gross monthly minimum wage,Currency: U.S. dollars,2009,202.852,Type of minimum wage: Singular national minimum wage | Currency: GNQ - Central African CFA franc (XAF),GNQ,0.615
Equatorial Guinea,ADM - Labour legislation,Statutory nominal gross monthly minimum wage,Currency: U.S. dollars,2008,213.901,Type of minimum wage: Singular national minimum wage | Currency: GNQ - Central African CFA franc (XAF),GNQ,0.613
Greece,ADM - Labour legislation,Statutory nominal gross monthly minimum wage,Currency: U.S. dollars,2023,983.955,Type of minimum wage: Singular national minimum wage | Currency: GRC - Euro (EUR),GRC,0.908
Greece,ADM - Labour legislation,Statutory nominal gross monthly minimum wage,Currency: U.S. dollars,2022,876.136,Type of minimum wage: Singular national minimum wage | Currency: GRC - Euro (EUR),GRC,0.897
Greece,ADM - Labour legislation,Statutory nominal gross monthly minimum wage,Currency: U.S. dollars,2021,896.517,Type of minimum wage: Singular national minimum wage | Currency: GRC - Euro (EUR),GRC,0.897
Greece,ADM - Labour legislation,Statutory nominal gross monthly minimum wage,Currency: U.S. dollars,2020,865.785,Type of minimum wage: Singular national minimum wage | Currency: GRC - Euro (EUR),GRC,0.896
Greece,ADM - Labour legislation,Statutory nominal gross monthly minimum wage,Currency: U.S. dollars,2019,848.562,Type of minimum wage: Singular national minimum wage | Currency: GRC - Euro (EUR),GRC,0.896
Greece,ADM - Labour legislation,Statutory nominal gross monthly minimum wage,Currency: U.S. dollars,2018,807.773,Type of minimum wage: Singular national minimum wage | Currency: GRC - Euro (EUR),GRC,0.893
Greece,ADM - Labour legislation,Statutory nominal gross monthly minimum wage,Currency: U.S. dollars,2017,772.702,Type of minimum wage: Singular national minimum wage | Currency: GRC - Euro (EUR),GRC,0.887
Greece,ADM - Labour legislation,Statutory nominal gross monthly minimum wage,Currency: U.S. dollars,2016,757.122,Type of minimum wage: Singular national minimum wage | Currency: GRC - Euro (EUR),GRC,0.884
Greece,ADM - Labour legislation,Statutory nominal gross monthly minimum wage,Currency: U.S. dollars,2015,758.907,Type of minimum wage: Singular national minimum wage | Currency: GRC - Euro (EUR),GRC,0.888
Greece,ADM - Labour legislation,Statutory nominal gross monthly minimum wage,Currency: U.S. dollars,2014,908.694,Type of minimum wage: Singular national minimum wage | Currency: GRC - Euro (EUR),GRC,0.886
Greece,ADM - Labour legislation,Statutory nominal gross monthly minimum wage,Currency: U.S. dollars,2013,908.433,Type of minimum wage: Singular national minimum wage | Currency: GRC - Euro (EUR),GRC,0.879
Greece,ADM - Labour legislation,Statutory nominal gross monthly minimum wage,Currency: U.S. dollars,2012,878.795,Type of minimum wage: Singular national minimum wage | Currency: GRC - Euro (EUR),GRC,0.874
Greece,ADM - Labour legislation,Statutory nominal gross monthly minimum wage,Currency: U.S. dollars,2011,1220.745,Type of minimum wage: Singular national minimum wage | Currency: GRC - Euro (EUR),GRC,0.874
Greece,ADM - Labour legislation,Statutory nominal gross monthly minimum wage,Currency: U.S. dollars,2010,1144.093,Type of minimum wage: Singular national minimum wage | Currency: GRC - Euro (EUR),GRC,0.876
Greece,ADM - Labour legislation,Statutory nominal gross monthly minimum wage,Currency: U.S. dollars,2009,1203.697,Type of minimum wage: Singular national minimum wage | Currency: GRC - Euro (EUR),GRC,0.874
Greece,ADM - Labour legislation,Statutory nominal gross monthly minimum wage,Currency: U.S. dollars,2008,1167.78,Type of minimum wage: Singular national minimum wage | Currency: GRC - Euro (EUR),GRC,0.871
Greece,ADM - Labour legislation,Statutory nominal gross monthly minimum wage,Currency: U.S. dollars,2007,1052.527,Type of minimum wage: Singular national minimum wage | Currency: GRC - Euro (EUR),GRC,0.866
Greece,ADM - Labour legislation,Statutory nominal gross monthly minimum wage,Currency: U.S. dollars,2006,891.475,Type of minimum wage: Singular national minimum wage | Currency: GRC - Euro (EUR),GRC,0.871
Greece,ADM - Labour legislation,Statutory nominal gross monthly minimum wage,Currency: U.S. dollars,2005,831.052,Type of minimum wage: Singular national minimum wage | Currency: GRC - Euro (EUR),GRC,0.863
Greece,ADM - Labour legislation,Statutory nominal gross monthly minimum wage,Currency: U.S. dollars,2004,784.902,Type of minimum wage: Singular national minimum wage | Currency: GRC - Euro (EUR),GRC,0.851
Greece,ADM - Labour legislation,Statutory nominal gross monthly minimum wage,Currency: U.S. dollars,2003,686.614,Type of minimum wage: Singular national minimum wage | Currency: GRC - Euro (EUR),GRC,0.842
Greece,ADM - Labour legislation,Statutory nominal gross monthly minimum wage,Currency: U.S. dollars,2002,550.324,Type of minimum wage: Singular national minimum wage | Currency: GRC - Euro (EUR),GRC,0.836
Greece,ADM - Labour legislation,Statutory nominal gross monthly minimum wage,Currency: U.S. dollars,2001,494.388,Type of minimum wage: Singular national minimum wage | Currency: GRC - Euro (EUR),GRC,0.837
Greece,ADM - Labour legislation,Statutory nominal gross monthly minimum wage,Currency: U.S. dollars,2000,493.209,Type of minimum wage: Singular national minimum wage | Currency: GRC - Euro (EUR),GRC,0.828
Grenada,ADM - Legislation du Travail,Statutory nominal gross monthly minimum wage,Currency: U.S. dollars,2023,444.444,Type of minimum wage: Sectoral (manufacturing) | Currency: GRD - East Caribbean dollar (XCD) | ILO calculation: Daily figure multiplied by 6 days and 4.33 weeks,GRD,0.791
Grenada,ADM - Legislation du Travail,Statutory nominal gross monthly minimum wage,Currency: U.S. dollars,2022,337.037,Type of minimum wage: Sectoral (manufacturing) | Currency: GRD - East Caribbean dollar (XCD) | ILO calculation: Daily figure multiplied by 6 days and 4.33 weeks,GRD,0.789
Grenada,ADM - Legislation du Travail,Statutory nominal gross monthly minimum wage,Currency: U.S. dollars,2021,337.037,Type of minimum wage: Sectoral (manufacturing) | Currency: GRD - East Caribbean dollar (XCD) | ILO calculation: Daily figure multiplied by 6 days and 4.33 weeks,GRD,0.782
Grenada,ADM - Legislation du Travail,Statutory nominal gross monthly minimum wage,Currency: U.S. dollars,2020,337.037,Type of minimum wage: Sectoral (manufacturing) | Currency: GRD - East Caribbean dollar (XCD) | ILO calculation: Daily figure multiplied by 6 days and 4.33 weeks,GRD,0.782
Grenada,ADM - Legislation du Travail,Statutory nominal gross monthly minimum wage,Currency: U.S. dollars,2019,337.037,Type of minimum wage: Sectoral (manufacturing) | Currency: GRD - East Caribbean dollar (XCD) | ILO calculation: Daily figure multiplied by 6 days and 4.33 weeks,GRD,0.789
Grenada,ADM - Legislation du Travail,Statutory nominal gross monthly minimum wage,Currency: U.S. dollars,2018,337.037,Type of minimum wage: Sectoral (manufacturing) | Currency: GRD - East Caribbean dollar (XCD) | ILO calculation: Daily figure multiplied by 6 days and 4.33 weeks,GRD,0.788
Grenada,ADM - Legislation du Travail,Statutory nominal gross monthly minimum wage,Currency: U.S. dollars,2017,337.037,Type of minimum wage: Sectoral (manufacturing) | Currency: GRD - East Caribbean dollar (XCD) | ILO calculation: Daily figure multiplied by 6 days and 4.33 weeks,GRD,0.784
Grenada,ADM - Legislation du Travail,Statutory nominal gross monthly minimum wage,Currency: U.S. dollars,2016,337.037,Type of minimum wage: Sectoral (manufacturing) | Currency: GRD - East Caribbean dollar (XCD) | ILO calculation: Daily figure multiplied by 6 days and 4.33 weeks,GRD,0.784
Grenada,ADM - Legislation du Travail,Statutory nominal gross monthly minimum wage,Currency: U.S. dollars,2015,337.037,Type of minimum wage: Sectoral (manufacturing) | Currency: GRD - East Caribbean dollar (XCD) | ILO calculation: Daily figure multiplied by 6 days and 4.33 weeks,GRD,0.782
Grenada,ADM - Legislation du Travail,Statutory nominal gross monthly minimum wage,Currency: U.S. dollars,2014,337.037,Type of minimum wage: Sectoral (manufacturing) | Currency: GRD - East Caribbean dollar (XCD) | ILO calculation: Daily figure multiplied by 6 days and 4.33 weeks,GRD,0.779
Grenada,ADM - Legislation du Travail,Statutory nominal gross monthly minimum wage,Currency: U.S. dollars,2013,337.037,Type of minimum wage: Sectoral (manufacturing) | Currency: GRD - East Caribbean dollar (XCD) | ILO calculation: Daily figure multiplied by 6 days and 4.33 weeks,GRD,0.777
Grenada,ADM - Legislation du Travail,Statutory nominal gross monthly minimum wage,Currency: U.S. dollars,2012,337.037,Type of minimum wage: Sectoral (manufacturing) | Currency: GRD - East Caribbean dollar (XCD) | ILO calculation: Daily figure multiplied by 6 days and 4.33 weeks,GRD,0.774
Grenada,ADM - Legislation du Travail,Statutory nominal gross monthly minimum wage,Currency: U.S. dollars,2011,337.037,Type of minimum wage: Sectoral (manufacturing) | Currency: GRD - East Caribbean dollar (XCD) | ILO calculation: Daily figure multiplied by 6 days and 4.33 weeks,GRD,0.773
Guatemala,OE - Official Estimates,Statutory nominal gross monthly minimum wage,Currency: U.S. dollars,2023,401.373,Type of minimum wage: Sectoral (manufacturing) | Currency: GTM - Quetzal (GTQ),GTM,0.662
Guatemala,OE - Official Estimates,Statutory nominal gross monthly minimum wage,Currency: U.S. dollars,2022,381.293,Type of minimum wage: Sectoral (manufacturing) | Currency: GTM - Quetzal (GTQ),GTM,0.655
Guatemala,OE - Official Estimates,Statutory nominal gross monthly minimum wage,Currency: U.S. dollars,2021,365.265,Type of minimum wage: Sectoral (manufacturing) | Currency: GTM - Quetzal (GTQ),GTM,0.639
Guatemala,OE - Official Estimates,Statutory nominal gross monthly minimum wage,Currency: U.S. dollars,2020,365.867,Type of minimum wage: Sectoral (manufacturing) | Currency: GTM - Quetzal (GTQ),GTM,0.645
Guatemala,OE - Official Estimates,Statutory nominal gross monthly minimum wage,Currency: U.S. dollars,2019,356.309,Type of minimum wage: Sectoral (manufacturing) | Currency: GTM - Quetzal (GTQ),GTM,0.653
Guatemala,OE - Official Estimates,Statutory nominal gross monthly minimum wage,Currency: U.S. dollars,2018,364.717,Type of minimum wage: Sectoral (manufacturing) | Currency: GTM - Quetzal (GTQ),GTM,0.649
Guatemala,OE - Official Estimates,Statutory nominal gross monthly minimum wage,Currency: U.S. dollars,2017,359.721,Type of minimum wage: Sectoral (manufacturing) | Currency: GTM - Quetzal (GTQ),GTM,0.647
Guatemala,OE - Official Estimates,Statutory nominal gross monthly minimum wage,Currency: U.S. dollars,2016,327.662,Type of minimum wage: Sectoral (manufacturing) | Currency: GTM - Quetzal (GTQ),GTM,0.642
Guatemala,OE - Official Estimates,Statutory nominal gross monthly minimum wage,Currency: U.S. dollars,2015,312.797,Type of minimum wage: Sectoral (manufacturing) | Currency: GTM - Quetzal (GTQ),GTM,0.638
Guatemala,OE - Official Estimates,Statutory nominal gross monthly minimum wage,Currency: U.S. dollars,2014,294.913,Type of minimum wage: Sectoral (manufacturing) | Currency: GTM - Quetzal (GTQ),GTM,0.65
Guatemala,OE - Official Estimates,Statutory nominal gross monthly minimum wage,Currency: U.S. dollars,2013,276.416,Type of minimum wage: Sectoral (manufacturing) | Currency: GTM - Quetzal (GTQ),GTM,0.633
Guatemala,OE - Official Estimates,Statutory nominal gross monthly minimum wage,Currency: U.S. dollars,2012,264.033,Type of minimum wage: Sectoral (manufacturing) | Currency: GTM - Quetzal (GTQ),GTM,0.631
Guatemala,OE - Official Estimates,Statutory nominal gross monthly minimum wage,Currency: U.S. dollars,2011,248.868,Type of minimum wage: Sectoral (manufacturing) | Currency: GTM - Quetzal (GTQ),GTM,0.628
Guatemala,OE - Official Estimates,Statutory nominal gross monthly minimum wage,Currency: U.S. dollars,2010,211.39,Type of minimum wage: Sectoral (manufacturing) | Currency: GTM - Quetzal (GTQ),GTM,0.623
Guatemala,OE - Official Estimates,Statutory nominal gross monthly minimum wage,Currency: U.S. dollars,2009,193.795,Type of minimum wage: Sectoral (manufacturing) | Currency: GTM - Quetzal (GTQ),GTM,0.616
Guatemala,OE - Official Estimates,Statutory nominal gross monthly minimum wage,Currency: U.S. dollars,2008,195.133,Type of minimum wage: Sectoral (manufacturing) | Currency: GTM - Quetzal (GTQ),GTM,0.609
Guatemala,OE - Official Estimates,Statutory nominal gross monthly minimum wage,Currency: U.S. dollars,2007,211.773,Currency: GTM - Quetzal (GTQ),GTM,0.601
Guatemala,OE - Official Estimates,Statutory nominal gross monthly minimum wage,Currency: U.S. dollars,2006,205.061,Currency: GTM - Quetzal (GTQ),GTM,0.59
Guatemala,OE - Official Estimates,Statutory nominal gross monthly minimum wage,Currency: U.S. dollars,2005,188.631,Currency: GTM - Quetzal (GTQ),GTM,0.583
Guatemala,OE - Official Estimates,Statutory nominal gross monthly minimum wage,Currency: U.S. dollars,2004,181.212,Currency: GTM - Quetzal (GTQ),GTM,0.58
Guatemala,OE - Official Estimates,Statutory nominal gross monthly minimum wage,Currency: U.S. dollars,2003,160.688,Currency: GTM - Quetzal (GTQ),GTM,0.577
Guatemala,OE - Official Estimates,Statutory nominal gross monthly minimum wage,Currency: U.S. dollars,2002,147.028,Currency: GTM - Quetzal (GTQ),GTM,0.572
Guatemala,OE - Official Estimates,Statutory nominal gross monthly minimum wage,Currency: U.S. dollars,2001,137.429,Currency: GTM - Quetzal (GTQ),GTM,0.567
Guatemala,OE - Official Estimates,Statutory nominal gross monthly minimum wage,Currency: U.S. dollars,2000,125.593,Central tendency measure: Minimum | Value type: Real values | Accounting concept: Net | Working time arrangement coverage: Full-time and part time workers | Currency: GTM - Quetzal (GTQ),GTM,0.563
Guyana,ADM - Labour legislation,Statutory nominal gross monthly minimum wage,Currency: U.S. dollars,2023,288.475,Type of minimum wage: Singular national minimum wage | Currency: GUY - Guyanese dollar (GYD),GUY,0.776
Guyana,ADM - Labour legislation,Statutory nominal gross monthly minimum wage,Currency: U.S. dollars,2022,288.475,Type of minimum wage: Singular national minimum wage | Currency: GUY - Guyanese dollar (GYD),GUY,0.763
Guyana,ADM - Labour legislation,Statutory nominal gross monthly minimum wage,Currency: U.S. dollars,2021,211.99,Type of minimum wage: Singular national minimum wage | Currency: GUY - Guyanese dollar (GYD),GUY,0.713
Guyana,ADM - Labour legislation,Statutory nominal gross monthly minimum wage,Currency: U.S. dollars,2020,211.99,Type of minimum wage: Singular national minimum wage | Currency: GUY - Guyanese dollar (GYD),GUY,0.722
Guyana,ADM - Labour legislation,Statutory nominal gross monthly minimum wage,Currency: U.S. dollars,2019,211.99,Type of minimum wage: Singular national minimum wage | Currency: GUY - Guyanese dollar (GYD),GUY,0.709
Guyana,ADM - Labour legislation,Statutory nominal gross monthly minimum wage,Currency: U.S. dollars,2018,212.79,Type of minimum wage: Singular national minimum wage | Currency: GUY - Guyanese dollar (GYD),GUY,0.702
Guyana,ADM - Labour legislation,Statutory nominal gross monthly minimum wage,Currency: U.S. dollars,2017,214.044,Type of minimum wage: Singular national minimum wage | Currency: GUY - Guyanese dollar (GYD),GUY,0.696
Guyana,ADM - Labour legislation,Statutory nominal gross monthly minimum wage,Currency: U.S. dollars,2016,169.492,Type of minimum wage: Singular national minimum wage | Currency: GUY - Guyanese dollar (GYD),GUY,0.69
Guyana,ADM - Labour legislation,Statutory nominal gross monthly minimum wage,Currency: U.S. dollars,2015,169.492,Type of minimum wage: Singular national minimum wage | Currency: GUY - Guyanese dollar (GYD),GUY,0.683
Guyana,ADM - Labour legislation,Statutory nominal gross monthly minimum wage,Currency: U.S. dollars,2014,169.533,Type of minimum wage: Singular national minimum wage | Currency: GUY - Guyanese dollar (GYD),GUY,0.678
Guyana,ADM - Labour legislation,Statutory nominal gross monthly minimum wage,Currency: U.S. dollars,2013,170.404,Type of minimum wage: Singular national minimum wage | Currency: GUY - Guyanese dollar (GYD),GUY,0.669
Honduras,ILO - SIALC Estimates,Statutory nominal gross monthly minimum wage,Currency: U.S. dollars,2023,425.28,Type of minimum wage: Sectoral (manufacturing) | Currency: HND - Lempira (HNL),HND,0.645
Honduras,ILO - SIALC Estimates,Statutory nominal gross monthly minimum wage,Currency: U.S. dollars,2022,405.707,Type of minimum wage: Sectoral (manufacturing) | Currency: HND - Lempira (HNL),HND,0.643
Honduras,ILO - SIALC Estimates,Statutory nominal gross monthly minimum wage,Currency: U.S. dollars,2021,392.747,Type of minimum wage: Sectoral (manufacturing) | Currency: HND - Lempira (HNL),HND,0.628
Honduras,ILO - SIALC Estimates,Statutory nominal gross monthly minimum wage,Currency: U.S. dollars,2020,368.922,Type of minimum wage: Sectoral (manufacturing) | Currency: HND - Lempira (HNL),HND,0.625
Honduras,ILO - SIALC Estimates,Statutory nominal gross monthly minimum wage,Currency: U.S. dollars,2019,352.406,Type of minimum wage: Sectoral (manufacturing) | Currency: HND - Lempira (HNL),HND,0.632
Honduras,ILO - SIALC Estimates,Statutory nominal gross monthly minimum wage,Currency: U.S. dollars,2018,344.887,Type of minimum wage: Sectoral (manufacturing) | Currency: HND - Lempira (HNL),HND,0.619
Honduras,ILO - SIALC Estimates,Statutory nominal gross monthly minimum wage,Currency: U.S. dollars,2017,335.138,Type of minimum wage: Sectoral (manufacturing) | Currency: HND - Lempira (HNL),HND,0.618
Honduras,ILO - SIALC Estimates,Statutory nominal gross monthly minimum wage,Currency: U.S. dollars,2016,333.663,Type of minimum wage: Sectoral (manufacturing) | Currency: HND - Lempira (HNL),HND,0.616
Honduras,ILO - SIALC Estimates,Statutory nominal gross monthly minimum wage,Currency: U.S. dollars,2015,329.093,Type of minimum wage: Sectoral (manufacturing) | Currency: HND - Lempira (HNL),HND,0.61
Honduras,ILO - SIALC Estimates,Statutory nominal gross monthly minimum wage,Currency: U.S. dollars,2014,326.796,Type of minimum wage: Sectoral (manufacturing) | Currency: HND - Lempira (HNL),HND,0.604
Honduras,ILO - SIALC Estimates,Statutory nominal gross monthly minimum wage,Currency: U.S. dollars,2013,320.919,Type of minimum wage: Sectoral (manufacturing) | Currency: HND - Lempira (HNL),HND,0.601
Honduras,ILO - SIALC Estimates,Statutory nominal gross monthly minimum wage,Currency: U.S. dollars,2012,317.17,Type of minimum wage: Sectoral (manufacturing) | Currency: HND - Lempira (HNL),HND,0.597
Honduras,ILO - SIALC Estimates,Statutory nominal gross monthly minimum wage,Currency: U.S. dollars,2011,309.64,Type of minimum wage: Sectoral (manufacturing) | Currency: HND - Lempira (HNL),HND,0.598
Honduras,ILO - SIALC Estimates,Statutory nominal gross monthly minimum wage,Currency: U.S. dollars,2010,291.081,Type of minimum wage: Sectoral (manufacturing) | Currency: HND - Lempira (HNL),HND,0.596
Honduras,ILO - SIALC Estimates,Statutory nominal gross monthly minimum wage,Currency: U.S. dollars,2009,291.081,Type of minimum wage: Sectoral (manufacturing) | Currency: HND - Lempira (HNL),HND,0.594
Honduras,ILO - SIALC Estimates,Statutory nominal gross monthly minimum wage,Currency: U.S. dollars,2008,126.581,Type of minimum wage: Sectoral (manufacturing) | Currency: HND - Lempira (HNL),HND,0.592
Honduras,ILO - SIALC Estimates,Statutory nominal gross monthly minimum wage,Currency: U.S. dollars,2007,114.104,Currency: HND - Lempira (HNL),HND,0.587
Honduras,ILO - SIALC Estimates,Statutory nominal gross monthly minimum wage,Currency: U.S. dollars,2006,102.777,Currency: HND - Lempira (HNL),HND,0.582
Honduras,ILO - SIALC Estimates,Statutory nominal gross monthly minimum wage,Currency: U.S. dollars,2005,92.925,Currency: HND - Lempira (HNL),HND,0.578
Honduras,ILO - SIALC Estimates,Statutory nominal gross monthly minimum wage,Currency: U.S. dollars,2004,85.778,Currency: HND - Lempira (HNL),HND,0.573
Honduras,ILO - SIALC Estimates,Statutory nominal gross monthly minimum wage,Currency: U.S. dollars,2003,80.392,Currency: HND - Lempira (HNL),HND,0.568
Honduras,ILO - SIALC Estimates,Statutory nominal gross monthly minimum wage,Currency: U.S. dollars,2002,75.744,Currency: HND - Lempira (HNL),HND,0.564
Honduras,ILO - SIALC Estimates,Statutory nominal gross monthly minimum wage,Currency: U.S. dollars,2001,70.557,Currency: HND - Lempira (HNL),HND,0.561
Honduras,ILO - SIALC Estimates,Statutory nominal gross monthly minimum wage,Currency: U.S. dollars,2000,64.822,Currency: HND - Lempira (HNL),HND,0.558
Croatia,ADM - Labour legislation,Statutory nominal gross monthly minimum wage,Currency: U.S. dollars,2023,756.888,Type of minimum wage: Singular national minimum wage | Currency: HRV - Euro (EUR),HRV,0.889
Croatia,ADM - Labour legislation,Statutory nominal gross monthly minimum wage,Currency: U.S. dollars,2022,654.996,Type of minimum wage: Singular national minimum wage | Currency: HRV - Euro (EUR),HRV,0.886
Croatia,ADM - Labour legislation,Statutory nominal gross monthly minimum wage,Currency: U.S. dollars,2021,667.066,Type of minimum wage: Singular national minimum wage | Currency: HRV - Euro (EUR),HRV,0.876
Croatia,ADM - Labour legislation,Statutory nominal gross monthly minimum wage,Currency: U.S. dollars,2020,615.644,Type of minimum wage: Singular national minimum wage | Currency: HRV - Euro (EUR),HRV,0.867
Croatia,ADM - Labour legislation,Statutory nominal gross monthly minimum wage,Currency: U.S. dollars,2019,557.498,Type of minimum wage: Singular national minimum wage | Currency: HRV - Euro (EUR),HRV,0.872
Croatia,ADM - Labour legislation,Statutory nominal gross monthly minimum wage,Currency: U.S. dollars,2018,539.696,Type of minimum wage: Singular national minimum wage | Currency: HRV - Euro (EUR),HRV,0.867
Croatia,ADM - Labour legislation,Statutory nominal gross monthly minimum wage,Currency: U.S. dollars,2017,491.411,Type of minimum wage: Singular national minimum wage | Currency: HRV - Euro (EUR),HRV,0.862
Croatia,ADM - Labour legislation,Statutory nominal gross monthly minimum wage,Currency: U.S. dollars,2016,458.258,Type of minimum wage: Singular national minimum wage | Currency: HRV - Euro (EUR),HRV,0.856
Croatia,ADM - Labour legislation,Statutory nominal gross monthly minimum wage,Currency: U.S. dollars,2015,446.024,Type of minimum wage: Singular national minimum wage | Currency: HRV - Euro (EUR),HRV,0.852
Croatia,ADM - Labour legislation,Statutory nominal gross monthly minimum wage,Currency: U.S. dollars,2014,532.729,Type of minimum wage: Singular national minimum wage | Currency: HRV - Euro (EUR),HRV,0.848
Croatia,ADM - Labour legislation,Statutory nominal gross monthly minimum wage,Currency: U.S. dollars,2013,525.935,Type of minimum wage: Singular national minimum wage | Currency: HRV - Euro (EUR),HRV,0.846
Croatia,ADM - Labour legislation,Statutory nominal gross monthly minimum wage,Currency: U.S. dollars,2012,479.226,Type of minimum wage: Singular national minimum wage | Currency: HRV - Euro (EUR),HRV,0.839
Croatia,ADM - Labour legislation,Statutory nominal gross monthly minimum wage,Currency: U.S. dollars,2011,519.199,Type of minimum wage: Singular national minimum wage | Currency: HRV - Euro (EUR),HRV,0.836
Croatia,ADM - Labour legislation,Statutory nominal gross monthly minimum wage,Currency: U.S. dollars,2010,494.492,Type of minimum wage: Singular national minimum wage | Currency: HRV - Euro (EUR),HRV,0.831
Croatia,ADM - Labour legislation,Statutory nominal gross monthly minimum wage,Currency: U.S. dollars,2009,520.254,Type of minimum wage: Singular national minimum wage | Currency: HRV - Euro (EUR),HRV,0.826
Croatia,ADM - Labour legislation,Statutory nominal gross monthly minimum wage,Currency: U.S. dollars,2008,536.826,Type of minimum wage: Singular national minimum wage | Currency: HRV - Euro (EUR),HRV,0.827
Croatia,ADM - Labour legislation,Statutory nominal gross monthly minimum wage,Currency: U.S. dollars,2007,428.369,Type of minimum wage: Singular national minimum wage | Currency: HRV - Kuna (HRK),HRV,0.825
Croatia,ADM - Labour legislation,Statutory nominal gross monthly minimum wage,Currency: U.S. dollars,2006,371.656,Type of minimum wage: Singular national minimum wage | Currency: HRV - Kuna (HRK),HRV,0.819
Croatia,ADM - Labour legislation,Statutory nominal gross monthly minimum wage,Currency: U.S. dollars,2005,349.751,Type of minimum wage: Singular national minimum wage | Currency: HRV - Kuna (HRK),HRV,0.814
Croatia,ADM - Labour legislation,Statutory nominal gross monthly minimum wage,Currency: U.S. dollars,2004,323.358,Type of minimum wage: Singular national minimum wage | Currency: HRV - Kuna (HRK),HRV,0.807
Croatia,ADM - Labour legislation,Statutory nominal gross monthly minimum wage,Currency: U.S. dollars,2003,277.182,Type of minimum wage: Singular national minimum wage | Currency: HRV - Kuna (HRK),HRV,0.798
Croatia,ADM - Labour legislation,Statutory nominal gross monthly minimum wage,Currency: U.S. dollars,2002,228.668,Type of minimum wage: Singular national minimum wage | Currency: HRV - Kuna (HRK),HRV,0.792
Croatia,ADM - Labour legislation,Statutory nominal gross monthly minimum wage,Currency: U.S. dollars,2001,203.799,Type of minimum wage: Singular national minimum wage | Currency: HRV - Kuna (HRK),HRV,0.785
Croatia,ADM - Labour legislation,Statutory nominal gross monthly minimum wage,Currency: U.S. dollars,2000,205.372,Type of minimum wage: Singular national minimum wage | Currency: HRV - Kuna (HRK),HRV,0.769
Haiti,ADM - Labour legislation,Statutory nominal gross monthly minimum wage,Currency: U.S. dollars,2023,126.28,Type of minimum wage: Sectoral | Currency: HTI - Gourde (HTG) | ILO calculation: Daily figure multiplied by 6 days and 4.33 weeks,HTI,0.554
Haiti,ADM - Labour legislation,Statutory nominal gross monthly minimum wage,Currency: U.S. dollars,2022,154.025,Type of minimum wage: Sectoral | Currency: HTI - Gourde (HTG) | ILO calculation: Daily figure multiplied by 6 days and 4.33 weeks,HTI,0.552
Haiti,ADM - Labour legislation,Statutory nominal gross monthly minimum wage,Currency: U.S. dollars,2021,145.696,Type of minimum wage: Sectoral | Currency: HTI - Gourde (HTG) | ILO calculation: Daily figure multiplied by 6 days and 4.33 weeks,HTI,0.548
Haiti,ADM - Labour legislation,Statutory nominal gross monthly minimum wage,Currency: U.S. dollars,2020,139.023,Type of minimum wage: Sectoral | Currency: HTI - Gourde (HTG) | ILO calculation: Daily figure multiplied by 6 days and 4.33 weeks,HTI,0.555
Haiti,ADM - Labour legislation,Statutory nominal gross monthly minimum wage,Currency: U.S. dollars,2019,146.372,Type of minimum wage: Sectoral | Currency: HTI - Gourde (HTG) | ILO calculation: Daily figure multiplied by 6 days and 4.33 weeks,HTI,0.56
Haiti,ADM - Labour legislation,Statutory nominal gross monthly minimum wage,Currency: U.S. dollars,2018,160.513,Type of minimum wage: Sectoral | Currency: HTI - Gourde (HTG) | ILO calculation: Daily figure multiplied by 6 days and 4.33 weeks,HTI,0.561
Haiti,ADM - Labour legislation,Statutory nominal gross monthly minimum wage,Currency: U.S. dollars,2017,140.498,Type of minimum wage: Sectoral | Currency: HTI - Gourde (HTG) | ILO calculation: Daily figure multiplied by 6 days and 4.33 weeks,HTI,0.559
Haiti,ADM - Labour legislation,Statutory nominal gross monthly minimum wage,Currency: U.S. dollars,2016,123.153,Type of minimum wage: Sectoral | Currency: HTI - Gourde (HTG) | ILO calculation: Daily figure multiplied by 6 days and 4.33 weeks,HTI,0.555
Haiti,ADM - Labour legislation,Statutory nominal gross monthly minimum wage,Currency: U.S. dollars,2015,115.37,Type of minimum wage: Sectoral | Currency: HTI - Gourde (HTG) | ILO calculation: Daily figure multiplied by 6 days and 4.33 weeks,HTI,0.552
Haiti,ADM - Labour legislation,Statutory nominal gross monthly minimum wage,Currency: U.S. dollars,2014,129.379,Type of minimum wage: Sectoral | Currency: HTI - Gourde (HTG) | ILO calculation: Daily figure multiplied by 6 days and 4.33 weeks,HTI,0.549
Haiti,ADM - Labour legislation,Statutory nominal gross monthly minimum wage,Currency: U.S. dollars,2013,179.464,Type of minimum wage: Sectoral | Currency: HTI - Gourde (HTG) | ILO calculation: Daily figure multiplied by 6 days and 4.33 weeks,HTI,0.545
Haiti,ADM - Labour legislation,Statutory nominal gross monthly minimum wage,Currency: U.S. dollars,2012,185.937,Type of minimum wage: Sectoral | Currency: HTI - Gourde (HTG) | ILO calculation: Daily figure multiplied by 6 days and 4.33 weeks,HTI,0.54
Haiti,ADM - Labour legislation,Statutory nominal gross monthly minimum wage,Currency: U.S. dollars,2011,128.323,Type of minimum wage: Sectoral | Currency: HTI - Gourde (HTG) | ILO calculation: Daily figure multiplied by 6 days and 4.33 weeks,HTI,0.536
Haiti,ADM - Labour legislation,Statutory nominal gross monthly minimum wage,Currency: U.S. dollars,2010,130.662,Type of minimum wage: Sectoral | Currency: HTI - Gourde (HTG) | ILO calculation: Daily figure multiplied by 6 days and 4.33 weeks,HTI,0.452
Haiti,ADM - Labour legislation,Statutory nominal gross monthly minimum wage,Currency: U.S. dollars,2009,126.221,Type of minimum wage: Sectoral | Currency: HTI - Gourde (HTG) | ILO calculation: Daily figure multiplied by 6 days and 4.33 weeks,HTI,0.534
Haiti,ADM - Labour legislation,Statutory nominal gross monthly minimum wage,Currency: U.S. dollars,2008,46.538,Type of minimum wage: Sectoral | Currency: HTI - Gourde (HTG) | ILO calculation: Daily figure multiplied by 6 days and 4.33 weeks,HTI,0.528
Haiti,ADM - Labour legislation,Statutory nominal gross monthly minimum wage,Currency: U.S. dollars,2007,49.374,Currency: HTI - Gourde (HTG),HTI,0.524
Haiti,ADM - Labour legislation,Statutory nominal gross monthly minimum wage,Currency: U.S. dollars,2006,45.04,Currency: HTI - Gourde (HTG),HTI,0.52
Haiti,ADM - Labour legislation,Statutory nominal gross monthly minimum wage,Currency: U.S. dollars,2005,44.995,Currency: HTI - Gourde (HTG),HTI,0.516
Haiti,ADM - Labour legislation,Statutory nominal gross monthly minimum wage,Currency: U.S. dollars,2004,47.455,Currency: HTI - Gourde (HTG),HTI,0.505
Haiti,ADM - Labour legislation,Statutory nominal gross monthly minimum wage,Currency: U.S. dollars,2003,42.958,Currency: HTI - Gourde (HTG),HTI,0.508
Hungary,ADM - Labour legislation,Statutory nominal gross monthly minimum wage,Currency: U.S. dollars,2023,657.059,Type of minimum wage: Singular national minimum wage | Currency: HUN - Forint (HUF),HUN,0.87
Hungary,ADM - Labour legislation,Statutory nominal gross monthly minimum wage,Currency: U.S. dollars,2022,536.775,Type of minimum wage: Singular national minimum wage | Currency: HUN - Forint (HUF),HUN,0.867
Hungary,ADM - Labour legislation,Statutory nominal gross monthly minimum wage,Currency: U.S. dollars,2021,552.219,Type of minimum wage: Singular national minimum wage | Currency: HUN - Forint (HUF),HUN,0.852
Hungary,ADM - Labour legislation,Statutory nominal gross monthly minimum wage,Currency: U.S. dollars,2020,522.733,Type of minimum wage: Singular national minimum wage | Currency: HUN - Forint (HUF),HUN,0.857
Hungary,ADM - Labour legislation,Statutory nominal gross monthly minimum wage,Currency: U.S. dollars,2019,512.626,Type of minimum wage: Singular national minimum wage | Currency: HUN - Forint (HUF),HUN,0.861
Hungary,ADM - Labour legislation,Statutory nominal gross monthly minimum wage,Currency: U.S. dollars,2018,510.711,Type of minimum wage: Singular national minimum wage | Currency: HUN - Forint (HUF),HUN,0.857
Hungary,ADM - Labour legislation,Statutory nominal gross monthly minimum wage,Currency: U.S. dollars,2017,464.594,Type of minimum wage: Singular national minimum wage | Currency: HUN - Forint (HUF),HUN,0.853
Hungary,ADM - Labour legislation,Statutory nominal gross monthly minimum wage,Currency: U.S. dollars,2016,394.284,Type of minimum wage: Singular national minimum wage | Currency: HUN - Forint (HUF),HUN,0.851
Hungary,ADM - Labour legislation,Statutory nominal gross monthly minimum wage,Currency: U.S. dollars,2015,375.896,Type of minimum wage: Singular national minimum wage | Currency: HUN - Forint (HUF),HUN,0.847
Hungary,ADM - Labour legislation,Statutory nominal gross monthly minimum wage,Currency: U.S. dollars,2014,436.368,Type of minimum wage: Singular national minimum wage | Currency: HUN - Forint (HUF),HUN,0.848
Hungary,ADM - Labour legislation,Statutory nominal gross monthly minimum wage,Currency: U.S. dollars,2013,438.096,Type of minimum wage: Singular national minimum wage | Currency: HUN - Forint (HUF),HUN,0.85
Hungary,ADM - Labour legislation,Statutory nominal gross monthly minimum wage,Currency: U.S. dollars,2012,413.142,Type of minimum wage: Singular national minimum wage | Currency: HUN - Forint (HUF),HUN,0.841
Hungary,ADM - Labour legislation,Statutory nominal gross monthly minimum wage,Currency: U.S. dollars,2011,387.954,Type of minimum wage: Singular national minimum wage | Currency: HUN - Forint (HUF),HUN,0.841
Hungary,ADM - Labour legislation,Statutory nominal gross monthly minimum wage,Currency: U.S. dollars,2010,353.46,Type of minimum wage: Singular national minimum wage | Currency: HUN - Forint (HUF),HUN,0.838
Hungary,ADM - Labour legislation,Statutory nominal gross monthly minimum wage,Currency: U.S. dollars,2009,353.363,Type of minimum wage: Singular national minimum wage | Currency: HUN - Forint (HUF),HUN,0.834
Hungary,ADM - Labour legislation,Statutory nominal gross monthly minimum wage,Currency: U.S. dollars,2008,400.899,Type of minimum wage: Singular national minimum wage | Currency: HUN - Forint (HUF),HUN,0.833
Hungary,ADM - Labour legislation,Statutory nominal gross monthly minimum wage,Currency: U.S. dollars,2007,356.704,Type of minimum wage: Singular national minimum wage | Currency: HUN - Forint (HUF),HUN,0.826
Hungary,ADM - Labour legislation,Statutory nominal gross monthly minimum wage,Currency: U.S. dollars,2006,297.067,Type of minimum wage: Singular national minimum wage | Currency: HUN - Forint (HUF),HUN,0.823
Hungary,ADM - Labour legislation,Statutory nominal gross monthly minimum wage,Currency: U.S. dollars,2005,285.596,Type of minimum wage: Singular national minimum wage | Currency: HUN - Forint (HUF),HUN,0.816
Hungary,ADM - Labour legislation,Statutory nominal gross monthly minimum wage,Currency: U.S. dollars,2004,261.411,Type of minimum wage: Singular national minimum wage | Currency: HUN - Forint (HUF),HUN,0.811
Hungary,ADM - Labour legislation,Statutory nominal gross monthly minimum wage,Currency: U.S. dollars,2003,222.909,Type of minimum wage: Singular national minimum wage | Currency: HUN - Forint (HUF),HUN,0.807
Hungary,ADM - Labour legislation,Statutory nominal gross monthly minimum wage,Currency: U.S. dollars,2002,193.884,Type of minimum wage: Singular national minimum wage | Currency: HUN - Forint (HUF),HUN,0.8
Hungary,ADM - Labour legislation,Statutory nominal gross monthly minimum wage,Currency: U.S. dollars,2001,139.621,Type of minimum wage: Singular national minimum wage | Currency: HUN - Forint (HUF),HUN,0.791
Hungary,ADM - Labour legislation,Statutory nominal gross monthly minimum wage,Currency: U.S. dollars,2000,90.368,Type of minimum wage: Singular national minimum wage | Currency: HUN - Forint (HUF),HUN,0.781
Indonesia,ADM - Labour legislation,Statutory nominal gross monthly minimum wage,Currency: U.S. dollars,2023,321.706,Type of minimum wage: Regional | Central tendency measure: Median | Currency: IDN - Indonesian rupiah (IDR),IDN,0.728
Indonesia,ADM - Labour legislation,Statutory nominal gross monthly minimum wage,Currency: U.S. dollars,2022,180.461,Type of minimum wage: Regional | Central tendency measure: Median | Currency: IDN - Indonesian rupiah (IDR),IDN,0.726
Indonesia,ADM - Labour legislation,Statutory nominal gross monthly minimum wage,Currency: U.S. dollars,2021,174.956,Type of minimum wage: Regional | Central tendency measure: Median | Currency: IDN - Indonesian rupiah (IDR),IDN,0.707
Indonesia,ADM - Labour legislation,Statutory nominal gross monthly minimum wage,Currency: U.S. dollars,2020,171.668,Type of minimum wage: Regional | Central tendency measure: Median | Currency: IDN - Indonesian rupiah (IDR),IDN,0.71
Indonesia,ADM - Labour legislation,Statutory nominal gross monthly minimum wage,Currency: U.S. dollars,2019,111.037,Central tendency measure: Lowest occupational minimum wage | Currency: IDN - Indonesian rupiah (IDR),IDN,0.714
Indonesia,ADM - Labour legislation,Statutory nominal gross monthly minimum wage,Currency: U.S. dollars,2018,102.14,Central tendency measure: Lowest occupational minimum wage | Currency: IDN - Indonesian rupiah (IDR),IDN,0.715
Indonesia,ADM - Labour legislation,Statutory nominal gross monthly minimum wage,Currency: U.S. dollars,2017,99.967,Central tendency measure: Lowest occupational minimum wage | Currency: IDN - Indonesian rupiah (IDR),IDN,0.712
Indonesia,ADM - Labour legislation,Statutory nominal gross monthly minimum wage,Currency: U.S. dollars,2016,93.002,Central tendency measure: Lowest occupational minimum wage | Currency: IDN - Indonesian rupiah (IDR),IDN,0.705
Indonesia,ADM - Labour legislation,Statutory nominal gross monthly minimum wage,Currency: U.S. dollars,2015,82.154,Central tendency measure: Lowest occupational minimum wage | Currency: IDN - Indonesian rupiah (IDR),IDN,0.701
Indonesia,ADM - Labour legislation,Statutory nominal gross monthly minimum wage,Currency: U.S. dollars,2013,127.365,Central tendency measure: Mean of regional minimum wages | Currency: IDN - Indonesian rupiah (IDR),IDN,0.69
Indonesia,ADM - Labour legislation,Statutory nominal gross monthly minimum wage,Currency: U.S. dollars,2012,119.223,Central tendency measure: Mean of regional minimum wages | Currency: IDN - Indonesian rupiah (IDR),IDN,0.686
Indonesia,ADM - Labour legislation,Statutory nominal gross monthly minimum wage,Currency: U.S. dollars,2011,112.742,Central tendency measure: Mean of regional minimum wages | Currency: IDN - Indonesian rupiah (IDR),IDN,0.678
Indonesia,ADM - Labour legislation,Statutory nominal gross monthly minimum wage,Currency: U.S. dollars,2010,99.973,Central tendency measure: Mean of regional minimum wages | Currency: IDN - Indonesian rupiah (IDR),IDN,0.67
Indonesia,ADM - Labour legislation,Statutory nominal gross monthly minimum wage,Currency: U.S. dollars,2009,79.952,Central tendency measure: Mean of regional minimum wages | Currency: IDN - Indonesian rupiah (IDR),IDN,0.663
Indonesia,ADM - Labour legislation,Statutory nominal gross monthly minimum wage,Currency: U.S. dollars,2008,76.627,Central tendency measure: Mean of regional minimum wages | Currency: IDN - Indonesian rupiah (IDR),IDN,0.653
Indonesia,ADM - Labour legislation,Statutory nominal gross monthly minimum wage,Currency: U.S. dollars,2007,73.066,Central tendency measure: Mean of regional minimum wages | Currency: IDN - Indonesian rupiah (IDR),IDN,0.649
Indonesia,ADM - Labour legislation,Statutory nominal gross monthly minimum wage,Currency: U.S. dollars,2006,65.747,Central tendency measure: Mean of regional minimum wages | Currency: IDN - Indonesian rupiah (IDR),IDN,0.646
Indonesia,ADM - Labour legislation,Statutory nominal gross monthly minimum wage,Currency: U.S. dollars,2005,52.315,Central tendency measure: Mean of regional minimum wages | Currency: IDN - Indonesian rupiah (IDR),IDN,0.638
Indonesia,ADM - Labour legislation,Statutory nominal gross monthly minimum wage,Currency: U.S. dollars,2004,51.293,Central tendency measure: Mean of regional minimum wages | Currency: IDN - Indonesian rupiah (IDR),IDN,0.624
Indonesia,ADM - Labour legislation,Statutory nominal gross monthly minimum wage,Currency: U.S. dollars,2003,48.35,Central tendency measure: Mean of regional minimum wages | Currency: IDN - Indonesian rupiah (IDR),IDN,0.625
Indonesia,ADM - Labour legislation,Statutory nominal gross monthly minimum wage,Currency: U.S. dollars,2002,38.953,Central tendency measure: Mean of regional minimum wages | Currency: IDN - Indonesian rupiah (IDR),IDN,0.617
Indonesia,ADM - Labour legislation,Statutory nominal gross monthly minimum wage,Currency: U.S. dollars,2001,28.311,Central tendency measure: Mean of regional minimum wages | Currency: IDN - Indonesian rupiah (IDR),IDN,0.608
Indonesia,ADM - Labour legislation,Statutory nominal gross monthly minimum wage,Currency: U.S. dollars,2000,25.707,Central tendency measure: Mean of regional minimum wages | Currency: IDN - Indonesian rupiah (IDR),IDN,0.6
India,ADM - Labour legislation,Statutory nominal gross monthly minimum wage,Currency: U.S. dollars,2023,56.029,Type of minimum wage: National floor | Currency: IND - Indian rupee (INR) | ILO calculation: Daily figure multiplied by 6 days and 4.33 weeks,IND,0.685
India,ADM - Labour legislation,Statutory nominal gross monthly minimum wage,Currency: U.S. dollars,2022,58.877,Type of minimum wage: National floor | Currency: IND - Indian rupee (INR) | ILO calculation: Daily figure multiplied by 6 days and 4.33 weeks,IND,0.676
India,ADM - Labour legislation,Statutory nominal gross monthly minimum wage,Currency: U.S. dollars,2021,62.61,Type of minimum wage: National floor | Currency: IND - Indian rupee (INR) | ILO calculation: Daily figure multiplied by 6 days and 4.33 weeks,IND,0.647
India,ADM - Labour legislation,Statutory nominal gross monthly minimum wage,Currency: U.S. dollars,2020,62.456,Type of minimum wage: National floor | Currency: IND - Indian rupee (INR) | ILO calculation: Daily figure multiplied by 6 days and 4.33 weeks,IND,0.652
India,ADM - Labour legislation,Statutory nominal gross monthly minimum wage,Currency: U.S. dollars,2019,65.72,Type of minimum wage: National floor | Currency: IND - Indian rupee (INR) | ILO calculation: Daily figure multiplied by 6 days and 4.33 weeks,IND,0.651
India,ADM - Labour legislation,Statutory nominal gross monthly minimum wage,Currency: U.S. dollars,2018,66.911,Type of minimum wage: National floor | Currency: IND - Indian rupee (INR) | ILO calculation: Daily figure multiplied by 6 days and 4.33 weeks,IND,0.648
India,ADM - Labour legislation,Statutory nominal gross monthly minimum wage,Currency: U.S. dollars,2017,70.269,Type of minimum wage: National floor | Currency: IND - Indian rupee (INR) | ILO calculation: Daily figure multiplied by 6 days and 4.33 weeks,IND,0.649
India,ADM - Labour legislation,Statutory nominal gross monthly minimum wage,Currency: U.S. dollars,2016,61.909,Type of minimum wage: National floor | Currency: IND - Indian rupee (INR) | ILO calculation: Daily figure multiplied by 6 days and 4.33 weeks,IND,0.644
India,ADM - Labour legislation,Statutory nominal gross monthly minimum wage,Currency: U.S. dollars,2015,64.846,Type of minimum wage: National floor | Currency: IND - Indian rupee (INR) | ILO calculation: Daily figure multiplied by 6 days and 4.33 weeks,IND,0.633
India,ADM - Labour legislation,Statutory nominal gross monthly minimum wage,Currency: U.S. dollars,2014,58.365,Type of minimum wage: National floor | Currency: IND - Indian rupee (INR) | ILO calculation: Daily figure multiplied by 6 days and 4.33 weeks,IND,0.625
India,ADM - Labour legislation,Statutory nominal gross monthly minimum wage,Currency: U.S. dollars,2013,60.787,Type of minimum wage: National floor | Currency: IND - Indian rupee (INR) | ILO calculation: Daily figure multiplied by 6 days and 4.33 weeks,IND,0.615
India,ADM - Labour legislation,Statutory nominal gross monthly minimum wage,Currency: U.S. dollars,2012,55.953,Type of minimum wage: National floor | Currency: IND - Indian rupee (INR) | ILO calculation: Daily figure multiplied by 6 days and 4.33 weeks,IND,0.609
India,ADM - Labour legislation,Statutory nominal gross monthly minimum wage,Currency: U.S. dollars,2011,64.066,Type of minimum wage: National floor | Currency: IND - Indian rupee (INR) | ILO calculation: Daily figure multiplied by 6 days and 4.33 weeks,IND,0.603
India,ADM - Labour legislation,Statutory nominal gross monthly minimum wage,Currency: U.S. dollars,2010,56.861,Type of minimum wage: National floor | Currency: IND - Indian rupee (INR) | ILO calculation: Daily figure multiplied by 6 days and 4.33 weeks,IND,0.59
India,ADM - Labour legislation,Statutory nominal gross monthly minimum wage,Currency: U.S. dollars,2009,42.971,Type of minimum wage: National floor | Currency: IND - Indian rupee (INR) | ILO calculation: Daily figure multiplied by 6 days and 4.33 weeks,IND,0.579
India,ADM - Labour legislation,Statutory nominal gross monthly minimum wage,Currency: U.S. dollars,2008,47.81,Type of minimum wage: National floor | Currency: IND - Indian rupee (INR) | ILO calculation: Daily figure multiplied by 6 days and 4.33 weeks,IND,0.574
India,ADM - Labour legislation,Statutory nominal gross monthly minimum wage,Currency: U.S. dollars,2007,41.501,Components of earnings/wages: Non-binding minimum wage | Currency: IND - Indian rupee (INR),IND,0.566
India,ADM - Labour legislation,Statutory nominal gross monthly minimum wage,Currency: U.S. dollars,2006,37.875,Components of earnings/wages: Non-binding minimum wage | Currency: IND - Indian rupee (INR),IND,0.557
India,ADM - Labour legislation,Statutory nominal gross monthly minimum wage,Currency: U.S. dollars,2005,38.912,Components of earnings/wages: Non-binding minimum wage | Currency: IND - Indian rupee (INR),IND,0.547
India,ADM - Labour legislation,Statutory nominal gross monthly minimum wage,Currency: U.S. dollars,2004,37.867,Components of earnings/wages: Non-binding minimum wage | Currency: IND - Indian rupee (INR),IND,0.538
India,ADM - Labour legislation,Statutory nominal gross monthly minimum wage,Currency: U.S. dollars,2003,27.907,Components of earnings/wages: Non-binding minimum wage | Currency: IND - Indian rupee (INR),IND,0.529
India,ADM - Labour legislation,Statutory nominal gross monthly minimum wage,Currency: U.S. dollars,2002,26.743,Components of earnings/wages: Non-binding minimum wage | Currency: IND - Indian rupee (INR),IND,0.516
India,ADM - Labour legislation,Statutory nominal gross monthly minimum wage,Currency: U.S. dollars,2001,24.795,Components of earnings/wages: Non-binding minimum wage | Currency: IND - Indian rupee (INR),IND,0.511
India,ADM - Labour legislation,Statutory nominal gross monthly minimum wage,Currency: U.S. dollars,2000,26.034,Currency: IND - Indian rupee (INR),IND,0.501
Ireland,ADM - Labour legislation,Statutory nominal gross monthly minimum wage,Currency: U.S. dollars,2023,2065.223,Type of minimum wage: Singular national minimum wage | Currency: IRL - Euro (EUR),IRL,0.949
Ireland,ADM - Labour legislation,Statutory nominal gross monthly minimum wage,Currency: U.S. dollars,2022,1869.161,Type of minimum wage: Singular national minimum wage | Currency: IRL - Euro (EUR),IRL,0.947
Ireland,ADM - Labour legislation,Statutory nominal gross monthly minimum wage,Currency: U.S. dollars,2021,2039.044,Type of minimum wage: Singular national minimum wage | Currency: IRL - Euro (EUR),IRL,0.946
Ireland,ADM - Labour legislation,Statutory nominal gross monthly minimum wage,Currency: U.S. dollars,2020,1949.729,Type of minimum wage: Singular national minimum wage | Currency: IRL - Euro (EUR),IRL,0.948
Ireland,ADM - Labour legislation,Statutory nominal gross monthly minimum wage,Currency: U.S. dollars,2019,1853.85,Type of minimum wage: Singular national minimum wage | Currency: IRL - Euro (EUR),IRL,0.947
Ireland,ADM - Labour legislation,Statutory nominal gross monthly minimum wage,Currency: U.S. dollars,2018,1906.061,Type of minimum wage: Singular national minimum wage | Currency: IRL - Euro (EUR),IRL,0.944
Ireland,ADM - Labour legislation,Statutory nominal gross monthly minimum wage,Currency: U.S. dollars,2017,1765.692,Type of minimum wage: Singular national minimum wage | Currency: IRL - Euro (EUR),IRL,0.941
Ireland,ADM - Labour legislation,Statutory nominal gross monthly minimum wage,Currency: U.S. dollars,2016,1711.272,Type of minimum wage: Singular national minimum wage | Currency: IRL - Euro (EUR),IRL,0.936
Ireland,ADM - Labour legislation,Statutory nominal gross monthly minimum wage,Currency: U.S. dollars,2015,1622.108,Type of minimum wage: Singular national minimum wage | Currency: IRL - Euro (EUR),IRL,0.931
Ireland,ADM - Labour legislation,Statutory nominal gross monthly minimum wage,Currency: U.S. dollars,2014,1942.268,Type of minimum wage: Singular national minimum wage | Currency: IRL - Euro (EUR),IRL,0.921
Ireland,ADM - Labour legislation,Statutory nominal gross monthly minimum wage,Currency: U.S. dollars,2013,1941.709,Type of minimum wage: Singular national minimum wage | Currency: IRL - Euro (EUR),IRL,0.915
Ireland,ADM - Labour legislation,Statutory nominal gross monthly minimum wage,Currency: U.S. dollars,2012,1878.361,Type of minimum wage: Singular national minimum wage | Currency: IRL - Euro (EUR),IRL,0.911
Ireland,ADM - Labour legislation,Statutory nominal gross monthly minimum wage,Currency: U.S. dollars,2011,2035.039,Type of minimum wage: Singular national minimum wage | Currency: IRL - Euro (EUR),IRL,0.909
Ireland,ADM - Labour legislation,Statutory nominal gross monthly minimum wage,Currency: U.S. dollars,2010,1938.198,Type of minimum wage: Singular national minimum wage | Currency: IRL - Euro (EUR),IRL,0.915
Ireland,ADM - Labour legislation,Statutory nominal gross monthly minimum wage,Currency: U.S. dollars,2009,2039.172,Type of minimum wage: Singular national minimum wage | Currency: IRL - Euro (EUR),IRL,0.907
Ireland,ADM - Labour legislation,Statutory nominal gross monthly minimum wage,Currency: U.S. dollars,2008,2150.244,Type of minimum wage: Singular national minimum wage | Currency: IRL - Euro (EUR),IRL,0.907
Ireland,ADM - Labour legislation,Statutory nominal gross monthly minimum wage,Currency: U.S. dollars,2007,2003.639,Type of minimum wage: Singular national minimum wage | Currency: IRL - Euro (EUR),IRL,0.911
Ireland,ADM - Labour legislation,Statutory nominal gross monthly minimum wage,Currency: U.S. dollars,2006,1623.489,Type of minimum wage: Singular national minimum wage | Currency: IRL - Euro (EUR),IRL,0.908
Ireland,ADM - Labour legislation,Statutory nominal gross monthly minimum wage,Currency: U.S. dollars,2005,1608.609,Type of minimum wage: Singular national minimum wage | Currency: IRL - Euro (EUR),IRL,0.905
Ireland,ADM - Labour legislation,Statutory nominal gross monthly minimum wage,Currency: U.S. dollars,2004,1471.536,Type of minimum wage: Singular national minimum wage | Currency: IRL - Euro (EUR),IRL,0.899
Ireland,ADM - Labour legislation,Statutory nominal gross monthly minimum wage,Currency: U.S. dollars,2003,1213.735,Type of minimum wage: Singular national minimum wage | Currency: IRL - Euro (EUR),IRL,0.891
Ireland,ADM - Labour legislation,Statutory nominal gross monthly minimum wage,Currency: U.S. dollars,2002,954.084,Type of minimum wage: Singular national minimum wage | Currency: IRL - Euro (EUR),IRL,0.883
Ireland,ADM - Labour legislation,Statutory nominal gross monthly minimum wage,Currency: U.S. dollars,2001,903.69,Type of minimum wage: Singular national minimum wage | Currency: IRL - Euro (EUR),IRL,0.876
Ireland,ADM - Labour legislation,Statutory nominal gross monthly minimum wage,Currency: U.S. dollars,2000,872.814,Type of minimum wage: Singular national minimum wage | Currency: IRL - Euro (EUR),IRL,0.869
Iran (Islamic Republic of),Other - Annual Review,Statutory nominal gross monthly minimum wage,Currency: U.S. dollars,2023,1263.65,Type of minimum wage: Singular national minimum wage | Currency: IRN - Iranian rial (IRR),IRN,0.799
Iran (Islamic Republic of),Other - Annual Review,Statutory nominal gross monthly minimum wage,Currency: U.S. dollars,2022,632.261,Type of minimum wage: Singular national minimum wage | Currency: IRN - Iranian rial (IRR),IRN,0.793
Iran (Islamic Republic of),Other - Annual Review,Statutory nominal gross monthly minimum wage,Currency: U.S. dollars,2021,632.261,Type of minimum wage: Singular national minimum wage | Currency: IRN - Iranian rial (IRR),IRN,0.777
Iran (Islamic Republic of),Other - Annual Review,Statutory nominal gross monthly minimum wage,Currency: U.S. dollars,2020,436.667,Type of minimum wage: Singular national minimum wage | Currency: IRN - Iranian rial (IRR),IRN,0.775
Iran (Islamic Republic of),Other - Annual Review,Statutory nominal gross monthly minimum wage,Currency: U.S. dollars,2019,361.19,Type of minimum wage: Singular national minimum wage | Currency: IRN - Iranian rial (IRR),IRN,0.787
Iran (Islamic Republic of),Other - Annual Review,Statutory nominal gross monthly minimum wage,Currency: U.S. dollars,2018,271.941,Type of minimum wage: Singular national minimum wage | Currency: IRN - Iranian rial (IRR),IRN,0.79
Iran (Islamic Republic of),Other - Annual Review,Statutory nominal gross monthly minimum wage,Currency: U.S. dollars,2017,279.878,Type of minimum wage: Singular national minimum wage | Currency: IRN - Iranian rial (IRR),IRN,0.793
Iran (Islamic Republic of),Other - Annual Review,Statutory nominal gross monthly minimum wage,Currency: U.S. dollars,2016,300.804,Type of minimum wage: Singular national minimum wage | Currency: IRN - Iranian rial (IRR),IRN,0.791
Iran (Islamic Republic of),Other - Annual Review,Statutory nominal gross monthly minimum wage,Currency: U.S. dollars,2011,311.125,Type of minimum wage: Singular national minimum wage | Currency: IRN - Iranian rial (IRR),IRN,0.787
Iran (Islamic Republic of),Other - Annual Review,Statutory nominal gross monthly minimum wage,Currency: U.S. dollars,2010,295.489,Type of minimum wage: Singular national minimum wage | Currency: IRN - Iranian rial (IRR),IRN,0.778
Iran (Islamic Republic of),Other - Annual Review,Statutory nominal gross monthly minimum wage,Currency: U.S. dollars,2009,267.145,Type of minimum wage: Singular national minimum wage | Currency: IRN - Iranian rial (IRR),IRN,0.771
Iran (Islamic Republic of),Other - Annual Review,Statutory nominal gross monthly minimum wage,Currency: U.S. dollars,2008,232.91,Type of minimum wage: Singular national minimum wage | Currency: IRN - Iranian rial (IRR),IRN,0.765
Iran (Islamic Republic of),Other - Annual Review,Statutory nominal gross monthly minimum wage,Currency: U.S. dollars,2007,197.174,Currency: IRN - Iranian rial (IRR),IRN,0.761
Iran (Islamic Republic of),Other - Annual Review,Statutory nominal gross monthly minimum wage,Currency: U.S. dollars,2006,163.56,Currency: IRN - Iranian rial (IRR),IRN,0.757
Iran (Islamic Republic of),Other - Annual Review,Statutory nominal gross monthly minimum wage,Currency: U.S. dollars,2005,141.32,Currency: IRN - Iranian rial (IRR),IRN,0.746
Iran (Islamic Republic of),Other - Annual Review,Statutory nominal gross monthly minimum wage,Currency: U.S. dollars,2004,123.752,Currency: IRN - Iranian rial (IRR),IRN,0.741
Iran (Islamic Republic of),Other - Annual Review,Statutory nominal gross monthly minimum wage,Currency: U.S. dollars,2003,104.148,Currency: IRN - Iranian rial (IRR),IRN,0.732
Iran (Islamic Republic of),Other - Annual Review,Statutory nominal gross monthly minimum wage,Currency: U.S. dollars,2002,101.123,Currency: IRN - Iranian rial (IRR),IRN,0.727
Iran (Islamic Republic of),Other - Annual Review,Statutory nominal gross monthly minimum wage,Currency: U.S. dollars,2001,323.777,Currency: IRN - Iranian rial (IRR),IRN,0.719
Iran (Islamic Republic of),Other - Annual Review,Statutory nominal gross monthly minimum wage,Currency: U.S. dollars,2000,259.517,Currency: IRN - Iranian rial (IRR),IRN,0.71
Iraq,OE - Official Estimates,Statutory nominal gross monthly minimum wage,Currency: U.S. dollars,2023,266.667,Type of minimum wage: Occupational (unskilled workers) | Currency: IRQ - Iraqi dinar (IQD),IRQ,0.695
Iraq,OE - Official Estimates,Statutory nominal gross monthly minimum wage,Currency: U.S. dollars,2022,241.379,Type of minimum wage: Occupational (unskilled workers) | Currency: IRQ - Iraqi dinar (IQD),IRQ,0.695
Iraq,OE - Official Estimates,Statutory nominal gross monthly minimum wage,Currency: U.S. dollars,2021,241.379,Type of minimum wage: Occupational (unskilled workers) | Currency: IRQ - Iraqi dinar (IQD),IRQ,0.687
Iraq,OE - Official Estimates,Statutory nominal gross monthly minimum wage,Currency: U.S. dollars,2020,293.624,Type of minimum wage: Occupational (unskilled workers) | Currency: IRQ - Iraqi dinar (IQD),IRQ,0.68
Iraq,OE - Official Estimates,Statutory nominal gross monthly minimum wage,Currency: U.S. dollars,2019,296.108,Type of minimum wage: Occupational (unskilled workers) | Currency: IRQ - Iraqi dinar (IQD),IRQ,0.693
Iraq,OE - Official Estimates,Statutory nominal gross monthly minimum wage,Currency: U.S. dollars,2018,295.92,Type of minimum wage: Occupational (unskilled workers) | Currency: IRQ - Iraqi dinar (IQD),IRQ,0.689
Iraq,OE - Official Estimates,Statutory nominal gross monthly minimum wage,Currency: U.S. dollars,2017,295.608,Type of minimum wage: Occupational (unskilled workers) | Currency: IRQ - Iraqi dinar (IQD),IRQ,0.681
Iraq,OE - Official Estimates,Statutory nominal gross monthly minimum wage,Currency: U.S. dollars,2016,211.506,Type of minimum wage: Occupational (unskilled workers) | Currency: IRQ - Iraqi dinar (IQD),IRQ,0.676
Iraq,OE - Official Estimates,Statutory nominal gross monthly minimum wage,Currency: U.S. dollars,2015,214.163,Type of minimum wage: Occupational (unskilled workers) | Currency: IRQ - Iraqi dinar (IQD),IRQ,0.675
Iraq,OE - Official Estimates,Statutory nominal gross monthly minimum wage,Currency: U.S. dollars,2014,145.798,Type of minimum wage: Occupational (unskilled workers) | Currency: IRQ - Iraqi dinar (IQD),IRQ,0.671
Iraq,OE - Official Estimates,Statutory nominal gross monthly minimum wage,Currency: U.S. dollars,2013,214.408,Type of minimum wage: Occupational (unskilled workers) | Currency: IRQ - Iraqi dinar (IQD),IRQ,0.668
Iraq,OE - Official Estimates,Statutory nominal gross monthly minimum wage,Currency: U.S. dollars,2012,102.901,Type of minimum wage: Occupational (unskilled workers) | Currency: IRQ - Iraqi dinar (IQD),IRQ,0.664
Iceland,ADM-CA - Collective agreement between the Confedration of Employers and the Confederation of Labour,Statutory nominal gross monthly minimum wage,Currency: U.S. dollars,2023,2915.952,Type of minimum wage: Sectoral | Currency: ISL - Icelandic króna (ISK),ISL,0.972
Iceland,ADM-CA - Collective agreement between the Confedration of Employers and the Confederation of Labour,Statutory nominal gross monthly minimum wage,Currency: U.S. dollars,2022,2720.286,Type of minimum wage: Sectoral | Currency: ISL - Icelandic króna (ISK),ISL,0.964
Iceland,ADM-CA - Collective agreement between the Confedration of Employers and the Confederation of Labour,Statutory nominal gross monthly minimum wage,Currency: U.S. dollars,2021,2764.022,Type of minimum wage: Sectoral | Central tendency measure: Lowest occupational minimum wage | Working time arrangement coverage: Full-time equivalents | Currency: ISL - Icelandic króna (ISK),ISL,0.967
Iceland,ADM-CA - Collective agreement between the Confedration of Employers and the Confederation of Labour,Statutory nominal gross monthly minimum wage,Currency: U.S. dollars,2020,2473.754,Type of minimum wage: Sectoral | Central tendency measure: Lowest occupational minimum wage | Working time arrangement coverage: Full-time equivalents | Currency: ISL - Icelandic króna (ISK),ISL,0.965
Iceland,ADM-CA - Collective agreement between the Confedration of Employers and the Confederation of Labour,Statutory nominal gross monthly minimum wage,Currency: U.S. dollars,2019,2446.847,Type of minimum wage: Sectoral | Central tendency measure: Lowest occupational minimum wage | Working time arrangement coverage: Full-time equivalents | Currency: ISL - Icelandic króna (ISK),ISL,0.969
Israel,ADM - Labour legislation,Statutory nominal gross monthly minimum wage,Currency: U.S. dollars,2023,1519.275,Type of minimum wage: Singular national minimum wage | Currency: ISR - New Shekel (ILS),ISR,0.919
Israel,ADM - Labour legislation,Statutory nominal gross monthly minimum wage,Currency: U.S. dollars,2022,1577.562,Type of minimum wage: Singular national minimum wage | Currency: ISR - New Shekel (ILS),ISR,0.921
Israel,ADM - Labour legislation,Statutory nominal gross monthly minimum wage,Currency: U.S. dollars,2021,1640.766,Type of minimum wage: Singular national minimum wage | Currency: ISR - New Shekel (ILS),ISR,0.918
Israel,ADM - Labour legislation,Statutory nominal gross monthly minimum wage,Currency: U.S. dollars,2020,1539.621,Type of minimum wage: Singular national minimum wage | Currency: ISR - New Shekel (ILS),ISR,0.912
Israel,ADM - Labour legislation,Statutory nominal gross monthly minimum wage,Currency: U.S. dollars,2019,1486.873,Type of minimum wage: Singular national minimum wage | Currency: ISR - New Shekel (ILS),ISR,0.913
Israel,ADM - Labour legislation,Statutory nominal gross monthly minimum wage,Currency: U.S. dollars,2018,1476.094,Type of minimum wage: Singular national minimum wage | Currency: ISR - New Shekel (ILS),ISR,0.911
Israel,ADM - Labour legislation,Statutory nominal gross monthly minimum wage,Currency: U.S. dollars,2017,1472.404,Type of minimum wage: Singular national minimum wage | Currency: ISR - New Shekel (ILS),ISR,0.908
Israel,ADM - Labour legislation,Statutory nominal gross monthly minimum wage,Currency: U.S. dollars,2016,1256.325,Type of minimum wage: Singular national minimum wage | Currency: ISR - New Shekel (ILS),ISR,0.905
Israel,ADM - Labour legislation,Statutory nominal gross monthly minimum wage,Currency: U.S. dollars,2015,1196.347,Type of minimum wage: Singular national minimum wage | Currency: ISR - New Shekel (ILS),ISR,0.902
Israel,ADM - Labour legislation,Statutory nominal gross monthly minimum wage,Currency: U.S. dollars,2014,1201.814,Type of minimum wage: Singular national minimum wage | Currency: ISR - New Shekel (ILS),ISR,0.902
Israel,ADM - Labour legislation,Statutory nominal gross monthly minimum wage,Currency: U.S. dollars,2013,1190.886,Type of minimum wage: Singular national minimum wage | Currency: ISR - New Shekel (ILS),ISR,0.899
Israel,ADM - Labour legislation,Statutory nominal gross monthly minimum wage,Currency: U.S. dollars,2012,1115.168,Type of minimum wage: Singular national minimum wage | Currency: ISR - New Shekel (ILS),ISR,0.893
Israel,ADM - Labour legislation,Statutory nominal gross monthly minimum wage,Currency: U.S. dollars,2011,1145.85,Type of minimum wage: Singular national minimum wage | Currency: ISR - New Shekel (ILS),ISR,0.892
Israel,ADM - Labour legislation,Statutory nominal gross monthly minimum wage,Currency: U.S. dollars,2010,1029.742,Type of minimum wage: Singular national minimum wage | Currency: ISR - New Shekel (ILS),ISR,0.889
Israel,ADM - Labour legislation,Statutory nominal gross monthly minimum wage,Currency: U.S. dollars,2009,979.108,Type of minimum wage: Singular national minimum wage | Currency: ISR - New Shekel (ILS),ISR,0.884
Israel,ADM - Labour legislation,Statutory nominal gross monthly minimum wage,Currency: U.S. dollars,2008,1073.065,Type of minimum wage: Singular national minimum wage | Currency: ISR - New Shekel (ILS),ISR,0.878
Israel,ADM - Labour legislation,Statutory nominal gross monthly minimum wage,Currency: U.S. dollars,2007,903.098,Currency: ISR - New Shekel (ILS),ISR,0.878
Israel,ADM - Labour legislation,Statutory nominal gross monthly minimum wage,Currency: U.S. dollars,2006,804.568,Currency: ISR - New Shekel (ILS),ISR,0.867
Israel,ADM - Labour legislation,Statutory nominal gross monthly minimum wage,Currency: U.S. dollars,2005,743.142,Currency: ISR - New Shekel (ILS),ISR,0.858
Israel,ADM - Labour legislation,Statutory nominal gross monthly minimum wage,Currency: U.S. dollars,2004,744.09,Currency: ISR - New Shekel (ILS),ISR,0.85
Israel,ADM - Labour legislation,Statutory nominal gross monthly minimum wage,Currency: U.S. dollars,2003,732.302,Currency: ISR - New Shekel (ILS),ISR,0.847
Israel,ADM - Labour legislation,Statutory nominal gross monthly minimum wage,Currency: U.S. dollars,2002,689.557,Currency: ISR - New Shekel (ILS),ISR,0.846
Israel,ADM - Labour legislation,Statutory nominal gross monthly minimum wage,Currency: U.S. dollars,2001,776.812,Currency: ISR - New Shekel (ILS),ISR,0.841
Israel,ADM - Labour legislation,Statutory nominal gross monthly minimum wage,Currency: U.S. dollars,2000,727.191,Currency: ISR - New Shekel (ILS),ISR,0.839
Jamaica,ADM - Labour legislation,Statutory nominal gross monthly minimum wage,Currency: U.S. dollars,2023,365.143,Type of minimum wage: National floor | Currency: JAM - Jamaican dollar (JMD) | ILO calculation: Weekly figure multiplied by 4.33 weeks,JAM,0.72
Jamaica,ADM - Labour legislation,Statutory nominal gross monthly minimum wage,Currency: U.S. dollars,2022,253.997,Type of minimum wage: National floor | Currency: JAM - Jamaican dollar (JMD) | ILO calculation: Weekly figure multiplied by 4.33 weeks,JAM,0.718
Jamaica,ADM - Labour legislation,Statutory nominal gross monthly minimum wage,Currency: U.S. dollars,2021,201.163,Type of minimum wage: National floor | Currency: JAM - Jamaican dollar (JMD) | ILO calculation: Weekly figure multiplied by 4.33 weeks,JAM,0.703
Jamaica,ADM - Labour legislation,Statutory nominal gross monthly minimum wage,Currency: U.S. dollars,2020,213.011,Type of minimum wage: National floor | Currency: JAM - Jamaican dollar (JMD) | ILO calculation: Weekly figure multiplied by 4.33 weeks,JAM,0.711
Jamaica,ADM - Labour legislation,Statutory nominal gross monthly minimum wage,Currency: U.S. dollars,2019,227.536,Type of minimum wage: National floor | Currency: JAM - Jamaican dollar (JMD) | ILO calculation: Weekly figure multiplied by 4.33 weeks,JAM,0.716
Jamaica,ADM - Labour legislation,Statutory nominal gross monthly minimum wage,Currency: U.S. dollars,2018,235.376,Type of minimum wage: National floor | Currency: JAM - Jamaican dollar (JMD) | ILO calculation: Weekly figure multiplied by 4.33 weeks,JAM,0.715
Jamaica,ADM - Labour legislation,Statutory nominal gross monthly minimum wage,Currency: U.S. dollars,2017,209.954,Type of minimum wage: National floor | Currency: JAM - Jamaican dollar (JMD) | ILO calculation: Weekly figure multiplied by 4.33 weeks,JAM,0.715
Jamaica,ADM - Labour legislation,Statutory nominal gross monthly minimum wage,Currency: U.S. dollars,2016,214.77,Type of minimum wage: National floor | Currency: JAM - Jamaican dollar (JMD) | ILO calculation: Weekly figure multiplied by 4.33 weeks,JAM,0.714
Jamaica,ADM - Labour legislation,Statutory nominal gross monthly minimum wage,Currency: U.S. dollars,2015,207.461,Type of minimum wage: National floor | Currency: JAM - Jamaican dollar (JMD) | ILO calculation: Weekly figure multiplied by 4.33 weeks,JAM,0.713
Jamaica,ADM - Labour legislation,Statutory nominal gross monthly minimum wage,Currency: U.S. dollars,2014,218.748,Type of minimum wage: National floor | Currency: JAM - Jamaican dollar (JMD) | ILO calculation: Weekly figure multiplied by 4.33 weeks,JAM,0.712
Jamaica,ADM - Labour legislation,Statutory nominal gross monthly minimum wage,Currency: U.S. dollars,2013,215.808,Type of minimum wage: National floor | Currency: JAM - Jamaican dollar (JMD) | ILO calculation: Weekly figure multiplied by 4.33 weeks,JAM,0.711
Jamaica,ADM - Labour legislation,Statutory nominal gross monthly minimum wage,Currency: U.S. dollars,2012,219.719,Type of minimum wage: National floor | Currency: JAM - Jamaican dollar (JMD) | ILO calculation: Weekly figure multiplied by 4.33 weeks,JAM,0.711
Jamaica,ADM - Labour legislation,Statutory nominal gross monthly minimum wage,Currency: U.S. dollars,2011,205.332,Type of minimum wage: National floor | Currency: JAM - Jamaican dollar (JMD) | ILO calculation: Weekly figure multiplied by 4.33 weeks,JAM,0.711
Jamaica,ADM - Labour legislation,Statutory nominal gross monthly minimum wage,Currency: U.S. dollars,2010,183.877,Type of minimum wage: National floor | Currency: JAM - Jamaican dollar (JMD) | ILO calculation: Weekly figure multiplied by 4.33 weeks,JAM,0.708
Jamaica,ADM - Labour legislation,Statutory nominal gross monthly minimum wage,Currency: U.S. dollars,2009,182.417,Type of minimum wage: National floor | Currency: JAM - Jamaican dollar (JMD) | ILO calculation: Weekly figure multiplied by 4.33 weeks,JAM,0.711
Jamaica,ADM - Labour legislation,Statutory nominal gross monthly minimum wage,Currency: U.S. dollars,2008,220.371,Type of minimum wage: National floor | Currency: JAM - Jamaican dollar (JMD) | ILO calculation: Weekly figure multiplied by 4.33 weeks,JAM,0.711
Jamaica,ADM - Labour legislation,Statutory nominal gross monthly minimum wage,Currency: U.S. dollars,2007,200.413,Currency: JAM - Jamaican dollar (JMD),JAM,0.704
Jamaica,ADM - Labour legislation,Statutory nominal gross monthly minimum wage,Currency: U.S. dollars,2006,184.55,Currency: JAM - Jamaican dollar (JMD),JAM,0.696
Jamaica,ADM - Labour legislation,Statutory nominal gross monthly minimum wage,Currency: U.S. dollars,2005,166.986,Currency: JAM - Jamaican dollar (JMD),JAM,0.687
Jamaica,ADM - Labour legislation,Statutory nominal gross monthly minimum wage,Currency: U.S. dollars,2004,141.624,Currency: JAM - Jamaican dollar (JMD),JAM,0.684
Jamaica,ADM - Labour legislation,Statutory nominal gross monthly minimum wage,Currency: U.S. dollars,2003,135.086,Currency: JAM - Jamaican dollar (JMD),JAM,0.668
Jamaica,ADM - Labour legislation,Statutory nominal gross monthly minimum wage,Currency: U.S. dollars,2002,161.104,Currency: JAM - Jamaican dollar (JMD),JAM,0.672
Jamaica,ADM - Labour legislation,Statutory nominal gross monthly minimum wage,Currency: U.S. dollars,2001,113.053,Currency: JAM - Jamaican dollar (JMD),JAM,0.668
Jamaica,ADM - Labour legislation,Statutory nominal gross monthly minimum wage,Currency: U.S. dollars,2000,120.97,Currency: JAM - Jamaican dollar (JMD),JAM,0.659
Jordan,ADM - Labour legislation,Statutory nominal gross monthly minimum wage,Currency: U.S. dollars,2023,366.197,Type of minimum wage: National floor | Currency: JOR - Jordanian dinar (JOD),JOR,0.754
Jordan,ADM - Labour legislation,Statutory nominal gross monthly minimum wage,Currency: U.S. dollars,2022,366.197,Type of minimum wage: National floor | Currency: JOR - Jordanian dinar (JOD),JOR,0.751
Jordan,ADM - Labour legislation,Statutory nominal gross monthly minimum wage,Currency: U.S. dollars,2021,366.197,Type of minimum wage: National floor | Currency: JOR - Jordanian dinar (JOD),JOR,0.736
Jordan,ADM - Labour legislation,Statutory nominal gross monthly minimum wage,Currency: U.S. dollars,2020,309.859,Type of minimum wage: National floor | Currency: JOR - Jordanian dinar (JOD),JOR,0.743
Jordan,ADM - Labour legislation,Statutory nominal gross monthly minimum wage,Currency: U.S. dollars,2019,309.859,Type of minimum wage: National floor | Currency: JOR - Jordanian dinar (JOD),JOR,0.75
Jordan,ADM - Labour legislation,Statutory nominal gross monthly minimum wage,Currency: U.S. dollars,2018,309.859,Type of minimum wage: National floor | Currency: JOR - Jordanian dinar (JOD),JOR,0.747
Jordan,ADM - Labour legislation,Statutory nominal gross monthly minimum wage,Currency: U.S. dollars,2017,309.859,Type of minimum wage: National floor | Currency: JOR - Jordanian dinar (JOD),JOR,0.747
Jordan,ADM - Labour legislation,Statutory nominal gross monthly minimum wage,Currency: U.S. dollars,2016,267.606,Type of minimum wage: National floor | Currency: JOR - Jordanian dinar (JOD),JOR,0.745
Jordan,ADM - Labour legislation,Statutory nominal gross monthly minimum wage,Currency: U.S. dollars,2015,267.606,Type of minimum wage: National floor | Currency: JOR - Jordanian dinar (JOD),JOR,0.743
Jordan,ADM - Labour legislation,Statutory nominal gross monthly minimum wage,Currency: U.S. dollars,2014,267.606,Type of minimum wage: National floor | Currency: JOR - Jordanian dinar (JOD),JOR,0.742
Jordan,ADM - Labour legislation,Statutory nominal gross monthly minimum wage,Currency: U.S. dollars,2013,267.606,Type of minimum wage: National floor | Currency: JOR - Jordanian dinar (JOD),JOR,0.742
Jordan,ADM - Labour legislation,Statutory nominal gross monthly minimum wage,Currency: U.S. dollars,2012,267.606,Type of minimum wage: National floor | Currency: JOR - Jordanian dinar (JOD),JOR,0.74
Jordan,ADM - Labour legislation,Statutory nominal gross monthly minimum wage,Currency: U.S. dollars,2011,211.268,Type of minimum wage: National floor | Currency: JOR - Jordanian dinar (JOD),JOR,0.734
Jordan,ADM - Labour legislation,Statutory nominal gross monthly minimum wage,Currency: U.S. dollars,2010,211.268,Type of minimum wage: National floor | Currency: JOR - Jordanian dinar (JOD),JOR,0.732
Jordan,ADM - Labour legislation,Statutory nominal gross monthly minimum wage,Currency: U.S. dollars,2009,211.268,Type of minimum wage: National floor | Currency: JOR - Jordanian dinar (JOD),JOR,0.735
Jordan,ADM - Labour legislation,Statutory nominal gross monthly minimum wage,Currency: U.S. dollars,2008,155.002,Type of minimum wage: National floor | Currency: JOR - Jordanian dinar (JOD),JOR,0.733
Jordan,ADM - Labour legislation,Statutory nominal gross monthly minimum wage,Currency: U.S. dollars,2007,155.148,Currency: JOR - Jordanian dinar (JOD),JOR,0.725
Jordan,ADM - Labour legislation,Statutory nominal gross monthly minimum wage,Currency: U.S. dollars,2006,155.148,Currency: JOR - Jordanian dinar (JOD),JOR,0.719
Jordan,ADM - Labour legislation,Statutory nominal gross monthly minimum wage,Currency: U.S. dollars,2005,133.992,Currency: JOR - Jordanian dinar (JOD),JOR,0.713
Jordan,ADM - Labour legislation,Statutory nominal gross monthly minimum wage,Currency: U.S. dollars,2004,119.887,Currency: JOR - Jordanian dinar (JOD),JOR,0.705
Jordan,ADM - Labour legislation,Statutory nominal gross monthly minimum wage,Currency: U.S. dollars,2003,119.887,Currency: JOR - Jordanian dinar (JOD),JOR,0.693
Jordan,ADM - Labour legislation,Statutory nominal gross monthly minimum wage,Currency: U.S. dollars,2002,119.887,Currency: JOR - Jordanian dinar (JOD),JOR,0.686
Jordan,ADM - Labour legislation,Statutory nominal gross monthly minimum wage,Currency: U.S. dollars,2001,112.838,Currency: JOR - Jordanian dinar (JOD),JOR,0.679
Jordan,ADM - Labour legislation,Statutory nominal gross monthly minimum wage,Currency: U.S. dollars,2000,112.835,Currency: JOR - Jordanian dinar (JOD),JOR,0.672
Japan,ADM - Labour legislation,Statutory nominal gross monthly minimum wage,Currency: U.S. dollars,2023,1237.75,Type of minimum wage: Regional | Currency: JPN - Yen (JPY) | ILO calculation: Hourly figure multiplied by 40 hours and 4.33 weeks,JPN,0.925
Japan,ADM - Labour legislation,Statutory nominal gross monthly minimum wage,Currency: U.S. dollars,2022,1266.735,Type of minimum wage: Regional | Currency: JPN - Yen (JPY) | ILO calculation: Hourly figure multiplied by 40 hours and 4.33 weeks,JPN,0.921
Japan,ADM - Labour legislation,Statutory nominal gross monthly minimum wage,Currency: U.S. dollars,2021,1468.735,Type of minimum wage: Regional | Currency: JPN - Yen (JPY) | ILO calculation: Hourly figure multiplied by 40 hours and 4.33 weeks,JPN,0.922
Japan,ADM - Labour legislation,Statutory nominal gross monthly minimum wage,Currency: U.S. dollars,2020,1464.269,Type of minimum wage: Regional | Currency: JPN - Yen (JPY) | ILO calculation: Hourly figure multiplied by 40 hours and 4.33 weeks,JPN,0.922
Japan,ADM - Labour legislation,Statutory nominal gross monthly minimum wage,Currency: U.S. dollars,2019,1432.656,Type of minimum wage: Regional | Currency: JPN - Yen (JPY) | ILO calculation: Hourly figure multiplied by 40 hours and 4.33 weeks,JPN,0.922
Japan,ADM - Labour legislation,Statutory nominal gross monthly minimum wage,Currency: U.S. dollars,2018,1371.934,Type of minimum wage: Regional | Currency: JPN - Yen (JPY) | ILO calculation: Hourly figure multiplied by 40 hours and 4.33 weeks,JPN,0.921
Japan,ADM - Labour legislation,Statutory nominal gross monthly minimum wage,Currency: U.S. dollars,2017,1310.437,Type of minimum wage: Regional | Currency: JPN - Yen (JPY) | ILO calculation: Hourly figure multiplied by 40 hours and 4.33 weeks,JPN,0.92
Japan,ADM - Labour legislation,Statutory nominal gross monthly minimum wage,Currency: U.S. dollars,2016,1311.237,Type of minimum wage: Regional | Currency: JPN - Yen (JPY) | ILO calculation: Hourly figure multiplied by 40 hours and 4.33 weeks,JPN,0.918
Japan,ADM - Labour legislation,Statutory nominal gross monthly minimum wage,Currency: U.S. dollars,2015,1142.725,Type of minimum wage: Regional | Currency: JPN - Yen (JPY) | ILO calculation: Hourly figure multiplied by 40 hours and 4.33 weeks,JPN,0.917
Japan,ADM - Labour legislation,Statutory nominal gross monthly minimum wage,Currency: U.S. dollars,2014,1276.137,Type of minimum wage: Regional | Currency: JPN - Yen (JPY) | ILO calculation: Hourly figure multiplied by 40 hours and 4.33 weeks,JPN,0.914
Japan,ADM - Labour legislation,Statutory nominal gross monthly minimum wage,Currency: U.S. dollars,2013,1356.891,Type of minimum wage: Regional | Currency: JPN - Yen (JPY) | ILO calculation: Hourly figure multiplied by 40 hours and 4.33 weeks,JPN,0.912
Japan,ADM - Labour legislation,Statutory nominal gross monthly minimum wage,Currency: U.S. dollars,2012,1627.095,Type of minimum wage: Regional | Currency: JPN - Yen (JPY) | ILO calculation: Hourly figure multiplied by 40 hours and 4.33 weeks,JPN,0.909
Japan,ADM - Labour legislation,Statutory nominal gross monthly minimum wage,Currency: U.S. dollars,2011,1600.695,Type of minimum wage: Regional | Currency: JPN - Yen (JPY) | ILO calculation: Hourly figure multiplied by 40 hours and 4.33 weeks,JPN,0.906
Japan,ADM - Labour legislation,Statutory nominal gross monthly minimum wage,Currency: U.S. dollars,2010,1441.485,Type of minimum wage: Regional | Currency: JPN - Yen (JPY) | ILO calculation: Hourly figure multiplied by 40 hours and 4.33 weeks,JPN,0.907
Japan,ADM - Labour legislation,Statutory nominal gross monthly minimum wage,Currency: U.S. dollars,2009,1320.792,Type of minimum wage: Regional | Currency: JPN - Yen (JPY) | ILO calculation: Hourly figure multiplied by 40 hours and 4.33 weeks,JPN,0.905
Japan,ADM - Labour legislation,Statutory nominal gross monthly minimum wage,Currency: U.S. dollars,2008,1178.927,Type of minimum wage: Regional | Currency: JPN - Yen (JPY) | ILO calculation: Hourly figure multiplied by 40 hours and 4.33 weeks,JPN,0.905
Japan,ADM - Labour legislation,Statutory nominal gross monthly minimum wage,Currency: U.S. dollars,2007,1011.265,Type of minimum wage: Regional | Central tendency measure: Mean of regional minimum wages | Currency: JPN - Yen (JPY),JPN,0.905
Japan,ADM - Labour legislation,Statutory nominal gross monthly minimum wage,Currency: U.S. dollars,2006,1003.044,Type of minimum wage: Regional | Central tendency measure: Mean of regional minimum wages | Currency: JPN - Yen (JPY),JPN,0.903
Japan,ADM - Labour legislation,Statutory nominal gross monthly minimum wage,Currency: U.S. dollars,2005,1050.522,Type of minimum wage: Regional | Central tendency measure: Mean of regional minimum wages | Currency: JPN - Yen (JPY),JPN,0.9
Japan,ADM - Labour legislation,Statutory nominal gross monthly minimum wage,Currency: U.S. dollars,2004,1065.384,Type of minimum wage: Regional | Central tendency measure: Mean of regional minimum wages | Currency: JPN - Yen (JPY),JPN,0.899
Japan,ADM - Labour legislation,Statutory nominal gross monthly minimum wage,Currency: U.S. dollars,2003,992.753,Type of minimum wage: Regional | Central tendency measure: Mean of regional minimum wages | Currency: JPN - Yen (JPY),JPN,0.896
Japan,ADM - Labour legislation,Statutory nominal gross monthly minimum wage,Currency: U.S. dollars,2002,916.515,Type of minimum wage: Regional | Central tendency measure: Mean of regional minimum wages | Currency: JPN - Yen (JPY),JPN,0.894
Japan,ADM - Labour legislation,Statutory nominal gross monthly minimum wage,Currency: U.S. dollars,2001,945.618,Type of minimum wage: Regional | Central tendency measure: Mean of regional minimum wages | Currency: JPN - Yen (JPY),JPN,0.892
Japan,ADM - Labour legislation,Statutory nominal gross monthly minimum wage,Currency: U.S. dollars,2000,1059.956,Type of minimum wage: Regional | Central tendency measure: Mean of regional minimum wages | Currency: JPN - Yen (JPY),JPN,0.889
Kazakhstan,ADM - Labour legislation,Statutory nominal gross monthly minimum wage,Currency: U.S. dollars,2023,153.453,Type of minimum wage: Singular national minimum wage | Currency: KAZ - Tenge (KZT),KAZ,0.837
Kazakhstan,ADM - Labour legislation,Statutory nominal gross monthly minimum wage,Currency: U.S. dollars,2022,130.388,Type of minimum wage: Singular national minimum wage | Currency: KAZ - Tenge (KZT),KAZ,0.831
Kazakhstan,ADM - Labour legislation,Statutory nominal gross monthly minimum wage,Currency: U.S. dollars,2021,99.787,Type of minimum wage: Singular national minimum wage | Currency: KAZ - Tenge (KZT),KAZ,0.816
Kazakhstan,ADM - Labour legislation,Statutory nominal gross monthly minimum wage,Currency: U.S. dollars,2020,102.917,Type of minimum wage: Singular national minimum wage | Currency: KAZ - Tenge (KZT),KAZ,0.826
Kazakhstan,ADM - Labour legislation,Statutory nominal gross monthly minimum wage,Currency: U.S. dollars,2019,111.039,Type of minimum wage: Singular national minimum wage | Currency: KAZ - Tenge (KZT),KAZ,0.834
Kazakhstan,ADM - Labour legislation,Statutory nominal gross monthly minimum wage,Currency: U.S. dollars,2018,82.053,Type of minimum wage: Singular national minimum wage | Currency: KAZ - Tenge (KZT),KAZ,0.828
Kazakhstan,ADM - Labour legislation,Statutory nominal gross monthly minimum wage,Currency: U.S. dollars,2017,75.027,Type of minimum wage: Singular national minimum wage | Currency: KAZ - Tenge (KZT),KAZ,0.824
Kazakhstan,ADM - Labour legislation,Statutory nominal gross monthly minimum wage,Currency: U.S. dollars,2016,66.808,Type of minimum wage: Singular national minimum wage | Currency: KAZ - Tenge (KZT),KAZ,0.82
Kazakhstan,ADM - Labour legislation,Statutory nominal gross monthly minimum wage,Currency: U.S. dollars,2015,96.352,Type of minimum wage: Singular national minimum wage | Currency: KAZ - Tenge (KZT),KAZ,0.819
Kazakhstan,ADM - Labour legislation,Statutory nominal gross monthly minimum wage,Currency: U.S. dollars,2014,111.423,Type of minimum wage: Singular national minimum wage | Currency: KAZ - Tenge (KZT),KAZ,0.813
Kazakhstan,ADM - Labour legislation,Statutory nominal gross monthly minimum wage,Currency: U.S. dollars,2013,122.659,Type of minimum wage: Singular national minimum wage | Currency: KAZ - Tenge (KZT),KAZ,0.808
Kazakhstan,ADM - Labour legislation,Statutory nominal gross monthly minimum wage,Currency: U.S. dollars,2012,116.952,Type of minimum wage: Singular national minimum wage | Currency: KAZ - Tenge (KZT),KAZ,0.799
Kazakhstan,ADM - Labour legislation,Statutory nominal gross monthly minimum wage,Currency: U.S. dollars,2011,109.118,Type of minimum wage: Singular national minimum wage | Currency: KAZ - Tenge (KZT),KAZ,0.79
Kazakhstan,ADM - Labour legislation,Statutory nominal gross monthly minimum wage,Currency: U.S. dollars,2010,101.469,Type of minimum wage: Singular national minimum wage | Currency: KAZ - Tenge (KZT),KAZ,0.781
Kazakhstan,ADM - Labour legislation,Statutory nominal gross monthly minimum wage,Currency: U.S. dollars,2009,91.324,Type of minimum wage: Singular national minimum wage | Currency: KAZ - Tenge (KZT),KAZ,0.774
Kazakhstan,ADM - Labour legislation,Statutory nominal gross monthly minimum wage,Currency: U.S. dollars,2008,87.407,Type of minimum wage: Singular national minimum wage | Currency: KAZ - Tenge (KZT),KAZ,0.771
Kazakhstan,ADM - Labour legislation,Statutory nominal gross monthly minimum wage,Currency: U.S. dollars,2007,79.573,Central tendency measure: Minimum | Working time arrangement coverage: Full-time and part time workers | Currency: KAZ - Tenge (KZT),KAZ,0.772
Kazakhstan,ADM - Labour legislation,Statutory nominal gross monthly minimum wage,Currency: U.S. dollars,2006,72.964,Central tendency measure: Minimum | Working time arrangement coverage: Full-time and part time workers | Currency: KAZ - Tenge (KZT),KAZ,0.765
Kazakhstan,ADM - Labour legislation,Statutory nominal gross monthly minimum wage,Currency: U.S. dollars,2005,69.235,Central tendency measure: Minimum | Working time arrangement coverage: Full-time and part time workers | Currency: KAZ - Tenge (KZT),KAZ,0.754
Kazakhstan,ADM - Labour legislation,Statutory nominal gross monthly minimum wage,Currency: U.S. dollars,2004,48.517,Central tendency measure: Minimum | Working time arrangement coverage: Full-time and part time workers | Currency: KAZ - Tenge (KZT),KAZ,0.743
Kazakhstan,ADM - Labour legislation,Statutory nominal gross monthly minimum wage,Currency: U.S. dollars,2003,33.428,Central tendency measure: Minimum | Working time arrangement coverage: Full-time and part time workers | Currency: KAZ - Tenge (KZT),KAZ,0.732
Kazakhstan,ADM - Labour legislation,Statutory nominal gross monthly minimum wage,Currency: U.S. dollars,2002,27.277,Central tendency measure: Minimum | Working time arrangement coverage: Full-time and part time workers | Currency: KAZ - Tenge (KZT),KAZ,0.72
Kazakhstan,ADM - Labour legislation,Statutory nominal gross monthly minimum wage,Currency: U.S. dollars,2001,23.743,Central tendency measure: Minimum | Working time arrangement coverage: Full-time and part time workers | Currency: KAZ - Tenge (KZT),KAZ,0.707
Kazakhstan,ADM - Labour legislation,Statutory nominal gross monthly minimum wage,Currency: U.S. dollars,2000,18.855,Central tendency measure: Minimum | Working time arrangement coverage: Full-time and part time workers | Currency: KAZ - Tenge (KZT),KAZ,0.692
Kenya,ADM - Labour legislation,Statutory nominal gross monthly minimum wage,Currency: U.S. dollars,2023,114.648,Type of minimum wage: Occupational | Currency: KEN - Kenyan shilling (KES),KEN,0.628
Kenya,ADM - Labour legislation,Statutory nominal gross monthly minimum wage,Currency: U.S. dollars,2022,136.029,Type of minimum wage: Occupational | Currency: KEN - Kenyan shilling (KES),KEN,0.626
Kenya,ADM - Labour legislation,Statutory nominal gross monthly minimum wage,Currency: U.S. dollars,2021,130.569,Type of minimum wage: Occupational | Currency: KEN - Kenyan shilling (KES),KEN,0.608
Kenya,ADM - Labour legislation,Statutory nominal gross monthly minimum wage,Currency: U.S. dollars,2020,134.478,Type of minimum wage: Occupational | Currency: KEN - Kenyan shilling (KES),KEN,0.6
Kenya,ADM - Labour legislation,Statutory nominal gross monthly minimum wage,Currency: U.S. dollars,2019,140.358,Type of minimum wage: Occupational | Currency: KEN - Kenyan shilling (KES),KEN,0.611
Kenya,ADM - Labour legislation,Statutory nominal gross monthly minimum wage,Currency: U.S. dollars,2018,141.314,Type of minimum wage: Occupational | Currency: KEN - Kenyan shilling (KES),KEN,0.605
Kenya,ADM - Labour legislation,Statutory nominal gross monthly minimum wage,Currency: U.S. dollars,2017,131.84,Type of minimum wage: Occupational | Currency: KEN - Kenyan shilling (KES),KEN,0.599
Kenya,ADM - Labour legislation,Statutory nominal gross monthly minimum wage,Currency: U.S. dollars,2016,113.827,Type of minimum wage: Occupational | Currency: KEN - Kenyan shilling (KES),KEN,0.594
Kenya,ADM - Labour legislation,Statutory nominal gross monthly minimum wage,Currency: U.S. dollars,2015,117.683,Type of minimum wage: Occupational | Currency: KEN - Kenyan shilling (KES),KEN,0.583
Kenya,ADM - Labour legislation,Statutory nominal gross monthly minimum wage,Currency: U.S. dollars,2014,117.331,Type of minimum wage: Occupational | Currency: KEN - Kenyan shilling (KES),KEN,0.576
Kenya,ADM - Labour legislation,Statutory nominal gross monthly minimum wage,Currency: U.S. dollars,2013,119.782,Type of minimum wage: Occupational | Currency: KEN - Kenyan shilling (KES),KEN,0.57
Kenya,ADM - Labour legislation,Statutory nominal gross monthly minimum wage,Currency: U.S. dollars,2012,107.051,Type of minimum wage: Occupational | Currency: KEN - Kenyan shilling (KES),KEN,0.565
Kenya,ADM - Labour legislation,Statutory nominal gross monthly minimum wage,Currency: U.S. dollars,2011,90.09,Type of minimum wage: Occupational | Currency: KEN - Kenyan shilling (KES),KEN,0.56
Kenya,ADM - Labour legislation,Statutory nominal gross monthly minimum wage,Currency: U.S. dollars,2010,89.76,Type of minimum wage: Occupational | Currency: KEN - Kenyan shilling (KES),KEN,0.552
Kenya,ADM - Labour legislation,Statutory nominal gross monthly minimum wage,Currency: U.S. dollars,2009,70.832,Type of minimum wage: Occupational | Currency: KEN - Kenyan shilling (KES),KEN,0.553
Kenya,ADM - Labour legislation,Statutory nominal gross monthly minimum wage,Currency: U.S. dollars,2008,79.204,Type of minimum wage: Occupational | Currency: KEN - Kenyan shilling (KES) | Break in series: Change in definition or concept,KEN,0.553
Kenya,ADM - Labour legislation,Statutory nominal gross monthly minimum wage,Currency: U.S. dollars,2007,121.38,Type of minimum wage: Occupational | Currency: KEN - Kenyan shilling (KES),KEN,0.548
Kenya,ADM - Labour legislation,Statutory nominal gross monthly minimum wage,Currency: U.S. dollars,2006,113.327,Type of minimum wage: Occupational | Currency: KEN - Kenyan shilling (KES),KEN,0.541
Kenya,ADM - Labour legislation,Statutory nominal gross monthly minimum wage,Currency: U.S. dollars,2005,96.553,Type of minimum wage: Occupational | Currency: KEN - Kenyan shilling (KES),KEN,0.532
Kenya,ADM - Labour legislation,Statutory nominal gross monthly minimum wage,Currency: U.S. dollars,2004,86.114,Type of minimum wage: Occupational | Currency: KEN - Kenyan shilling (KES),KEN,0.526
Kenya,ADM - Labour legislation,Statutory nominal gross monthly minimum wage,Currency: U.S. dollars,2003,80.884,Type of minimum wage: Occupational | Currency: KEN - Kenyan shilling (KES),KEN,0.515
Kenya,ADM - Labour legislation,Statutory nominal gross monthly minimum wage,Currency: U.S. dollars,2002,70.274,Type of minimum wage: Occupational | Currency: KEN - Kenyan shilling (KES),KEN,0.504
Kenya,ADM - Labour legislation,Statutory nominal gross monthly minimum wage,Currency: U.S. dollars,2001,61.212,Type of minimum wage: Occupational | Currency: KEN - Kenyan shilling (KES),KEN,0.505
Kenya,ADM - Labour legislation,Statutory nominal gross monthly minimum wage,Currency: U.S. dollars,2000,63.13,Type of minimum wage: Occupational | Currency: KEN - Kenyan shilling (KES),KEN,0.5
Kyrgyzstan,ADM - Labour legislation,Statutory nominal gross monthly minimum wage,Currency: U.S. dollars,2023,26.6,Type of minimum wage: Singular national minimum wage | Currency: KGZ - Kyrgyzstani som (KGS),KGZ,0.72
Kyrgyzstan,ADM - Labour legislation,Statutory nominal gross monthly minimum wage,Currency: U.S. dollars,2022,27.783,Type of minimum wage: Singular national minimum wage | Currency: KGZ - Kyrgyzstani som (KGS),KGZ,0.717
Kyrgyzstan,ADM - Labour legislation,Statutory nominal gross monthly minimum wage,Currency: U.S. dollars,2021,21.904,Type of minimum wage: Singular national minimum wage | Currency: KGZ - Kyrgyzstani som (KGS),KGZ,0.704
Kyrgyzstan,ADM - Labour legislation,Statutory nominal gross monthly minimum wage,Currency: U.S. dollars,2020,23.97,Type of minimum wage: Singular national minimum wage | Currency: KGZ - Kyrgyzstani som (KGS),KGZ,0.7
Kyrgyzstan,ADM - Labour legislation,Statutory nominal gross monthly minimum wage,Currency: U.S. dollars,2019,25.076,Type of minimum wage: Singular national minimum wage | Currency: KGZ - Kyrgyzstani som (KGS),KGZ,0.708
Kyrgyzstan,ADM - Labour legislation,Statutory nominal gross monthly minimum wage,Currency: U.S. dollars,2018,24.143,Type of minimum wage: Singular national minimum wage | Currency: KGZ - Kyrgyzstani som (KGS),KGZ,0.708
Kyrgyzstan,ADM - Labour legislation,Statutory nominal gross monthly minimum wage,Currency: U.S. dollars,2017,17.425,Type of minimum wage: Singular national minimum wage | Currency: KGZ - Kyrgyzstani som (KGS),KGZ,0.704
Kyrgyzstan,ADM - Labour legislation,Statutory nominal gross monthly minimum wage,Currency: U.S. dollars,2016,15.162,Type of minimum wage: Singular national minimum wage | Currency: KGZ - Kyrgyzstani som (KGS),KGZ,0.7
Kyrgyzstan,ADM - Labour legislation,Statutory nominal gross monthly minimum wage,Currency: U.S. dollars,2015,15.048,Type of minimum wage: Singular national minimum wage | Currency: KGZ - Kyrgyzstani som (KGS),KGZ,0.695
Kyrgyzstan,ADM - Labour legislation,Statutory nominal gross monthly minimum wage,Currency: U.S. dollars,2014,16.774,Type of minimum wage: Singular national minimum wage | Currency: KGZ - Kyrgyzstani som (KGS),KGZ,0.691
Kyrgyzstan,ADM - Labour legislation,Statutory nominal gross monthly minimum wage,Currency: U.S. dollars,2013,17.342,Type of minimum wage: Singular national minimum wage | Currency: KGZ - Kyrgyzstani som (KGS),KGZ,0.686
Kyrgyzstan,ADM - Labour legislation,Statutory nominal gross monthly minimum wage,Currency: U.S. dollars,2012,16.169,Type of minimum wage: Singular national minimum wage | Currency: KGZ - Kyrgyzstani som (KGS),KGZ,0.679
Kyrgyzstan,ADM - Labour legislation,Statutory nominal gross monthly minimum wage,Currency: U.S. dollars,2011,14.953,Type of minimum wage: Singular national minimum wage | Currency: KGZ - Kyrgyzstani som (KGS),KGZ,0.67
Kyrgyzstan,ADM - Labour legislation,Statutory nominal gross monthly minimum wage,Currency: U.S. dollars,2010,10.878,Type of minimum wage: Singular national minimum wage | Currency: KGZ - Kyrgyzstani som (KGS),KGZ,0.668
Kyrgyzstan,ADM - Labour legislation,Statutory nominal gross monthly minimum wage,Currency: U.S. dollars,2009,6.992,Type of minimum wage: Singular national minimum wage | Currency: KGZ - Kyrgyzstani som (KGS),KGZ,0.669
Kyrgyzstan,ADM - Labour legislation,Statutory nominal gross monthly minimum wage,Currency: U.S. dollars,2008,8.202,Type of minimum wage: Singular national minimum wage | Currency: KGZ - Kyrgyzstani som (KGS),KGZ,0.666
Kyrgyzstan,ADM - Labour legislation,Statutory nominal gross monthly minimum wage,Currency: U.S. dollars,2007,9.111,Currency: KGZ - Kyrgyzstani som (KGS),KGZ,0.658
Kyrgyzstan,ADM - Labour legislation,Statutory nominal gross monthly minimum wage,Currency: U.S. dollars,2006,2.49,Currency: KGZ - Kyrgyzstani som (KGS),KGZ,0.652
Kyrgyzstan,ADM - Labour legislation,Statutory nominal gross monthly minimum wage,Currency: U.S. dollars,2005,2.438,Currency: KGZ - Kyrgyzstani som (KGS),KGZ,0.648
Kyrgyzstan,ADM - Labour legislation,Statutory nominal gross monthly minimum wage,Currency: U.S. dollars,2004,2.345,Currency: KGZ - Kyrgyzstani som (KGS),KGZ,0.646
Kyrgyzstan,ADM - Labour legislation,Statutory nominal gross monthly minimum wage,Currency: U.S. dollars,2003,2.291,Currency: KGZ - Kyrgyzstani som (KGS),KGZ,0.642
Kyrgyzstan,ADM - Labour legislation,Statutory nominal gross monthly minimum wage,Currency: U.S. dollars,2002,2.131,Currency: KGZ - Kyrgyzstani som (KGS),KGZ,0.635
Kyrgyzstan,ADM - Labour legislation,Statutory nominal gross monthly minimum wage,Currency: U.S. dollars,2001,2.067,Currency: KGZ - Kyrgyzstani som (KGS),KGZ,0.634
Kyrgyzstan,ADM - Labour legislation,Statutory nominal gross monthly minimum wage,Currency: U.S. dollars,2000,2.096,Currency: KGZ - Kyrgyzstani som (KGS),KGZ,0.627
Cambodia,ADM - Labour legislation,Statutory nominal gross monthly minimum wage,Currency: U.S. dollars,2023,0.049,Type of minimum wage: Singular national minimum wage | Currency: KHM - Riel (KHR),KHM,0.606
Cambodia,ADM - Labour legislation,Statutory nominal gross monthly minimum wage,Currency: U.S. dollars,2022,0.047,Type of minimum wage: Singular national minimum wage | Currency: KHM - Riel (KHR),KHM,0.602
Cambodia,ADM - Labour legislation,Statutory nominal gross monthly minimum wage,Currency: U.S. dollars,2021,0.047,Type of minimum wage: Singular national minimum wage | Currency: KHM - Riel (KHR),KHM,0.594
Cambodia,ADM - Labour legislation,Statutory nominal gross monthly minimum wage,Currency: U.S. dollars,2020,0.046,Type of minimum wage: Singular national minimum wage | Currency: KHM - Riel (KHR),KHM,0.595
Cambodia,ADM - Labour legislation,Statutory nominal gross monthly minimum wage,Currency: U.S. dollars,2019,0.045,Type of minimum wage: Singular national minimum wage | Currency: KHM - Riel (KHR),KHM,0.593
Cambodia,ADM - Labour legislation,Statutory nominal gross monthly minimum wage,Currency: U.S. dollars,2018,0.042,Type of minimum wage: Singular national minimum wage | Currency: KHM - Riel (KHR),KHM,0.586
Cambodia,ADM - Labour legislation,Statutory nominal gross monthly minimum wage,Currency: U.S. dollars,2017,0.038,Type of minimum wage: Singular national minimum wage | Currency: KHM - Riel (KHR),KHM,0.578
Cambodia,ADM - Labour legislation,Statutory nominal gross monthly minimum wage,Currency: U.S. dollars,2016,0.034,Type of minimum wage: Singular national minimum wage | Currency: KHM - Riel (KHR),KHM,0.57
Cambodia,ADM - Labour legislation,Statutory nominal gross monthly minimum wage,Currency: U.S. dollars,2015,0.032,Type of minimum wage: Singular national minimum wage | Currency: KHM - Riel (KHR),KHM,0.562
Cambodia,ADM - Labour legislation,Statutory nominal gross monthly minimum wage,Currency: U.S. dollars,2014,0.025,Type of minimum wage: Singular national minimum wage | Currency: KHM - Riel (KHR),KHM,0.557
Cambodia,ADM - Labour legislation,Statutory nominal gross monthly minimum wage,Currency: U.S. dollars,2013,0.02,Type of minimum wage: Singular national minimum wage | Currency: KHM - Riel (KHR),KHM,0.554
Cambodia,ADM - Labour legislation,Statutory nominal gross monthly minimum wage,Currency: U.S. dollars,2012,0.015,Type of minimum wage: Singular national minimum wage | Currency: KHM - Riel (KHR),KHM,0.551
Cambodia,ADM - Labour legislation,Statutory nominal gross monthly minimum wage,Currency: U.S. dollars,2011,0.015,Type of minimum wage: Singular national minimum wage | Currency: KHM - Riel (KHR),KHM,0.547
Cambodia,ADM - Labour legislation,Statutory nominal gross monthly minimum wage,Currency: U.S. dollars,2010,0.015,Type of minimum wage: Singular national minimum wage | Currency: KHM - Riel (KHR),KHM,0.543
Cambodia,ADM - Labour legislation,Statutory nominal gross monthly minimum wage,Currency: U.S. dollars,2009,0.012,Type of minimum wage: Singular national minimum wage | Currency: KHM - Riel (KHR),KHM,0.539
Cambodia,ADM - Labour legislation,Statutory nominal gross monthly minimum wage,Currency: U.S. dollars,2008,0.012,Type of minimum wage: Singular national minimum wage | Currency: KHM - Riel (KHR),KHM,0.539
Cambodia,ADM - Labour legislation,Statutory nominal gross monthly minimum wage,Currency: U.S. dollars,2007,0.012,Currency: KHM - Riel (KHR),KHM,0.534
Cambodia,ADM - Labour legislation,Statutory nominal gross monthly minimum wage,Currency: U.S. dollars,2006,0.012,Currency: KHM - Riel (KHR),KHM,0.525
Cambodia,ADM - Labour legislation,Statutory nominal gross monthly minimum wage,Currency: U.S. dollars,2005,0.011,Currency: KHM - Riel (KHR),KHM,0.514
Cambodia,ADM - Labour legislation,Statutory nominal gross monthly minimum wage,Currency: U.S. dollars,2004,0.011,Currency: KHM - Riel (KHR),KHM,0.502
Cambodia,ADM - Labour legislation,Statutory nominal gross monthly minimum wage,Currency: U.S. dollars,2003,0.011,Currency: KHM - Riel (KHR),KHM,0.488
Cambodia,ADM - Labour legislation,Statutory nominal gross monthly minimum wage,Currency: U.S. dollars,2002,0.012,Currency: KHM - Riel (KHR),KHM,0.473
Cambodia,ADM - Labour legislation,Statutory nominal gross monthly minimum wage,Currency: U.S. dollars,2001,0.012,Currency: KHM - Riel (KHR),KHM,0.453
Cambodia,ADM - Labour legislation,Statutory nominal gross monthly minimum wage,Currency: U.S. dollars,2000,0.012,Currency: KHM - Riel (KHR),KHM,0.438
Kiribati,ADM - Legislation du Travail,Statutory nominal gross monthly minimum wage,Currency: U.S. dollars,2023,179.645,Currency: KIR - Australian dollar (AUD) | ILO calculation: Hourly figure multiplied by 48 hours and 4.33 weeks,KIR,0.644
Kiribati,ADM - Legislation du Travail,Statutory nominal gross monthly minimum wage,Currency: U.S. dollars,2022,187.561,Currency: KIR - Australian dollar (AUD) | ILO calculation: Hourly figure multiplied by 48 hours and 4.33 weeks,KIR,0.642
Kiribati,ADM - Legislation du Travail,Statutory nominal gross monthly minimum wage,Currency: U.S. dollars,2021,203.121,Currency: KIR - Australian dollar (AUD) | ILO calculation: Hourly figure multiplied by 48 hours and 4.33 weeks,KIR,0.631
Kiribati,ADM - Legislation du Travail,Statutory nominal gross monthly minimum wage,Currency: U.S. dollars,2020,186.087,Currency: KIR - Australian dollar (AUD) | ILO calculation: Hourly figure multiplied by 48 hours and 4.33 weeks,KIR,0.632
Kiribati,ADM - Legislation du Travail,Statutory nominal gross monthly minimum wage,Currency: U.S. dollars,2019,187.973,Currency: KIR - Australian dollar (AUD) | ILO calculation: Hourly figure multiplied by 48 hours and 4.33 weeks,KIR,0.635
Kiribati,ADM - Legislation du Travail,Statutory nominal gross monthly minimum wage,Currency: U.S. dollars,2018,202.03,Currency: KIR - Australian dollar (AUD) | ILO calculation: Hourly figure multiplied by 48 hours and 4.33 weeks,KIR,0.633
Kiribati,ADM - Legislation du Travail,Statutory nominal gross monthly minimum wage,Currency: U.S. dollars,2017,207.242,Currency: KIR - Australian dollar (AUD) | ILO calculation: Hourly figure multiplied by 48 hours and 4.33 weeks,KIR,0.63
Kiribati,ADM - Legislation du Travail,Statutory nominal gross monthly minimum wage,Currency: U.S. dollars,2016,201.009,Currency: KIR - Australian dollar (AUD) | ILO calculation: Hourly figure multiplied by 48 hours and 4.33 weeks,KIR,0.627
Saint Kitts and Nevis,ADM - Legislation du Travail,Statutory nominal gross monthly minimum wage,Currency: U.S. dollars,2023,577.778,Type of minimum wage: Singular national minimum wage | Currency: KNA - East Caribbean dollar (XCD) | ILO calculation: Weekly figure multiplied by 4.33 weeks,KNA,0.84
Saint Kitts and Nevis,ADM - Legislation du Travail,Statutory nominal gross monthly minimum wage,Currency: U.S. dollars,2022,577.778,Type of minimum wage: Singular national minimum wage | Currency: KNA - East Caribbean dollar (XCD) | ILO calculation: Weekly figure multiplied by 4.33 weeks,KNA,0.829
Saint Kitts and Nevis,ADM - Legislation du Travail,Statutory nominal gross monthly minimum wage,Currency: U.S. dollars,2021,577.778,Type of minimum wage: Singular national minimum wage | Currency: KNA - East Caribbean dollar (XCD) | ILO calculation: Weekly figure multiplied by 4.33 weeks,KNA,0.818
Saint Kitts and Nevis,ADM - Legislation du Travail,Statutory nominal gross monthly minimum wage,Currency: U.S. dollars,2020,577.778,Type of minimum wage: Singular national minimum wage | Currency: KNA - East Caribbean dollar (XCD) | ILO calculation: Weekly figure multiplied by 4.33 weeks,KNA,0.828
Saint Kitts and Nevis,ADM - Legislation du Travail,Statutory nominal gross monthly minimum wage,Currency: U.S. dollars,2019,577.778,Type of minimum wage: Singular national minimum wage | Currency: KNA - East Caribbean dollar (XCD) | ILO calculation: Weekly figure multiplied by 4.33 weeks,KNA,0.839
Saint Kitts and Nevis,ADM - Legislation du Travail,Statutory nominal gross monthly minimum wage,Currency: U.S. dollars,2018,577.778,Type of minimum wage: Singular national minimum wage | Currency: KNA - East Caribbean dollar (XCD) | ILO calculation: Weekly figure multiplied by 4.33 weeks,KNA,0.835
Saint Kitts and Nevis,ADM - Legislation du Travail,Statutory nominal gross monthly minimum wage,Currency: U.S. dollars,2017,577.778,Type of minimum wage: Singular national minimum wage | Currency: KNA - East Caribbean dollar (XCD) | ILO calculation: Weekly figure multiplied by 4.33 weeks,KNA,0.834
Saint Kitts and Nevis,ADM - Legislation du Travail,Statutory nominal gross monthly minimum wage,Currency: U.S. dollars,2016,577.778,Type of minimum wage: Singular national minimum wage | Currency: KNA - East Caribbean dollar (XCD) | ILO calculation: Weekly figure multiplied by 4.33 weeks,KNA,0.832
Saint Kitts and Nevis,ADM - Legislation du Travail,Statutory nominal gross monthly minimum wage,Currency: U.S. dollars,2015,577.778,Type of minimum wage: Singular national minimum wage | Currency: KNA - East Caribbean dollar (XCD) | ILO calculation: Weekly figure multiplied by 4.33 weeks,KNA,0.83
Saint Kitts and Nevis,ADM - Legislation du Travail,Statutory nominal gross monthly minimum wage,Currency: U.S. dollars,2014,577.778,Type of minimum wage: Singular national minimum wage | Currency: KNA - East Caribbean dollar (XCD) | ILO calculation: Weekly figure multiplied by 4.33 weeks,KNA,0.829
Saint Kitts and Nevis,ADM - Legislation du Travail,Statutory nominal gross monthly minimum wage,Currency: U.S. dollars,2013,513.58,Type of minimum wage: Singular national minimum wage | Currency: KNA - East Caribbean dollar (XCD) | ILO calculation: Weekly figure multiplied by 4.33 weeks,KNA,0.818
Saint Kitts and Nevis,ADM - Legislation du Travail,Statutory nominal gross monthly minimum wage,Currency: U.S. dollars,2012,513.58,Type of minimum wage: Singular national minimum wage | Currency: KNA - East Caribbean dollar (XCD) | ILO calculation: Weekly figure multiplied by 4.33 weeks,KNA,0.808
Saint Kitts and Nevis,ADM - Legislation du Travail,Statutory nominal gross monthly minimum wage,Currency: U.S. dollars,2011,513.58,Type of minimum wage: Singular national minimum wage | Currency: KNA - East Caribbean dollar (XCD) | ILO calculation: Weekly figure multiplied by 4.33 weeks,KNA,0.8
Saint Kitts and Nevis,ADM - Legislation du Travail,Statutory nominal gross monthly minimum wage,Currency: U.S. dollars,2010,513.58,Type of minimum wage: Singular national minimum wage | Currency: KNA - East Caribbean dollar (XCD) | ILO calculation: Weekly figure multiplied by 4.33 weeks,KNA,0.791
Saint Kitts and Nevis,ADM - Legislation du Travail,Statutory nominal gross monthly minimum wage,Currency: U.S. dollars,2009,513.58,Type of minimum wage: Singular national minimum wage | Currency: KNA - East Caribbean dollar (XCD) | ILO calculation: Weekly figure multiplied by 4.33 weeks,KNA,0.783
Saint Kitts and Nevis,ADM - Legislation du Travail,Statutory nominal gross monthly minimum wage,Currency: U.S. dollars,2008,513.58,Type of minimum wage: Singular national minimum wage | Currency: KNA - East Caribbean dollar (XCD) | ILO calculation: Weekly figure multiplied by 4.33 weeks,KNA,0.776
Republic of Korea,ADM - Labour legislation,Statutory nominal gross monthly minimum wage,Currency: U.S. dollars,2023,1539.893,Type of minimum wage: Singular national minimum wage | Currency: KOR - South Korean won (KRW),KOR,0.937
Republic of Korea,ADM - Labour legislation,Statutory nominal gross monthly minimum wage,Currency: U.S. dollars,2022,1482.4,Type of minimum wage: Singular national minimum wage | Currency: KOR - South Korean won (KRW),KOR,0.928
Republic of Korea,ADM - Labour legislation,Statutory nominal gross monthly minimum wage,Currency: U.S. dollars,2021,1593.144,Type of minimum wage: Singular national minimum wage | Currency: KOR - South Korean won (KRW),KOR,0.933
Republic of Korea,ADM - Labour legislation,Statutory nominal gross monthly minimum wage,Currency: U.S. dollars,2020,1521.107,Type of minimum wage: Singular national minimum wage | Currency: KOR - South Korean won (KRW),KOR,0.928
Republic of Korea,ADM - Labour legislation,Statutory nominal gross monthly minimum wage,Currency: U.S. dollars,2019,1497.523,Type of minimum wage: Singular national minimum wage | Currency: KOR - South Korean won (KRW),KOR,0.927
Republic of Korea,ADM - Labour legislation,Statutory nominal gross monthly minimum wage,Currency: U.S. dollars,2018,1430.488,Type of minimum wage: Singular national minimum wage | Currency: KOR - South Korean won (KRW),KOR,0.924
Republic of Korea,ADM - Labour legislation,Statutory nominal gross monthly minimum wage,Currency: U.S. dollars,2017,1195.605,Type of minimum wage: Singular national minimum wage | Currency: KOR - South Korean won (KRW),KOR,0.922
Republic of Korea,ADM - Labour legislation,Statutory nominal gross monthly minimum wage,Currency: U.S. dollars,2016,1085.721,Type of minimum wage: Singular national minimum wage | Currency: KOR - South Korean won (KRW),KOR,0.918
Republic of Korea,ADM - Labour legislation,Statutory nominal gross monthly minimum wage,Currency: U.S. dollars,2015,1031.184,Type of minimum wage: Singular national minimum wage | Currency: KOR - South Korean won (KRW),KOR,0.914
Republic of Korea,ADM - Labour legislation,Statutory nominal gross monthly minimum wage,Currency: U.S. dollars,2014,1034.241,Type of minimum wage: Singular national minimum wage | Currency: KOR - South Korean won (KRW),KOR,0.91
Republic of Korea,ADM - Labour legislation,Statutory nominal gross monthly minimum wage,Currency: U.S. dollars,2013,927.631,Type of minimum wage: Singular national minimum wage | Currency: KOR - South Korean won (KRW),KOR,0.905
Republic of Korea,ADM - Labour legislation,Statutory nominal gross monthly minimum wage,Currency: U.S. dollars,2012,849.498,Type of minimum wage: Singular national minimum wage | Currency: KOR - South Korean won (KRW),KOR,0.901
Republic of Korea,ADM - Labour legislation,Statutory nominal gross monthly minimum wage,Currency: U.S. dollars,2011,814.702,Type of minimum wage: Singular national minimum wage | Currency: KOR - South Korean won (KRW),KOR,0.899
Republic of Korea,ADM - Labour legislation,Statutory nominal gross monthly minimum wage,Currency: U.S. dollars,2010,803.192,Type of minimum wage: Singular national minimum wage | Currency: KOR - South Korean won (KRW),KOR,0.894
Republic of Korea,ADM - Labour legislation,Statutory nominal gross monthly minimum wage,Currency: U.S. dollars,2009,707.773,Type of minimum wage: Singular national minimum wage | Currency: KOR - South Korean won (KRW),KOR,0.881
Republic of Korea,ADM - Labour legislation,Statutory nominal gross monthly minimum wage,Currency: U.S. dollars,2008,774.475,Type of minimum wage: Singular national minimum wage | Currency: KOR - South Korean won (KRW),KOR,0.878
Republic of Korea,ADM - Labour legislation,Statutory nominal gross monthly minimum wage,Currency: U.S. dollars,2007,846.245,Type of minimum wage: Singular national minimum wage | Currency: KOR - South Korean won (KRW),KOR,0.876
Republic of Korea,ADM - Labour legislation,Statutory nominal gross monthly minimum wage,Currency: U.S. dollars,2006,733.351,Type of minimum wage: Singular national minimum wage | Currency: KOR - South Korean won (KRW),KOR,0.871
Republic of Korea,ADM - Labour legislation,Statutory nominal gross monthly minimum wage,Currency: U.S. dollars,2005,626.596,Type of minimum wage: Singular national minimum wage | Currency: KOR - South Korean won (KRW),KOR,0.866
Republic of Korea,ADM - Labour legislation,Statutory nominal gross monthly minimum wage,Currency: U.S. dollars,2004,494.884,Type of minimum wage: Singular national minimum wage | Currency: KOR - South Korean won (KRW),KOR,0.859
Republic of Korea,ADM - Labour legislation,Statutory nominal gross monthly minimum wage,Currency: U.S. dollars,2003,431.462,Type of minimum wage: Singular national minimum wage | Currency: KOR - South Korean won (KRW),KOR,0.852
Republic of Korea,ADM - Labour legislation,Statutory nominal gross monthly minimum wage,Currency: U.S. dollars,2002,379.194,Type of minimum wage: Singular national minimum wage | Currency: KOR - South Korean won (KRW),KOR,0.846
Republic of Korea,ADM - Labour legislation,Statutory nominal gross monthly minimum wage,Currency: U.S. dollars,2001,326.536,Type of minimum wage: Singular national minimum wage | Currency: KOR - South Korean won (KRW),KOR,0.838
Republic of Korea,ADM - Labour legislation,Statutory nominal gross monthly minimum wage,Currency: U.S. dollars,2000,319.897,Type of minimum wage: Singular national minimum wage | Currency: KOR - South Korean won (KRW),KOR,0.83
Kuwait,ADM - Labour legislation,Statutory nominal gross monthly minimum wage,Currency: U.S. dollars,2023,244.152,Type of minimum wage: Sectoral (private and oil sectors) | Currency: KWT - Kuwaiti dinar (KWD),KWT,0.852
Kuwait,ADM - Labour legislation,Statutory nominal gross monthly minimum wage,Currency: U.S. dollars,2022,244.898,Type of minimum wage: Sectoral (private and oil sectors) | Currency: KWT - Kuwaiti dinar (KWD),KWT,0.845
Kuwait,ADM - Labour legislation,Statutory nominal gross monthly minimum wage,Currency: U.S. dollars,2021,248.638,Type of minimum wage: Sectoral (private and oil sectors) | Currency: KWT - Kuwaiti dinar (KWD),KWT,0.839
Kuwait,ADM - Labour legislation,Statutory nominal gross monthly minimum wage,Currency: U.S. dollars,2020,244.911,Type of minimum wage: Sectoral (private and oil sectors) | Currency: KWT - Kuwaiti dinar (KWD),KWT,0.837
Kuwait,ADM - Labour legislation,Statutory nominal gross monthly minimum wage,Currency: U.S. dollars,2019,247.026,Type of minimum wage: Sectoral (private and oil sectors) | Currency: KWT - Kuwaiti dinar (KWD),KWT,0.843
Kuwait,ADM - Labour legislation,Statutory nominal gross monthly minimum wage,Currency: U.S. dollars,2018,248.38,Type of minimum wage: Sectoral (private and oil sectors) | Currency: KWT - Kuwaiti dinar (KWD),KWT,0.84
Kuwait,ADM - Labour legislation,Statutory nominal gross monthly minimum wage,Currency: U.S. dollars,2017,247.239,Type of minimum wage: Sectoral (private and oil sectors) | Currency: KWT - Kuwaiti dinar (KWD),KWT,0.838
Kuwait,ADM - Labour legislation,Statutory nominal gross monthly minimum wage,Currency: U.S. dollars,2011,217.408,Currency: KWT - Kuwaiti dinar (KWD),KWT,0.817
Kuwait,ADM - Labour legislation,Statutory nominal gross monthly minimum wage,Currency: U.S. dollars,2010,209.346,Currency: KWT - Kuwaiti dinar (KWD),KWT,0.812
Lao People's Democratic Republic,ADM - Labour legislation,Statutory nominal gross monthly minimum wage,Currency: U.S. dollars,2023,90.452,Type of minimum wage: Singular national minimum wage | Currency: LAO - Kip (LAK),LAO,0.617
Lao People's Democratic Republic,ADM - Labour legislation,Statutory nominal gross monthly minimum wage,Currency: U.S. dollars,2022,85.499,Type of minimum wage: Singular national minimum wage | Currency: LAO - Kip (LAK),LAO,0.614
Lao People's Democratic Republic,ADM - Labour legislation,Statutory nominal gross monthly minimum wage,Currency: U.S. dollars,2021,113.426,Type of minimum wage: Singular national minimum wage | Currency: LAO - Kip (LAK),LAO,0.613
Lao People's Democratic Republic,ADM - Labour legislation,Statutory nominal gross monthly minimum wage,Currency: U.S. dollars,2020,121.604,Type of minimum wage: Singular national minimum wage | Currency: LAO - Kip (LAK),LAO,0.616
Lao People's Democratic Republic,ADM - Labour legislation,Statutory nominal gross monthly minimum wage,Currency: U.S. dollars,2019,126.737,Type of minimum wage: Singular national minimum wage | Currency: LAO - Kip (LAK),LAO,0.615
Lao People's Democratic Republic,ADM - Labour legislation,Statutory nominal gross monthly minimum wage,Currency: U.S. dollars,2018,130.932,Type of minimum wage: Singular national minimum wage | Currency: LAO - Kip (LAK),LAO,0.613
Lao People's Democratic Republic,ADM - Labour legislation,Statutory nominal gross monthly minimum wage,Currency: U.S. dollars,2017,109.159,Type of minimum wage: Singular national minimum wage | Currency: LAO - Kip (LAK),LAO,0.612
Lao People's Democratic Republic,ADM - Labour legislation,Statutory nominal gross monthly minimum wage,Currency: U.S. dollars,2016,110.778,Type of minimum wage: Singular national minimum wage | Currency: LAO - Kip (LAK),LAO,0.609
Lao People's Democratic Republic,ADM - Labour legislation,Statutory nominal gross monthly minimum wage,Currency: U.S. dollars,2015,110.734,Type of minimum wage: Singular national minimum wage | Currency: LAO - Kip (LAK),LAO,0.604
Lao People's Democratic Republic,ADM - Labour legislation,Statutory nominal gross monthly minimum wage,Currency: U.S. dollars,2014,77.837,Type of minimum wage: Singular national minimum wage | Currency: LAO - Kip (LAK),LAO,0.597
Lao People's Democratic Republic,ADM - Labour legislation,Statutory nominal gross monthly minimum wage,Currency: U.S. dollars,2013,79.916,Type of minimum wage: Singular national minimum wage | Currency: LAO - Kip (LAK),LAO,0.587
Lao People's Democratic Republic,ADM - Labour legislation,Statutory nominal gross monthly minimum wage,Currency: U.S. dollars,2012,78.186,Type of minimum wage: Singular national minimum wage | Currency: LAO - Kip (LAK),LAO,0.577
Lao People's Democratic Republic,ADM - Labour legislation,Statutory nominal gross monthly minimum wage,Currency: U.S. dollars,2011,43.342,Type of minimum wage: Singular national minimum wage | Currency: LAO - Kip (LAK),LAO,0.567
Lao People's Democratic Republic,ADM - Labour legislation,Statutory nominal gross monthly minimum wage,Currency: U.S. dollars,2010,42.16,Type of minimum wage: Singular national minimum wage | Currency: LAO - Kip (LAK),LAO,0.556
Lao People's Democratic Republic,ADM - Labour legislation,Statutory nominal gross monthly minimum wage,Currency: U.S. dollars,2009,40.887,Type of minimum wage: Singular national minimum wage | Currency: LAO - Kip (LAK),LAO,0.548
Lao People's Democratic Republic,ADM - Labour legislation,Statutory nominal gross monthly minimum wage,Currency: U.S. dollars,2008,33.18,Type of minimum wage: Singular national minimum wage | Currency: LAO - Kip (LAK),LAO,0.537
Lao People's Democratic Republic,ADM - Labour legislation,Statutory nominal gross monthly minimum wage,Currency: U.S. dollars,2007,20.827,Currency: LAO - Kip (LAK),LAO,0.529
Lao People's Democratic Republic,ADM - Labour legislation,Statutory nominal gross monthly minimum wage,Currency: U.S. dollars,2006,19.697,Currency: LAO - Kip (LAK),LAO,0.515
Lao People's Democratic Republic,ADM - Labour legislation,Statutory nominal gross monthly minimum wage,Currency: U.S. dollars,2005,8.784,Currency: LAO - Kip (LAK),LAO,0.514
Lao People's Democratic Republic,ADM - Labour legislation,Statutory nominal gross monthly minimum wage,Currency: U.S. dollars,2004,8.842,Currency: LAO - Kip (LAK),LAO,0.505
Lao People's Democratic Republic,ADM - Labour legislation,Statutory nominal gross monthly minimum wage,Currency: U.S. dollars,2003,8.856,Currency: LAO - Kip (LAK),LAO,0.496
Lao People's Democratic Republic,ADM - Labour legislation,Statutory nominal gross monthly minimum wage,Currency: U.S. dollars,2002,9.308,Currency: LAO - Kip (LAK),LAO,0.488
Lao People's Democratic Republic,ADM - Labour legislation,Statutory nominal gross monthly minimum wage,Currency: U.S. dollars,2001,10.453,Currency: LAO - Kip (LAK),LAO,0.479
Lao People's Democratic Republic,ADM - Labour legislation,Statutory nominal gross monthly minimum wage,Currency: U.S. dollars,2000,11.867,Currency: LAO - Kip (LAK),LAO,0.473
Lebanon,ADM - Labour legislation,Statutory nominal gross monthly minimum wage,Currency: U.S. dollars,2023,648.619,Type of minimum wage: Singular national minimum wage | Currency: LBN - Lebanese pound (LBP),LBN,0.752
Lebanon,ADM - Labour legislation,Statutory nominal gross monthly minimum wage,Currency: U.S. dollars,2022,1724.71,Type of minimum wage: Singular national minimum wage | Currency: LBN - Lebanese pound (LBP),LBN,0.755
Lebanon,ADM - Labour legislation,Statutory nominal gross monthly minimum wage,Currency: U.S. dollars,2021,447.761,Type of minimum wage: Singular national minimum wage | Currency: LBN - Lebanese pound (LBP),LBN,0.733
Lebanon,ADM - Labour legislation,Statutory nominal gross monthly minimum wage,Currency: U.S. dollars,2020,447.761,Type of minimum wage: Singular national minimum wage | Currency: LBN - Lebanese pound (LBP),LBN,0.75
Lebanon,ADM - Labour legislation,Statutory nominal gross monthly minimum wage,Currency: U.S. dollars,2019,447.761,Type of minimum wage: Singular national minimum wage | Currency: LBN - Lebanese pound (LBP),LBN,0.771
Lebanon,ADM - Labour legislation,Statutory nominal gross monthly minimum wage,Currency: U.S. dollars,2018,447.761,Type of minimum wage: Singular national minimum wage | Currency: LBN - Lebanese pound (LBP),LBN,0.774
Lebanon,ADM - Labour legislation,Statutory nominal gross monthly minimum wage,Currency: U.S. dollars,2017,447.761,Type of minimum wage: Singular national minimum wage | Currency: LBN - Lebanese pound (LBP),LBN,0.772
Lebanon,ADM - Labour legislation,Statutory nominal gross monthly minimum wage,Currency: U.S. dollars,2016,447.761,Type of minimum wage: Singular national minimum wage | Currency: LBN - Lebanese pound (LBP),LBN,0.767
Lebanon,ADM - Labour legislation,Statutory nominal gross monthly minimum wage,Currency: U.S. dollars,2015,447.761,Type of minimum wage: Singular national minimum wage | Currency: LBN - Lebanese pound (LBP),LBN,0.763
Lebanon,ADM - Labour legislation,Statutory nominal gross monthly minimum wage,Currency: U.S. dollars,2014,447.761,Type of minimum wage: Singular national minimum wage | Currency: LBN - Lebanese pound (LBP),LBN,0.761
Lebanon,ADM - Labour legislation,Statutory nominal gross monthly minimum wage,Currency: U.S. dollars,2013,447.761,Type of minimum wage: Singular national minimum wage | Currency: LBN - Lebanese pound (LBP),LBN,0.762
Lebanon,ADM - Labour legislation,Statutory nominal gross monthly minimum wage,Currency: U.S. dollars,2012,447.761,Type of minimum wage: Singular national minimum wage | Currency: LBN - Lebanese pound (LBP),LBN,0.762
Lebanon,ADM - Labour legislation,Statutory nominal gross monthly minimum wage,Currency: U.S. dollars,2011,331.675,Type of minimum wage: Singular national minimum wage | Currency: LBN - Lebanese pound (LBP),LBN,0.758
Lebanon,ADM - Labour legislation,Statutory nominal gross monthly minimum wage,Currency: U.S. dollars,2010,331.675,Type of minimum wage: Singular national minimum wage | Currency: LBN - Lebanese pound (LBP),LBN,0.75
Lebanon,ADM - Labour legislation,Statutory nominal gross monthly minimum wage,Currency: U.S. dollars,2009,331.675,Type of minimum wage: Singular national minimum wage | Currency: LBN - Lebanese pound (LBP),LBN,0.743
Lebanon,ADM - Labour legislation,Statutory nominal gross monthly minimum wage,Currency: U.S. dollars,2008,331.675,Type of minimum wage: Singular national minimum wage | Currency: LBN - Lebanese pound (LBP),LBN,0.734
Liberia,ADM - Legislation du Travail,Statutory nominal gross monthly minimum wage,Currency: U.S. dollars,2023,91.0,Type of minimum wage: Occupational (unskilled workers) | Currency: LBR - United States dollar (USD) | ILO calculation: Daily figure multiplied by 6 days and 4.33 weeks,LBR,0.51
Liberia,ADM - Legislation du Travail,Statutory nominal gross monthly minimum wage,Currency: U.S. dollars,2022,91.0,Type of minimum wage: Occupational (unskilled workers) | Currency: LBR - United States dollar (USD) | ILO calculation: Daily figure multiplied by 6 days and 4.33 weeks,LBR,0.508
Liberia,ADM - Legislation du Travail,Statutory nominal gross monthly minimum wage,Currency: U.S. dollars,2021,91.0,Type of minimum wage: Occupational (unskilled workers) | Currency: LBR - United States dollar (USD) | ILO calculation: Daily figure multiplied by 6 days and 4.33 weeks,LBR,0.503
Liberia,ADM - Legislation du Travail,Statutory nominal gross monthly minimum wage,Currency: U.S. dollars,2020,91.0,Type of minimum wage: Occupational (unskilled workers) | Currency: LBR - United States dollar (USD) | ILO calculation: Daily figure multiplied by 6 days and 4.33 weeks,LBR,0.498
Liberia,ADM - Legislation du Travail,Statutory nominal gross monthly minimum wage,Currency: U.S. dollars,2019,91.0,Type of minimum wage: Occupational (unskilled workers) | Currency: LBR - United States dollar (USD) | ILO calculation: Daily figure multiplied by 6 days and 4.33 weeks,LBR,0.497
Liberia,ADM - Legislation du Travail,Statutory nominal gross monthly minimum wage,Currency: U.S. dollars,2018,91.0,Type of minimum wage: Occupational (unskilled workers) | Currency: LBR - United States dollar (USD) | ILO calculation: Daily figure multiplied by 6 days and 4.33 weeks,LBR,0.495
Liberia,ADM - Legislation du Travail,Statutory nominal gross monthly minimum wage,Currency: U.S. dollars,2017,91.0,Type of minimum wage: Occupational (unskilled workers) | Currency: LBR - United States dollar (USD) | ILO calculation: Daily figure multiplied by 6 days and 4.33 weeks,LBR,0.491
Liberia,ADM - Legislation du Travail,Statutory nominal gross monthly minimum wage,Currency: U.S. dollars,2016,91.0,Type of minimum wage: Occupational (unskilled workers) | Currency: LBR - United States dollar (USD) | ILO calculation: Daily figure multiplied by 6 days and 4.33 weeks,LBR,0.485
Liberia,ADM - Legislation du Travail,Statutory nominal gross monthly minimum wage,Currency: U.S. dollars,2015,91.0,Type of minimum wage: Occupational (unskilled workers) | Currency: LBR - United States dollar (USD) | ILO calculation: Daily figure multiplied by 6 days and 4.33 weeks,LBR,0.48
Liberia,ADM - Legislation du Travail,Statutory nominal gross monthly minimum wage,Currency: U.S. dollars,2014,91.0,Type of minimum wage: Occupational (unskilled workers) | Currency: LBR - United States dollar (USD) | ILO calculation: Daily figure multiplied by 6 days and 4.33 weeks,LBR,0.479
Libya,ADM - Labour legislation,Statutory nominal gross monthly minimum wage,Currency: U.S. dollars,2023,207.776,Type of minimum wage: Singular national minimum wage | Currency: LBY - Libyan dinar (LYD),LBY,0.721
Libya,ADM - Labour legislation,Statutory nominal gross monthly minimum wage,Currency: U.S. dollars,2022,93.493,Type of minimum wage: Singular national minimum wage | Currency: LBY - Libyan dinar (LYD),LBY,0.741
Libya,ADM - Labour legislation,Statutory nominal gross monthly minimum wage,Currency: U.S. dollars,2021,99.68,Type of minimum wage: Singular national minimum wage | Currency: LBY - Libyan dinar (LYD),LBY,0.729
Libya,ADM - Labour legislation,Statutory nominal gross monthly minimum wage,Currency: U.S. dollars,2020,324.052,Type of minimum wage: Singular national minimum wage | Currency: LBY - Libyan dinar (LYD),LBY,0.688
Libya,ADM - Labour legislation,Statutory nominal gross monthly minimum wage,Currency: U.S. dollars,2019,321.828,Type of minimum wage: Singular national minimum wage | Currency: LBY - Libyan dinar (LYD),LBY,0.737
Libya,ADM - Labour legislation,Statutory nominal gross monthly minimum wage,Currency: U.S. dollars,2018,329.678,Type of minimum wage: Singular national minimum wage | Currency: LBY - Libyan dinar (LYD),LBY,0.743
Libya,ADM - Labour legislation,Statutory nominal gross monthly minimum wage,Currency: U.S. dollars,2017,322.854,Type of minimum wage: Singular national minimum wage | Currency: LBY - Libyan dinar (LYD),LBY,0.74
Libya,ADM - Labour legislation,Statutory nominal gross monthly minimum wage,Currency: U.S. dollars,2016,323.655,Type of minimum wage: Singular national minimum wage | Currency: LBY - Libyan dinar (LYD),LBY,0.725
Libya,ADM - Labour legislation,Statutory nominal gross monthly minimum wage,Currency: U.S. dollars,2015,325.801,Type of minimum wage: Singular national minimum wage | Currency: LBY - Libyan dinar (LYD),LBY,0.728
Libya,ADM - Labour legislation,Statutory nominal gross monthly minimum wage,Currency: U.S. dollars,2014,353.662,Type of minimum wage: Singular national minimum wage | Currency: LBY - Libyan dinar (LYD),LBY,0.728
Libya,ADM - Labour legislation,Statutory nominal gross monthly minimum wage,Currency: U.S. dollars,2013,353.859,Type of minimum wage: Singular national minimum wage | Currency: LBY - Libyan dinar (LYD),LBY,0.748
Libya,ADM - Labour legislation,Statutory nominal gross monthly minimum wage,Currency: U.S. dollars,2012,198.152,Type of minimum wage: Singular national minimum wage | Currency: LBY - Libyan dinar (LYD),LBY,0.758
Libya,ADM - Labour legislation,Statutory nominal gross monthly minimum wage,Currency: U.S. dollars,2011,204.223,Type of minimum wage: Singular national minimum wage | Currency: LBY - Libyan dinar (LYD),LBY,0.715
Libya,ADM - Labour legislation,Statutory nominal gross monthly minimum wage,Currency: U.S. dollars,2010,197.349,Type of minimum wage: Singular national minimum wage | Currency: LBY - Libyan dinar (LYD),LBY,0.755
Libya,ADM - Labour legislation,Statutory nominal gross monthly minimum wage,Currency: U.S. dollars,2009,199.436,Type of minimum wage: Singular national minimum wage | Currency: LBY - Libyan dinar (LYD),LBY,0.753
Sri Lanka,ADM - Labour legislation,Statutory nominal gross monthly minimum wage,Currency: U.S. dollars,2023,38.167,Type of minimum wage: Singular national minimum wage | Currency: LKA - Sri Lankan rupee (LKR),LKA,0.776
Sri Lanka,ADM - Labour legislation,Statutory nominal gross monthly minimum wage,Currency: U.S. dollars,2022,38.744,Type of minimum wage: Singular national minimum wage | Currency: LKA - Sri Lankan rupee (LKR),LKA,0.777
Sri Lanka,ADM - Labour legislation,Statutory nominal gross monthly minimum wage,Currency: U.S. dollars,2021,62.889,Type of minimum wage: Singular national minimum wage | Currency: LKA - Sri Lankan rupee (LKR),LKA,0.777
Sri Lanka,ADM - Labour legislation,Statutory nominal gross monthly minimum wage,Currency: U.S. dollars,2020,67.352,Type of minimum wage: Singular national minimum wage | Currency: LKA - Sri Lankan rupee (LKR),LKA,0.78
Sri Lanka,ADM - Labour legislation,Statutory nominal gross monthly minimum wage,Currency: U.S. dollars,2019,69.932,Type of minimum wage: Singular national minimum wage | Currency: LKA - Sri Lankan rupee (LKR),LKA,0.781
Sri Lanka,ADM - Labour legislation,Statutory nominal gross monthly minimum wage,Currency: U.S. dollars,2018,76.94,Type of minimum wage: Singular national minimum wage | Currency: LKA - Sri Lankan rupee (LKR),LKA,0.782
Sri Lanka,ADM - Labour legislation,Statutory nominal gross monthly minimum wage,Currency: U.S. dollars,2017,81.996,Type of minimum wage: Singular national minimum wage | Currency: LKA - Sri Lankan rupee (LKR),LKA,0.777
Sri Lanka,ADM - Labour legislation,Statutory nominal gross monthly minimum wage,Currency: U.S. dollars,2016,85.862,Type of minimum wage: Singular national minimum wage | Currency: LKA - Sri Lankan rupee (LKR),LKA,0.772
Sri Lanka,ADM - Labour legislation,Statutory nominal gross monthly minimum wage,Currency: U.S. dollars,2009,51.225,Currency: LKA - Sri Lankan rupee (LKR),LKA,0.723
Sri Lanka,ADM - Labour legislation,Statutory nominal gross monthly minimum wage,Currency: U.S. dollars,2008,48.766,Currency: LKA - Sri Lankan rupee (LKR),LKA,0.73
Sri Lanka,ADM - Labour legislation,Statutory nominal gross monthly minimum wage,Currency: U.S. dollars,2007,37.307,Currency: LKA - Sri Lankan rupee (LKR),LKA,0.729
Sri Lanka,ADM - Labour legislation,Statutory nominal gross monthly minimum wage,Currency: U.S. dollars,2006,29.476,Currency: LKA - Sri Lankan rupee (LKR),LKA,0.724
Sri Lanka,ADM - Labour legislation,Statutory nominal gross monthly minimum wage,Currency: U.S. dollars,2005,29.951,Currency: LKA - Sri Lankan rupee (LKR),LKA,0.721
Sri Lanka,ADM - Labour legislation,Statutory nominal gross monthly minimum wage,Currency: U.S. dollars,2004,29.142,Currency: LKA - Sri Lankan rupee (LKR),LKA,0.695
Sri Lanka,ADM - Labour legislation,Statutory nominal gross monthly minimum wage,Currency: U.S. dollars,2003,28.274,Currency: LKA - Sri Lankan rupee (LKR),LKA,0.713
Sri Lanka,ADM - Labour legislation,Statutory nominal gross monthly minimum wage,Currency: U.S. dollars,2002,27.66,Currency: LKA - Sri Lankan rupee (LKR),LKA,0.709
Sri Lanka,ADM - Labour legislation,Statutory nominal gross monthly minimum wage,Currency: U.S. dollars,2001,28.014,Currency: LKA - Sri Lankan rupee (LKR),LKA,0.704
Sri Lanka,ADM - Labour legislation,Statutory nominal gross monthly minimum wage,Currency: U.S. dollars,2000,28.92,Currency: LKA - Sri Lankan rupee (LKR),LKA,0.702
Lesotho,ADM - Labour legislation,Statutory nominal gross monthly minimum wage,Currency: U.S. dollars,2023,101.95,Type of minimum wage: National floor | Currency: LSO - Loti (LSL),LSO,0.55
Lesotho,ADM - Labour legislation,Statutory nominal gross monthly minimum wage,Currency: U.S. dollars,2022,99.047,Type of minimum wage: National floor | Currency: LSO - Loti (LSL),LSO,0.547
Lesotho,ADM - Labour legislation,Statutory nominal gross monthly minimum wage,Currency: U.S. dollars,2021,109.617,Type of minimum wage: National floor | Currency: LSO - Loti (LSL),LSO,0.532
Lesotho,ADM - Labour legislation,Statutory nominal gross monthly minimum wage,Currency: U.S. dollars,2020,98.426,Type of minimum wage: National floor | Currency: LSO - Loti (LSL),LSO,0.537
Lesotho,ADM - Labour legislation,Statutory nominal gross monthly minimum wage,Currency: U.S. dollars,2019,112.123,Type of minimum wage: National floor | Currency: LSO - Loti (LSL),LSO,0.541
Lesotho,ADM - Labour legislation,Statutory nominal gross monthly minimum wage,Currency: U.S. dollars,2018,89.014,Type of minimum wage: National floor | Currency: LSO - Loti (LSL),LSO,0.538
Lesotho,ADM - Labour legislation,Statutory nominal gross monthly minimum wage,Currency: U.S. dollars,2017,88.413,Type of minimum wage: National floor | Currency: LSO - Loti (LSL),LSO,0.531
Lesotho,ADM - Labour legislation,Statutory nominal gross monthly minimum wage,Currency: U.S. dollars,2016,80.084,Type of minimum wage: National floor | Currency: LSO - Loti (LSL),LSO,0.526
Lesotho,ADM - Labour legislation,Statutory nominal gross monthly minimum wage,Currency: U.S. dollars,2015,92.328,Type of minimum wage: National floor | Currency: LSO - Loti (LSL),LSO,0.517
Lesotho,ADM - Labour legislation,Statutory nominal gross monthly minimum wage,Currency: U.S. dollars,2014,108.545,Type of minimum wage: National floor | Currency: LSO - Loti (LSL),LSO,0.509
Lesotho,ADM - Labour legislation,Statutory nominal gross monthly minimum wage,Currency: U.S. dollars,2013,104.505,Type of minimum wage: National floor | Currency: LSO - Loti (LSL),LSO,0.502
Lesotho,ADM - Labour legislation,Statutory nominal gross monthly minimum wage,Currency: U.S. dollars,2012,122.899,Type of minimum wage: National floor | Currency: LSO - Loti (LSL),LSO,0.496
Lesotho,ADM - Labour legislation,Statutory nominal gross monthly minimum wage,Currency: U.S. dollars,2011,128.768,Type of minimum wage: National floor | Currency: LSO - Loti (LSL),LSO,0.485
Lesotho,ADM - Labour legislation,Statutory nominal gross monthly minimum wage,Currency: U.S. dollars,2010,119.925,Type of minimum wage: National floor | Currency: LSO - Loti (LSL),LSO,0.478
Lesotho,ADM - Labour legislation,Statutory nominal gross monthly minimum wage,Currency: U.S. dollars,2009,98.658,Type of minimum wage: National floor | Currency: LSO - Loti (LSL),LSO,0.468
Lesotho,ADM - Labour legislation,Statutory nominal gross monthly minimum wage,Currency: U.S. dollars,2008,98.29,Type of minimum wage: National floor | Currency: LSO - Loti (LSL),LSO,0.463
Lesotho,ADM - Labour legislation,Statutory nominal gross monthly minimum wage,Currency: U.S. dollars,2007,107.163,Currency: LSO - Loti (LSL),LSO,0.458
Lesotho,ADM - Labour legislation,Statutory nominal gross monthly minimum wage,Currency: U.S. dollars,2006,102.931,Currency: LSO - Loti (LSL),LSO,0.451
Lesotho,ADM - Labour legislation,Statutory nominal gross monthly minimum wage,Currency: U.S. dollars,2005,105.829,Currency: LSO - Loti (LSL),LSO,0.454
Lesotho,ADM - Labour legislation,Statutory nominal gross monthly minimum wage,Currency: U.S. dollars,2004,100.624,Currency: LSO - Loti (LSL),LSO,0.454
Lesotho,ADM - Labour legislation,Statutory nominal gross monthly minimum wage,Currency: U.S. dollars,2003,82.091,Central tendency measure: Minimum | Currency: LSO - Loti (LSL),LSO,0.456
Lesotho,ADM - Labour legislation,Statutory nominal gross monthly minimum wage,Currency: U.S. dollars,2002,55.878,Central tendency measure: Minimum | Currency: LSO - Loti (LSL),LSO,0.455
Lesotho,ADM - Labour legislation,Statutory nominal gross monthly minimum wage,Currency: U.S. dollars,2001,62.143,Central tendency measure: Minimum | Currency: LSO - Loti (LSL),LSO,0.457
Lesotho,ADM - Labour legislation,Statutory nominal gross monthly minimum wage,Currency: U.S. dollars,2000,72.336,Central tendency measure: Minimum | Currency: LSO - Loti (LSL),LSO,0.462
Lithuania,ADM - Labour legislation,Statutory nominal gross monthly minimum wage,Currency: U.S. dollars,2023,908.266,Type of minimum wage: Singular national minimum wage | Currency: LTU - Euro (EUR),LTU,0.895
Lithuania,ADM - Labour legislation,Statutory nominal gross monthly minimum wage,Currency: U.S. dollars,2022,768.726,Type of minimum wage: Singular national minimum wage | Currency: LTU - Euro (EUR),LTU,0.888
Lithuania,ADM - Labour legislation,Statutory nominal gross monthly minimum wage,Currency: U.S. dollars,2021,759.319,Type of minimum wage: Singular national minimum wage | Currency: LTU - Euro (EUR),LTU,0.887
Lithuania,ADM - Labour legislation,Statutory nominal gross monthly minimum wage,Currency: U.S. dollars,2020,693.313,Type of minimum wage: Singular national minimum wage | Currency: LTU - Euro (EUR),LTU,0.888
Lithuania,ADM - Labour legislation,Statutory nominal gross monthly minimum wage,Currency: U.S. dollars,2019,621.308,Type of minimum wage: Singular national minimum wage | Currency: LTU - Euro (EUR),LTU,0.894
Lithuania,ADM - Labour legislation,Statutory nominal gross monthly minimum wage,Currency: U.S. dollars,2018,472.382,Type of minimum wage: Singular national minimum wage | Currency: LTU - Euro (EUR),LTU,0.889
Lithuania,ADM - Labour legislation,Statutory nominal gross monthly minimum wage,Currency: U.S. dollars,2017,429.279,Type of minimum wage: Singular national minimum wage | Currency: LTU - Euro (EUR),LTU,0.885
Lithuania,ADM - Labour legislation,Statutory nominal gross monthly minimum wage,Currency: U.S. dollars,2016,420.623,Type of minimum wage: Singular national minimum wage | Currency: LTU - Euro (EUR),LTU,0.875
Lithuania,ADM - Labour legislation,Statutory nominal gross monthly minimum wage,Currency: U.S. dollars,2015,360.592,Type of minimum wage: Singular national minimum wage | Currency: LTU - Euro (EUR),LTU,0.869
Lithuania,ADM - Labour legislation,Statutory nominal gross monthly minimum wage,Currency: U.S. dollars,2014,385.265,Type of minimum wage: Singular national minimum wage | Currency: LTU - Euro (EUR),LTU,0.866
Lithuania,ADM - Labour legislation,Statutory nominal gross monthly minimum wage,Currency: U.S. dollars,2013,385.154,Type of minimum wage: Singular national minimum wage | Currency: LTU - Euro (EUR),LTU,0.865
Lithuania,ADM - Labour legislation,Statutory nominal gross monthly minimum wage,Currency: U.S. dollars,2012,298.071,Type of minimum wage: Singular national minimum wage | Currency: LTU - Euro (EUR),LTU,0.862
Lithuania,ADM - Labour legislation,Statutory nominal gross monthly minimum wage,Currency: U.S. dollars,2011,322.934,Type of minimum wage: Singular national minimum wage | Currency: LTU - Euro (EUR),LTU,0.86
Lithuania,ADM - Labour legislation,Statutory nominal gross monthly minimum wage,Currency: U.S. dollars,2010,307.566,Type of minimum wage: Singular national minimum wage | Currency: LTU - Euro (EUR),LTU,0.854
Lithuania,ADM - Labour legislation,Statutory nominal gross monthly minimum wage,Currency: U.S. dollars,2009,323.59,Type of minimum wage: Singular national minimum wage | Currency: LTU - Euro (EUR),LTU,0.851
Lithuania,ADM - Labour legislation,Statutory nominal gross monthly minimum wage,Currency: U.S. dollars,2008,341.215,Type of minimum wage: Singular national minimum wage | Currency: LTU - Euro (EUR),LTU,0.849
Lithuania,ADM - Labour legislation,Statutory nominal gross monthly minimum wage,Currency: U.S. dollars,2007,278.207,Type of minimum wage: Singular national minimum wage | Currency: LTU - Euro (EUR),LTU,0.839
Lithuania,ADM - Labour legislation,Statutory nominal gross monthly minimum wage,Currency: U.S. dollars,2006,218.474,Type of minimum wage: Singular national minimum wage | Currency: LTU - Euro (EUR),LTU,0.834
Lithuania,ADM - Labour legislation,Statutory nominal gross monthly minimum wage,Currency: U.S. dollars,2005,197.81,Type of minimum wage: Singular national minimum wage | Currency: LTU - Euro (EUR),LTU,0.828
Lithuania,ADM - Labour legislation,Statutory nominal gross monthly minimum wage,Currency: U.S. dollars,2004,180.366,Type of minimum wage: Singular national minimum wage | Currency: LTU - Euro (EUR),LTU,0.821
Lithuania,ADM - Labour legislation,Statutory nominal gross monthly minimum wage,Currency: U.S. dollars,2003,141.395,Type of minimum wage: Singular national minimum wage | Currency: LTU - Euro (EUR),LTU,0.812
Lithuania,ADM - Labour legislation,Statutory nominal gross monthly minimum wage,Currency: U.S. dollars,2002,118.197,Type of minimum wage: Singular national minimum wage | Currency: LTU - Euro (EUR),LTU,0.799
Lithuania,ADM - Labour legislation,Statutory nominal gross monthly minimum wage,Currency: U.S. dollars,2001,113.745,Type of minimum wage: Singular national minimum wage | Currency: LTU - Euro (EUR),LTU,0.787
Lithuania,ADM - Labour legislation,Statutory nominal gross monthly minimum wage,Currency: U.S. dollars,2000,104.368,Type of minimum wage: Singular national minimum wage | Currency: LTU - Euro (EUR),LTU,0.778
Luxembourg,ADM - Labour legislation,Statutory nominal gross monthly minimum wage,Currency: U.S. dollars,2023,2711.822,Type of minimum wage: Singular national minimum wage | Currency: LUX - Euro (EUR),LUX,0.922
Luxembourg,ADM - Labour legislation,Statutory nominal gross monthly minimum wage,Currency: U.S. dollars,2022,2435.702,Type of minimum wage: Singular national minimum wage | Currency: LUX - Euro (EUR),LUX,0.922
Luxembourg,ADM - Labour legislation,Statutory nominal gross monthly minimum wage,Currency: U.S. dollars,2021,2604.394,Type of minimum wage: Singular national minimum wage | Currency: LUX - Euro (EUR),LUX,0.918
Luxembourg,ADM - Labour legislation,Statutory nominal gross monthly minimum wage,Currency: U.S. dollars,2020,2446.584,Type of minimum wage: Singular national minimum wage | Currency: LUX - Euro (EUR),LUX,0.916
Luxembourg,ADM - Labour legislation,Statutory nominal gross monthly minimum wage,Currency: U.S. dollars,2019,2339.702,Type of minimum wage: Singular national minimum wage | Currency: LUX - Euro (EUR),LUX,0.916
Luxembourg,ADM - Labour legislation,Statutory nominal gross monthly minimum wage,Currency: U.S. dollars,2018,2360.728,Type of minimum wage: Singular national minimum wage | Currency: LUX - Euro (EUR),LUX,0.915
Luxembourg,ADM - Labour legislation,Statutory nominal gross monthly minimum wage,Currency: U.S. dollars,2017,2258.233,Type of minimum wage: Singular national minimum wage | Currency: LUX - Euro (EUR),LUX,0.913
Luxembourg,ADM - Labour legislation,Statutory nominal gross monthly minimum wage,Currency: U.S. dollars,2016,2128.575,Type of minimum wage: Singular national minimum wage | Currency: LUX - Euro (EUR),LUX,0.916
Luxembourg,ADM - Labour legislation,Statutory nominal gross monthly minimum wage,Currency: U.S. dollars,2015,2133.593,Type of minimum wage: Singular national minimum wage | Currency: LUX - Euro (EUR),LUX,0.913
Luxembourg,ADM - Labour legislation,Statutory nominal gross monthly minimum wage,Currency: U.S. dollars,2014,2552.05,Type of minimum wage: Singular national minimum wage | Currency: LUX - Euro (EUR),LUX,0.924
Luxembourg,ADM - Labour legislation,Statutory nominal gross monthly minimum wage,Currency: U.S. dollars,2013,2488.893,Type of minimum wage: Singular national minimum wage | Currency: LUX - Euro (EUR),LUX,0.919
Luxembourg,ADM - Labour legislation,Statutory nominal gross monthly minimum wage,Currency: U.S. dollars,2012,2313.904,Type of minimum wage: Singular national minimum wage | Currency: LUX - Euro (EUR),LUX,0.914
Luxembourg,ADM - Labour legislation,Statutory nominal gross monthly minimum wage,Currency: U.S. dollars,2011,2447.057,Type of minimum wage: Singular national minimum wage | Currency: LUX - Euro (EUR),LUX,0.911
Luxembourg,ADM - Labour legislation,Statutory nominal gross monthly minimum wage,Currency: U.S. dollars,2010,2286.861,Type of minimum wage: Singular national minimum wage | Currency: LUX - Euro (EUR),LUX,0.909
Luxembourg,ADM - Labour legislation,Statutory nominal gross monthly minimum wage,Currency: U.S. dollars,2009,2347.419,Type of minimum wage: Singular national minimum wage | Currency: LUX - Euro (EUR),LUX,0.905
Luxembourg,ADM - Labour legislation,Statutory nominal gross monthly minimum wage,Currency: U.S. dollars,2008,2367.916,Type of minimum wage: Singular national minimum wage | Currency: LUX - Euro (EUR),LUX,0.896
Luxembourg,ADM - Labour legislation,Statutory nominal gross monthly minimum wage,Currency: U.S. dollars,2007,2151.651,Type of minimum wage: Singular national minimum wage | Currency: LUX - Euro (EUR),LUX,0.883
Luxembourg,ADM - Labour legislation,Statutory nominal gross monthly minimum wage,Currency: U.S. dollars,2006,1887.165,Type of minimum wage: Singular national minimum wage | Currency: LUX - Euro (EUR),LUX,0.88
Luxembourg,ADM - Labour legislation,Statutory nominal gross monthly minimum wage,Currency: U.S. dollars,2005,1825.08,Type of minimum wage: Singular national minimum wage | Currency: LUX - Euro (EUR),LUX,0.879
Luxembourg,ADM - Labour legislation,Statutory nominal gross monthly minimum wage,Currency: U.S. dollars,2004,1745.195,Type of minimum wage: Singular national minimum wage | Currency: LUX - Euro (EUR),LUX,0.878
Luxembourg,ADM - Labour legislation,Statutory nominal gross monthly minimum wage,Currency: U.S. dollars,2003,1548.559,Type of minimum wage: Singular national minimum wage | Currency: LUX - Euro (EUR),LUX,0.87
Luxembourg,ADM - Labour legislation,Statutory nominal gross monthly minimum wage,Currency: U.S. dollars,2002,1250.049,Type of minimum wage: Singular national minimum wage | Currency: LUX - Euro (EUR),LUX,0.868
Luxembourg,ADM - Labour legislation,Statutory nominal gross monthly minimum wage,Currency: U.S. dollars,2001,1155.362,Type of minimum wage: Singular national minimum wage | Currency: LUX - Euro (EUR),LUX,0.863
Luxembourg,ADM - Labour legislation,Statutory nominal gross monthly minimum wage,Currency: U.S. dollars,2000,1127.731,Type of minimum wage: Singular national minimum wage | Currency: LUX - Euro (EUR),LUX,0.861
Latvia,ADM - Labour legislation,Statutory nominal gross monthly minimum wage,Currency: U.S. dollars,2023,670.386,Type of minimum wage: Singular national minimum wage | Currency: LVA - Euro (EUR),LVA,0.889
Latvia,ADM - Labour legislation,Statutory nominal gross monthly minimum wage,Currency: U.S. dollars,2022,526.524,Type of minimum wage: Singular national minimum wage | Currency: LVA - Euro (EUR),LVA,0.881
Latvia,ADM - Labour legislation,Statutory nominal gross monthly minimum wage,Currency: U.S. dollars,2021,591.37,Type of minimum wage: Singular national minimum wage | Currency: LVA - Euro (EUR),LVA,0.871
Latvia,ADM - Labour legislation,Statutory nominal gross monthly minimum wage,Currency: U.S. dollars,2020,491.144,Type of minimum wage: Singular national minimum wage | Currency: LVA - Euro (EUR),LVA,0.879
Latvia,ADM - Labour legislation,Statutory nominal gross monthly minimum wage,Currency: U.S. dollars,2019,481.374,Type of minimum wage: Singular national minimum wage | Currency: LVA - Euro (EUR),LVA,0.88
Latvia,ADM - Labour legislation,Statutory nominal gross monthly minimum wage,Currency: U.S. dollars,2018,507.81,Type of minimum wage: Singular national minimum wage | Currency: LVA - Euro (EUR),LVA,0.875
Latvia,ADM - Labour legislation,Statutory nominal gross monthly minimum wage,Currency: U.S. dollars,2017,429.279,Type of minimum wage: Singular national minimum wage | Currency: LVA - Euro (EUR),LVA,0.87
Latvia,ADM - Labour legislation,Statutory nominal gross monthly minimum wage,Currency: U.S. dollars,2016,409.554,Type of minimum wage: Singular national minimum wage | Currency: LVA - Euro (EUR),LVA,0.864
Latvia,ADM - Labour legislation,Statutory nominal gross monthly minimum wage,Currency: U.S. dollars,2015,399.425,Type of minimum wage: Singular national minimum wage | Currency: LVA - Euro (EUR),LVA,0.859
Latvia,ADM - Labour legislation,Statutory nominal gross monthly minimum wage,Currency: U.S. dollars,2014,425.12,Type of minimum wage: Singular national minimum wage | Currency: LVA - Euro (EUR),LVA,0.854
Latvia,ADM - Labour legislation,Statutory nominal gross monthly minimum wage,Currency: U.S. dollars,2013,378.514,Type of minimum wage: Singular national minimum wage | Currency: LVA - Euro (EUR),LVA,0.852
Latvia,ADM - Labour legislation,Statutory nominal gross monthly minimum wage,Currency: U.S. dollars,2012,368.734,Type of minimum wage: Singular national minimum wage | Currency: LVA - Euro (EUR),LVA,0.843
Latvia,ADM - Labour legislation,Statutory nominal gross monthly minimum wage,Currency: U.S. dollars,2011,392.531,Type of minimum wage: Singular national minimum wage | Currency: LVA - Euro (EUR),LVA,0.84
Latvia,ADM - Labour legislation,Statutory nominal gross monthly minimum wage,Currency: U.S. dollars,2010,336.732,Type of minimum wage: Singular national minimum wage | Currency: LVA - Euro (EUR),LVA,0.833
Latvia,ADM - Labour legislation,Statutory nominal gross monthly minimum wage,Currency: U.S. dollars,2009,357.064,Type of minimum wage: Singular national minimum wage | Currency: LVA - Euro (EUR),LVA,0.836
Latvia,ADM - Labour legislation,Statutory nominal gross monthly minimum wage,Currency: U.S. dollars,2008,333.861,Type of minimum wage: Singular national minimum wage | Currency: LVA - Euro (EUR),LVA,0.837
Latvia,ADM - Labour legislation,Statutory nominal gross monthly minimum wage,Currency: U.S. dollars,2007,235.722,Type of minimum wage: Singular national minimum wage | Currency: LVA - Euro (EUR),LVA,0.829
Latvia,ADM - Labour legislation,Statutory nominal gross monthly minimum wage,Currency: U.S. dollars,2006,161.972,Type of minimum wage: Singular national minimum wage | Currency: LVA - Euro (EUR),LVA,0.823
Latvia,ADM - Labour legislation,Statutory nominal gross monthly minimum wage,Currency: U.S. dollars,2005,143.07,Type of minimum wage: Singular national minimum wage | Currency: LVA - Euro (EUR),LVA,0.818
Latvia,ADM - Labour legislation,Statutory nominal gross monthly minimum wage,Currency: U.S. dollars,2004,151.756,Type of minimum wage: Singular national minimum wage | Currency: LVA - Euro (EUR),LVA,0.809
Latvia,ADM - Labour legislation,Statutory nominal gross monthly minimum wage,Currency: U.S. dollars,2003,122.165,Type of minimum wage: Singular national minimum wage | Currency: LVA - Euro (EUR),LVA,0.798
Latvia,ADM - Labour legislation,Statutory nominal gross monthly minimum wage,Currency: U.S. dollars,2002,94.557,Type of minimum wage: Singular national minimum wage | Currency: LVA - Euro (EUR),LVA,0.786
Latvia,ADM - Labour legislation,Statutory nominal gross monthly minimum wage,Currency: U.S. dollars,2001,99.415,Type of minimum wage: Singular national minimum wage | Currency: LVA - Euro (EUR),LVA,0.775
Latvia,ADM - Labour legislation,Statutory nominal gross monthly minimum wage,Currency: U.S. dollars,2000,81.278,Type of minimum wage: Singular national minimum wage | Currency: LVA - Euro (EUR),LVA,0.764
Morocco,ADM - Labour legislation,Statutory nominal gross monthly minimum wage,Currency: U.S. dollars,2023,307.953,Type of minimum wage: Rate of the SMIG when SMIG/SMAG system | Currency: MAR - Moroccan dirham (MAD),MAR,0.71
Morocco,ADM - Labour legislation,Statutory nominal gross monthly minimum wage,Currency: U.S. dollars,2022,285.611,Type of minimum wage: Rate of the SMIG when SMIG/SMAG system | Currency: MAR - Moroccan dirham (MAD),MAR,0.704
Morocco,ADM - Labour legislation,Statutory nominal gross monthly minimum wage,Currency: U.S. dollars,2021,314.705,Type of minimum wage: Rate of the SMIG when SMIG/SMAG system | Currency: MAR - Moroccan dirham (MAD),MAR,0.69
Morocco,ADM - Labour legislation,Statutory nominal gross monthly minimum wage,Currency: U.S. dollars,2020,297.859,Type of minimum wage: Rate of the SMIG when SMIG/SMAG system | Currency: MAR - Moroccan dirham (MAD),MAR,0.683
Morocco,ADM - Labour legislation,Statutory nominal gross monthly minimum wage,Currency: U.S. dollars,2019,280.626,Type of minimum wage: Rate of the SMIG when SMIG/SMAG system | Currency: MAR - Moroccan dirham (MAD),MAR,0.687
Morocco,ADM - Labour legislation,Statutory nominal gross monthly minimum wage,Currency: U.S. dollars,2018,273.905,Type of minimum wage: Rate of the SMIG when SMIG/SMAG system | Currency: MAR - Moroccan dirham (MAD),MAR,0.68
Morocco,ADM - Labour legislation,Statutory nominal gross monthly minimum wage,Currency: U.S. dollars,2017,265.26,Type of minimum wage: Rate of the SMIG when SMIG/SMAG system | Currency: MAR - Moroccan dirham (MAD),MAR,0.674
Morocco,ADM - Labour legislation,Statutory nominal gross monthly minimum wage,Currency: U.S. dollars,2016,262.137,Type of minimum wage: Rate of the SMIG when SMIG/SMAG system | Currency: MAR - Moroccan dirham (MAD),MAR,0.665
Morocco,ADM - Labour legislation,Statutory nominal gross monthly minimum wage,Currency: U.S. dollars,2015,263.295,Type of minimum wage: Rate of the SMIG when SMIG/SMAG system | Currency: MAR - Moroccan dirham (MAD),MAR,0.659
Morocco,ADM - Labour legislation,Statutory nominal gross monthly minimum wage,Currency: U.S. dollars,2014,291.97,Type of minimum wage: Rate of the SMIG when SMIG/SMAG system | Currency: MAR - Moroccan dirham (MAD),MAR,0.648
Morocco,ADM - Labour legislation,Statutory nominal gross monthly minimum wage,Currency: U.S. dollars,2013,278.127,Type of minimum wage: Rate of the SMIG when SMIG/SMAG system | Currency: MAR - Moroccan dirham (MAD),MAR,0.639
Morocco,ADM - Labour legislation,Statutory nominal gross monthly minimum wage,Currency: U.S. dollars,2012,270.941,Type of minimum wage: Rate of the SMIG when SMIG/SMAG system | Currency: MAR - Moroccan dirham (MAD),MAR,0.629
Morocco,ADM - Labour legislation,Statutory nominal gross monthly minimum wage,Currency: U.S. dollars,2011,276.234,Type of minimum wage: Rate of the SMIG when SMIG/SMAG system | Currency: MAR - Moroccan dirham (MAD),MAR,0.619
Morocco,ADM - Labour legislation,Statutory nominal gross monthly minimum wage,Currency: U.S. dollars,2010,241.435,Type of minimum wage: Rate of the SMIG when SMIG/SMAG system | Currency: MAR - Moroccan dirham (MAD),MAR,0.607
Morocco,ADM - Labour legislation,Statutory nominal gross monthly minimum wage,Currency: U.S. dollars,2009,252.225,Type of minimum wage: Rate of the SMIG when SMIG/SMAG system | Currency: MAR - Moroccan dirham (MAD),MAR,0.598
Morocco,ADM - Labour legislation,Statutory nominal gross monthly minimum wage,Currency: U.S. dollars,2008,249.886,Type of minimum wage: Rate of the SMIG when SMIG/SMAG system | Currency: MAR - Moroccan dirham (MAD),MAR,0.593
Morocco,ADM - Labour legislation,Statutory nominal gross monthly minimum wage,Currency: U.S. dollars,2007,224.844,Currency: MAR - Moroccan dirham (MAD),MAR,0.586
Morocco,ADM - Labour legislation,Statutory nominal gross monthly minimum wage,Currency: U.S. dollars,2006,209.423,Currency: MAR - Moroccan dirham (MAD),MAR,0.579
Morocco,ADM - Labour legislation,Statutory nominal gross monthly minimum wage,Currency: U.S. dollars,2005,207.783,Currency: MAR - Moroccan dirham (MAD),MAR,0.573
Morocco,ADM - Labour legislation,Statutory nominal gross monthly minimum wage,Currency: U.S. dollars,2004,207.713,Currency: MAR - Moroccan dirham (MAD),MAR,0.567
Morocco,ADM - Labour legislation,Statutory nominal gross monthly minimum wage,Currency: U.S. dollars,2003,174.841,Currency: MAR - Moroccan dirham (MAD),MAR,0.56
Morocco,ADM - Labour legislation,Statutory nominal gross monthly minimum wage,Currency: U.S. dollars,2002,151.898,Currency: MAR - Moroccan dirham (MAD),MAR,0.55
Morocco,ADM - Labour legislation,Statutory nominal gross monthly minimum wage,Currency: U.S. dollars,2001,148.103,Currency: MAR - Moroccan dirham (MAD),MAR,0.539
Morocco,ADM - Labour legislation,Statutory nominal gross monthly minimum wage,Currency: U.S. dollars,2000,157.543,Currency: MAR - Moroccan dirham (MAD),MAR,0.528
Republic of Moldova,ADM - Labour legislation,Statutory nominal gross monthly minimum wage,Currency: U.S. dollars,2023,220.217,Currency: MDA - Moldovan leu (MDL),MDA,0.785
Republic of Moldova,ADM - Labour legislation,Statutory nominal gross monthly minimum wage,Currency: U.S. dollars,2022,52.918,Currency: MDA - Moldovan leu (MDL),MDA,0.784
Republic of Moldova,ADM - Labour legislation,Statutory nominal gross monthly minimum wage,Currency: U.S. dollars,2021,56.56,Currency: MDA - Moldovan leu (MDL),MDA,0.773
Republic of Moldova,ADM - Labour legislation,Statutory nominal gross monthly minimum wage,Currency: U.S. dollars,2020,57.731,Currency: MDA - Moldovan leu (MDL),MDA,0.77
Republic of Moldova,ADM - Labour legislation,Statutory nominal gross monthly minimum wage,Currency: U.S. dollars,2019,56.904,Currency: MDA - Moldovan leu (MDL),MDA,0.775
Republic of Moldova,ADM - Labour legislation,Statutory nominal gross monthly minimum wage,Currency: U.S. dollars,2018,59.516,Currency: MDA - Moldovan leu (MDL),MDA,0.772
Republic of Moldova,ADM - Labour legislation,Statutory nominal gross monthly minimum wage,Currency: U.S. dollars,2017,54.057,Currency: MDA - Moldovan leu (MDL),MDA,0.769
Republic of Moldova,ADM - Labour legislation,Statutory nominal gross monthly minimum wage,Currency: U.S. dollars,2016,50.191,Currency: MDA - Moldovan leu (MDL),MDA,0.763
Republic of Moldova,ADM - Labour legislation,Statutory nominal gross monthly minimum wage,Currency: U.S. dollars,2015,53.139,Currency: MDA - Moldovan leu (MDL),MDA,0.759
Republic of Moldova,ADM - Labour legislation,Statutory nominal gross monthly minimum wage,Currency: U.S. dollars,2014,42.748,Currency: MDA - Moldovan leu (MDL),MDA,0.762
Republic of Moldova,ADM - Labour legislation,Statutory nominal gross monthly minimum wage,Currency: U.S. dollars,2013,47.669,Currency: MDA - Moldovan leu (MDL),MDA,0.758
Republic of Moldova,ADM - Labour legislation,Statutory nominal gross monthly minimum wage,Currency: U.S. dollars,2012,49.54,Currency: MDA - Moldovan leu (MDL),MDA,0.754
Republic of Moldova,ADM - Labour legislation,Statutory nominal gross monthly minimum wage,Currency: U.S. dollars,2011,51.113,Currency: MDA - Moldovan leu (MDL),MDA,0.748
Republic of Moldova,ADM - Labour legislation,Statutory nominal gross monthly minimum wage,Currency: U.S. dollars,2010,48.507,Currency: MDA - Moldovan leu (MDL),MDA,0.739
Republic of Moldova,ADM - Labour legislation,Statutory nominal gross monthly minimum wage,Currency: U.S. dollars,2009,54.008,Currency: MDA - Moldovan leu (MDL),MDA,0.729
Republic of Moldova,ADM - Labour legislation,Statutory nominal gross monthly minimum wage,Currency: U.S. dollars,2008,38.491,Currency: MDA - Moldovan leu (MDL),MDA,0.728
Republic of Moldova,ADM - Labour legislation,Statutory nominal gross monthly minimum wage,Currency: U.S. dollars,2007,32.949,Currency: MDA - Moldovan leu (MDL),MDA,0.718
Republic of Moldova,ADM - Labour legislation,Statutory nominal gross monthly minimum wage,Currency: U.S. dollars,2006,15.231,Currency: MDA - Moldovan leu (MDL),MDA,0.711
Republic of Moldova,ADM - Labour legislation,Statutory nominal gross monthly minimum wage,Currency: U.S. dollars,2005,15.874,Currency: MDA - Moldovan leu (MDL),MDA,0.702
Republic of Moldova,ADM - Labour legislation,Statutory nominal gross monthly minimum wage,Currency: U.S. dollars,2004,8.11,Currency: MDA - Moldovan leu (MDL),MDA,0.702
Republic of Moldova,ADM - Labour legislation,Statutory nominal gross monthly minimum wage,Currency: U.S. dollars,2003,7.171,Currency: MDA - Moldovan leu (MDL),MDA,0.702
Republic of Moldova,ADM - Labour legislation,Statutory nominal gross monthly minimum wage,Currency: U.S. dollars,2002,7.369,Currency: MDA - Moldovan leu (MDL),MDA,0.702
Republic of Moldova,ADM - Labour legislation,Statutory nominal gross monthly minimum wage,Currency: U.S. dollars,2001,7.773,Currency: MDA - Moldovan leu (MDL),MDA,0.702
Republic of Moldova,ADM - Labour legislation,Statutory nominal gross monthly minimum wage,Currency: U.S. dollars,2000,1.448,Currency: MDA - Moldovan leu (MDL),MDA,0.702
Madagascar,ADM - Labour legislation,Statutory nominal gross monthly minimum wage,Currency: U.S. dollars,2023,41.686,Type of minimum wage: Rate of the SMIG when SMIG/SMAG system | Currency: MDG - Malagasy ariary (MGA),MDG,0.487
Madagascar,ADM - Labour legislation,Statutory nominal gross monthly minimum wage,Currency: U.S. dollars,2022,45.08,Type of minimum wage: Rate of the SMIG when SMIG/SMAG system | Currency: MDG - Malagasy ariary (MGA),MDG,0.483
Madagascar,ADM - Labour legislation,Statutory nominal gross monthly minimum wage,Currency: U.S. dollars,2021,43.869,Type of minimum wage: Rate of the SMIG when SMIG/SMAG system | Currency: MDG - Malagasy ariary (MGA),MDG,0.481
Madagascar,ADM - Labour legislation,Statutory nominal gross monthly minimum wage,Currency: U.S. dollars,2020,44.358,Type of minimum wage: Rate of the SMIG when SMIG/SMAG system | Currency: MDG - Malagasy ariary (MGA),MDG,0.483
Madagascar,ADM - Labour legislation,Statutory nominal gross monthly minimum wage,Currency: U.S. dollars,2019,46.436,Type of minimum wage: Rate of the SMIG when SMIG/SMAG system | Currency: MDG - Malagasy ariary (MGA),MDG,0.495
Madagascar,ADM - Labour legislation,Statutory nominal gross monthly minimum wage,Currency: U.S. dollars,2018,50.384,Type of minimum wage: Rate of the SMIG when SMIG/SMAG system | Currency: MDG - Malagasy ariary (MGA),MDG,0.501
Madagascar,ADM - Labour legislation,Statutory nominal gross monthly minimum wage,Currency: U.S. dollars,2017,49.909,Type of minimum wage: Rate of the SMIG when SMIG/SMAG system | Currency: MDG - Malagasy ariary (MGA),MDG,0.505
Madagascar,ADM - Labour legislation,Statutory nominal gross monthly minimum wage,Currency: U.S. dollars,2016,45.333,Type of minimum wage: Rate of the SMIG when SMIG/SMAG system | Currency: MDG - Malagasy ariary (MGA),MDG,0.501
Madagascar,ADM - Labour legislation,Statutory nominal gross monthly minimum wage,Currency: U.S. dollars,2015,45.343,Type of minimum wage: Rate of the SMIG when SMIG/SMAG system | Currency: MDG - Malagasy ariary (MGA),MDG,0.501
Madagascar,ADM - Labour legislation,Statutory nominal gross monthly minimum wage,Currency: U.S. dollars,2014,51.45,Type of minimum wage: Rate of the SMIG when SMIG/SMAG system | Currency: MDG - Malagasy ariary (MGA),MDG,0.5
Madagascar,ADM - Labour legislation,Statutory nominal gross monthly minimum wage,Currency: U.S. dollars,2013,48.946,Type of minimum wage: Rate of the SMIG when SMIG/SMAG system | Currency: MDG - Malagasy ariary (MGA),MDG,0.497
Madagascar,ADM - Labour legislation,Statutory nominal gross monthly minimum wage,Currency: U.S. dollars,2012,45.564,Type of minimum wage: Rate of the SMIG when SMIG/SMAG system | Currency: MDG - Malagasy ariary (MGA),MDG,0.496
Madagascar,ADM - Labour legislation,Statutory nominal gross monthly minimum wage,Currency: U.S. dollars,2011,44.558,Type of minimum wage: Rate of the SMIG when SMIG/SMAG system | Currency: MDG - Malagasy ariary (MGA),MDG,0.494
Madagascar,ADM - Labour legislation,Statutory nominal gross monthly minimum wage,Currency: U.S. dollars,2010,36.873,Type of minimum wage: Rate of the SMIG when SMIG/SMAG system | Currency: MDG - Malagasy ariary (MGA),MDG,0.493
Madagascar,ADM - Labour legislation,Statutory nominal gross monthly minimum wage,Currency: U.S. dollars,2009,35.797,Type of minimum wage: Rate of the SMIG when SMIG/SMAG system | Currency: MDG - Malagasy ariary (MGA),MDG,0.493
Madagascar,ADM - Labour legislation,Statutory nominal gross monthly minimum wage,Currency: U.S. dollars,2008,40.99,Type of minimum wage: Rate of the SMIG when SMIG/SMAG system | Currency: MDG - Malagasy ariary (MGA),MDG,0.49
Madagascar,ADM - Labour legislation,Statutory nominal gross monthly minimum wage,Currency: U.S. dollars,2007,33.91,Currency: MDG - Malagasy ariary (MGA),MDG,0.482
Madagascar,ADM - Labour legislation,Statutory nominal gross monthly minimum wage,Currency: U.S. dollars,2006,26.473,Currency: MDG - Malagasy ariary (MGA),MDG,0.474
Madagascar,ADM - Labour legislation,Statutory nominal gross monthly minimum wage,Currency: U.S. dollars,2005,25.268,Currency: MDG - Malagasy ariary (MGA),MDG,0.47
Madagascar,ADM - Labour legislation,Statutory nominal gross monthly minimum wage,Currency: U.S. dollars,2004,27.082,Currency: MDG - Malagasy ariary (MGA),MDG,0.465
Madagascar,ADM - Labour legislation,Statutory nominal gross monthly minimum wage,Currency: U.S. dollars,2003,32.302,Currency: MDG - Malagasy ariary (MGA),MDG,0.458
Madagascar,ADM - Labour legislation,Statutory nominal gross monthly minimum wage,Currency: U.S. dollars,2002,26.36,Currency: MDG - Malagasy ariary (MGA),MDG,0.448
Madagascar,ADM - Labour legislation,Statutory nominal gross monthly minimum wage,Currency: U.S. dollars,2001,27.334,Currency: MDG - Malagasy ariary (MGA),MDG,0.451
Madagascar,ADM - Labour legislation,Statutory nominal gross monthly minimum wage,Currency: U.S. dollars,2000,23.666,Currency: MDG - Malagasy ariary (MGA),MDG,0.443
Maldives,ADM - Labour legislation,Statutory nominal gross monthly minimum wage,Currency: U.S. dollars,2022,370.452,Type of minimum wage: Singular national minimum wage | Currency: MDV - Rufiyaa (MVR),MDV,0.764
Maldives,ADM - Labour legislation,Statutory nominal gross monthly minimum wage,Currency: U.S. dollars,2010,242.188,Currency: MDV - Rufiyaa (MVR),MDV,0.689
Mexico,ILO - SIALC Estimates,Statutory nominal gross monthly minimum wage,Currency: U.S. dollars,2023,303.473,Type of minimum wage: National floor | Currency: MEX - New Peso (MXN) | ILO calculation: Daily figure multiplied by 6 days and 4.33 weeks,MEX,0.789
Mexico,ILO - SIALC Estimates,Statutory nominal gross monthly minimum wage,Currency: U.S. dollars,2022,223.309,Type of minimum wage: National floor | Currency: MEX - New Peso (MXN) | ILO calculation: Daily figure multiplied by 6 days and 4.33 weeks,MEX,0.783
Mexico,ILO - SIALC Estimates,Statutory nominal gross monthly minimum wage,Currency: U.S. dollars,2021,181.748,Type of minimum wage: National floor | Currency: MEX - New Peso (MXN) | ILO calculation: Daily figure multiplied by 6 days and 4.33 weeks,MEX,0.761
Mexico,ILO - SIALC Estimates,Statutory nominal gross monthly minimum wage,Currency: U.S. dollars,2020,149.11,Type of minimum wage: National floor | Currency: MEX - New Peso (MXN) | ILO calculation: Daily figure multiplied by 6 days and 4.33 weeks,MEX,0.763
Mexico,ILO - SIALC Estimates,Statutory nominal gross monthly minimum wage,Currency: U.S. dollars,2019,138.576,Type of minimum wage: National floor | Currency: MEX - New Peso (MXN) | ILO calculation: Daily figure multiplied by 6 days and 4.33 weeks,MEX,0.788
Mexico,ILO - SIALC Estimates,Statutory nominal gross monthly minimum wage,Currency: U.S. dollars,2018,119.369,Type of minimum wage: National floor | Currency: MEX - New Peso (MXN) | ILO calculation: Daily figure multiplied by 6 days and 4.33 weeks,MEX,0.785
Mexico,ILO - SIALC Estimates,Statutory nominal gross monthly minimum wage,Currency: U.S. dollars,2017,121.374,Type of minimum wage: National floor | Currency: MEX - New Peso (MXN) | ILO calculation: Daily figure multiplied by 6 days and 4.33 weeks,MEX,0.781
Mexico,ILO - SIALC Estimates,Statutory nominal gross monthly minimum wage,Currency: U.S. dollars,2016,101.74,Type of minimum wage: National floor | Currency: MEX - New Peso (MXN) | ILO calculation: Daily figure multiplied by 6 days and 4.33 weeks,MEX,0.778
Mexico,ILO - SIALC Estimates,Statutory nominal gross monthly minimum wage,Currency: U.S. dollars,2015,114.994,Type of minimum wage: National floor | Currency: MEX - New Peso (MXN) | ILO calculation: Daily figure multiplied by 6 days and 4.33 weeks,MEX,0.773
Mexico,ILO - SIALC Estimates,Statutory nominal gross monthly minimum wage,Currency: U.S. dollars,2014,128.264,Type of minimum wage: National floor | Currency: MEX - New Peso (MXN) | ILO calculation: Daily figure multiplied by 6 days and 4.33 weeks,MEX,0.769
Mexico,ILO - SIALC Estimates,Statutory nominal gross monthly minimum wage,Currency: U.S. dollars,2013,128.483,Type of minimum wage: National floor | Currency: MEX - New Peso (MXN) | ILO calculation: Daily figure multiplied by 6 days and 4.33 weeks,MEX,0.765
Mexico,ILO - SIALC Estimates,Statutory nominal gross monthly minimum wage,Currency: U.S. dollars,2012,119.927,Type of minimum wage: National floor | Currency: MEX - New Peso (MXN) | ILO calculation: Daily figure multiplied by 6 days and 4.33 weeks,MEX,0.764
Mexico,ILO - SIALC Estimates,Statutory nominal gross monthly minimum wage,Currency: U.S. dollars,2011,121.5,Type of minimum wage: National floor | Currency: MEX - New Peso (MXN) | ILO calculation: Daily figure multiplied by 6 days and 4.33 weeks,MEX,0.757
Mexico,ILO - SIALC Estimates,Statutory nominal gross monthly minimum wage,Currency: U.S. dollars,2010,114.744,Type of minimum wage: National floor | Currency: MEX - New Peso (MXN) | ILO calculation: Daily figure multiplied by 6 days and 4.33 weeks,MEX,0.751
Mexico,ILO - SIALC Estimates,Statutory nominal gross monthly minimum wage,Currency: U.S. dollars,2009,102.33,Type of minimum wage: National floor | Currency: MEX - New Peso (MXN) | ILO calculation: Daily figure multiplied by 6 days and 4.33 weeks,MEX,0.749
Mexico,ILO - SIALC Estimates,Statutory nominal gross monthly minimum wage,Currency: U.S. dollars,2008,118.758,Type of minimum wage: National floor | Currency: MEX - New Peso (MXN) | ILO calculation: Daily figure multiplied by 6 days and 4.33 weeks,MEX,0.75
Mexico,ILO - SIALC Estimates,Statutory nominal gross monthly minimum wage,Currency: U.S. dollars,2007,116.305,Currency: MEX - New Peso (MXN),MEX,0.747
Mexico,ILO - SIALC Estimates,Statutory nominal gross monthly minimum wage,Currency: U.S. dollars,2006,112.21,Currency: MEX - New Peso (MXN),MEX,0.745
Mexico,ILO - SIALC Estimates,Statutory nominal gross monthly minimum wage,Currency: U.S. dollars,2005,107.911,Currency: MEX - New Peso (MXN),MEX,0.736
Mexico,ILO - SIALC Estimates,Statutory nominal gross monthly minimum wage,Currency: U.S. dollars,2004,99.681,Currency: MEX - New Peso (MXN),MEX,0.732
Mexico,ILO - SIALC Estimates,Statutory nominal gross monthly minimum wage,Currency: U.S. dollars,2003,100.102,Currency: MEX - New Peso (MXN),MEX,0.728
Mexico,ILO - SIALC Estimates,Statutory nominal gross monthly minimum wage,Currency: U.S. dollars,2002,106.981,Currency: MEX - New Peso (MXN),MEX,0.722
Mexico,ILO - SIALC Estimates,Statutory nominal gross monthly minimum wage,Currency: U.S. dollars,2001,104.578,Currency: MEX - New Peso (MXN),MEX,0.715
Mexico,ILO - SIALC Estimates,Statutory nominal gross monthly minimum wage,Currency: U.S. dollars,2000,96.557,Currency: MEX - New Peso (MXN),MEX,0.712
Marshall Islands,ADM - Legislation du Travail,Statutory nominal gross monthly minimum wage,Currency: U.S. dollars,2021,624.0,Type of minimum wage: Singular national minimum wage | Currency: MHL - United States dollar (USD) | ILO calculation: Hourly figure multiplied by 48 hours and 4.33 weeks,MHL,0.723
Marshall Islands,ADM - Legislation du Travail,Statutory nominal gross monthly minimum wage,Currency: U.S. dollars,2020,624.0,Type of minimum wage: Singular national minimum wage | Currency: MHL - United States dollar (USD) | ILO calculation: Hourly figure multiplied by 48 hours and 4.33 weeks,MHL,0.722
Marshall Islands,ADM - Legislation du Travail,Statutory nominal gross monthly minimum wage,Currency: U.S. dollars,2019,624.0,Type of minimum wage: Singular national minimum wage | Currency: MHL - United States dollar (USD) | ILO calculation: Hourly figure multiplied by 48 hours and 4.33 weeks,MHL,0.722
Marshall Islands,ADM - Legislation du Travail,Statutory nominal gross monthly minimum wage,Currency: U.S. dollars,2018,624.0,Type of minimum wage: Singular national minimum wage | Currency: MHL - United States dollar (USD) | ILO calculation: Hourly figure multiplied by 48 hours and 4.33 weeks,MHL,0.71
Marshall Islands,ADM - Legislation du Travail,Statutory nominal gross monthly minimum wage,Currency: U.S. dollars,2017,624.0,Type of minimum wage: Singular national minimum wage | Currency: MHL - United States dollar (USD) | ILO calculation: Hourly figure multiplied by 48 hours and 4.33 weeks,MHL,0.702
Marshall Islands,ADM - Legislation du Travail,Statutory nominal gross monthly minimum wage,Currency: U.S. dollars,2016,624.0,Type of minimum wage: Singular national minimum wage | Currency: MHL - United States dollar (USD) | ILO calculation: Hourly figure multiplied by 48 hours and 4.33 weeks,MHL,0.696
Marshall Islands,ADM - Legislation du Travail,Statutory nominal gross monthly minimum wage,Currency: U.S. dollars,2015,416.0,Type of minimum wage: Singular national minimum wage | Currency: MHL - United States dollar (USD) | ILO calculation: Hourly figure multiplied by 48 hours and 4.33 weeks,MHL,0.691
Marshall Islands,ADM - Legislation du Travail,Statutory nominal gross monthly minimum wage,Currency: U.S. dollars,2014,416.0,Type of minimum wage: Singular national minimum wage | Currency: MHL - United States dollar (USD) | ILO calculation: Hourly figure multiplied by 48 hours and 4.33 weeks,MHL,0.681
Marshall Islands,ADM - Legislation du Travail,Statutory nominal gross monthly minimum wage,Currency: U.S. dollars,2013,416.0,Type of minimum wage: Singular national minimum wage | Currency: MHL - United States dollar (USD) | ILO calculation: Hourly figure multiplied by 48 hours and 4.33 weeks,MHL,0.676
Marshall Islands,ADM - Legislation du Travail,Statutory nominal gross monthly minimum wage,Currency: U.S. dollars,2012,416.0,Type of minimum wage: Singular national minimum wage | Currency: MHL - United States dollar (USD) | ILO calculation: Hourly figure multiplied by 48 hours and 4.33 weeks,MHL,0.668
Marshall Islands,ADM - Legislation du Travail,Statutory nominal gross monthly minimum wage,Currency: U.S. dollars,2011,416.0,Type of minimum wage: Singular national minimum wage | Currency: MHL - United States dollar (USD) | ILO calculation: Hourly figure multiplied by 48 hours and 4.33 weeks,MHL,0.666
North Macedonia,ADM - Labour legislation,Statutory nominal gross monthly minimum wage,Currency: U.S. dollars,2023,522.221,Type of minimum wage: Singular national minimum wage | Currency: MKD - Denar (MKD),MKD,0.815
North Macedonia,ADM - Labour legislation,Statutory nominal gross monthly minimum wage,Currency: U.S. dollars,2022,451.084,Type of minimum wage: Singular national minimum wage | Currency: MKD - Denar (MKD),MKD,0.811
North Macedonia,ADM - Labour legislation,Statutory nominal gross monthly minimum wage,Currency: U.S. dollars,2021,425.05,Type of minimum wage: Singular national minimum wage | Currency: MKD - Denar (MKD),MKD,0.781
North Macedonia,ADM - Labour legislation,Statutory nominal gross monthly minimum wage,Currency: U.S. dollars,2020,389.829,Type of minimum wage: Singular national minimum wage | Currency: MKD - Denar (MKD),MKD,0.783
North Macedonia,ADM - Labour legislation,Statutory nominal gross monthly minimum wage,Currency: U.S. dollars,2019,382.13,Type of minimum wage: Singular national minimum wage | Currency: MKD - Denar (MKD),MKD,0.805
North Macedonia,ADM - Labour legislation,Statutory nominal gross monthly minimum wage,Currency: U.S. dollars,2018,328.746,Type of minimum wage: Singular national minimum wage | Currency: MKD - Denar (MKD),MKD,0.814
North Macedonia,ADM - Labour legislation,Statutory nominal gross monthly minimum wage,Currency: U.S. dollars,2017,313.361,Type of minimum wage: Singular national minimum wage | Currency: MKD - Denar (MKD),MKD,0.807
North Macedonia,ADM - Labour legislation,Statutory nominal gross monthly minimum wage,Currency: U.S. dollars,2016,261.305,Type of minimum wage: Singular national minimum wage | Currency: MKD - Denar (MKD),MKD,0.8
North Macedonia,ADM - Labour legislation,Statutory nominal gross monthly minimum wage,Currency: U.S. dollars,2015,251.832,Type of minimum wage: Singular national minimum wage | Currency: MKD - Denar (MKD),MKD,0.795
North Macedonia,ADM - Labour legislation,Statutory nominal gross monthly minimum wage,Currency: U.S. dollars,2014,282.963,Type of minimum wage: Singular national minimum wage | Currency: MKD - Denar (MKD),MKD,0.788
North Macedonia,ADM - Labour legislation,Statutory nominal gross monthly minimum wage,Currency: U.S. dollars,2013,264.423,Type of minimum wage: Singular national minimum wage | Currency: MKD - Denar (MKD),MKD,0.782
Mali,ADM - Labour legislation,Statutory nominal gross monthly minimum wage,Currency: U.S. dollars,2023,65.945,Type of minimum wage: Rate of the SMIG when SMIG/SMAG system | Currency: MLI - West African CFA franc (XOF),MLI,0.419
Mali,ADM - Labour legislation,Statutory nominal gross monthly minimum wage,Currency: U.S. dollars,2022,64.127,Type of minimum wage: Rate of the SMIG when SMIG/SMAG system | Currency: MLI - West African CFA franc (XOF),MLI,0.417
Mali,ADM - Labour legislation,Statutory nominal gross monthly minimum wage,Currency: U.S. dollars,2021,72.133,Type of minimum wage: Rate of the SMIG when SMIG/SMAG system | Currency: MLI - West African CFA franc (XOF),MLI,0.414
Mali,ADM - Labour legislation,Statutory nominal gross monthly minimum wage,Currency: U.S. dollars,2020,69.494,Type of minimum wage: Rate of the SMIG when SMIG/SMAG system | Currency: MLI - West African CFA franc (XOF),MLI,0.414
Mali,ADM - Labour legislation,Statutory nominal gross monthly minimum wage,Currency: U.S. dollars,2019,68.27,Type of minimum wage: Rate of the SMIG when SMIG/SMAG system | Currency: MLI - West African CFA franc (XOF),MLI,0.425
Mali,ADM - Labour legislation,Statutory nominal gross monthly minimum wage,Currency: U.S. dollars,2018,72.014,Type of minimum wage: Rate of the SMIG when SMIG/SMAG system | Currency: MLI - West African CFA franc (XOF),MLI,0.421
Mali,ADM - Labour legislation,Statutory nominal gross monthly minimum wage,Currency: U.S. dollars,2017,68.888,Type of minimum wage: Rate of the SMIG when SMIG/SMAG system | Currency: MLI - West African CFA franc (XOF),MLI,0.416
Mali,ADM - Labour legislation,Statutory nominal gross monthly minimum wage,Currency: U.S. dollars,2016,67.499,Type of minimum wage: Rate of the SMIG when SMIG/SMAG system | Currency: MLI - West African CFA franc (XOF),MLI,0.411
Mali,ADM - Labour legislation,Statutory nominal gross monthly minimum wage,Currency: U.S. dollars,2015,48.147,Type of minimum wage: Rate of the SMIG when SMIG/SMAG system | Currency: MLI - West African CFA franc (XOF),MLI,0.413
Mali,ADM - Labour legislation,Statutory nominal gross monthly minimum wage,Currency: U.S. dollars,2014,57.65,Type of minimum wage: Rate of the SMIG when SMIG/SMAG system | Currency: MLI - West African CFA franc (XOF),MLI,0.414
Mali,ADM - Labour legislation,Statutory nominal gross monthly minimum wage,Currency: U.S. dollars,2013,57.623,Type of minimum wage: Rate of the SMIG when SMIG/SMAG system | Currency: MLI - West African CFA franc (XOF),MLI,0.409
Mali,ADM - Labour legislation,Statutory nominal gross monthly minimum wage,Currency: U.S. dollars,2012,55.743,Type of minimum wage: Rate of the SMIG when SMIG/SMAG system | Currency: MLI - West African CFA franc (XOF),MLI,0.411
Mali,ADM - Labour legislation,Statutory nominal gross monthly minimum wage,Currency: U.S. dollars,2011,60.393,Type of minimum wage: Rate of the SMIG when SMIG/SMAG system | Currency: MLI - West African CFA franc (XOF),MLI,0.415
Mali,ADM - Labour legislation,Statutory nominal gross monthly minimum wage,Currency: U.S. dollars,2010,57.519,Type of minimum wage: Rate of the SMIG when SMIG/SMAG system | Currency: MLI - West African CFA franc (XOF),MLI,0.41
Mali,ADM - Labour legislation,Statutory nominal gross monthly minimum wage,Currency: U.S. dollars,2009,60.526,Type of minimum wage: Rate of the SMIG when SMIG/SMAG system | Currency: MLI - West African CFA franc (XOF),MLI,0.403
Mali,ADM - Labour legislation,Statutory nominal gross monthly minimum wage,Currency: U.S. dollars,2008,63.823,Type of minimum wage: Rate of the SMIG when SMIG/SMAG system | Currency: MLI - West African CFA franc (XOF),MLI,0.395
Mali,ADM - Labour legislation,Statutory nominal gross monthly minimum wage,Currency: U.S. dollars,2007,59.471,Currency: MLI - West African CFA franc (XOF),MLI,0.386
Mali,ADM - Labour legislation,Statutory nominal gross monthly minimum wage,Currency: U.S. dollars,2006,54.486,Currency: MLI - West African CFA franc (XOF),MLI,0.377
Mali,ADM - Labour legislation,Statutory nominal gross monthly minimum wage,Currency: U.S. dollars,2005,53.987,Currency: MLI - West African CFA franc (XOF),MLI,0.368
Mali,ADM - Labour legislation,Statutory nominal gross monthly minimum wage,Currency: U.S. dollars,2004,49.304,Currency: MLI - West African CFA franc (XOF),MLI,0.359
Mali,ADM - Labour legislation,Statutory nominal gross monthly minimum wage,Currency: U.S. dollars,2003,44.836,Currency: MLI - West African CFA franc (XOF),MLI,0.352
Mali,ADM - Labour legislation,Statutory nominal gross monthly minimum wage,Currency: U.S. dollars,2002,37.48,Currency: MLI - West African CFA franc (XOF),MLI,0.34
Mali,ADM - Labour legislation,Statutory nominal gross monthly minimum wage,Currency: U.S. dollars,2001,35.5,Currency: MLI - West African CFA franc (XOF),MLI,0.332
Mali,ADM - Labour legislation,Statutory nominal gross monthly minimum wage,Currency: U.S. dollars,2000,36.609,Currency: MLI - West African CFA franc (XOF),MLI,0.32
Malta,ADM - Labour legislation,Statutory nominal gross monthly minimum wage,Currency: U.S. dollars,2023,902.859,Type of minimum wage: Singular national minimum wage | Currency: MLT - Euro (EUR),MLT,0.924
Malta,ADM - Labour legislation,Statutory nominal gross monthly minimum wage,Currency: U.S. dollars,2022,834.014,Type of minimum wage: Singular national minimum wage | Currency: MLT - Euro (EUR),MLT,0.917
Malta,ADM - Labour legislation,Statutory nominal gross monthly minimum wage,Currency: U.S. dollars,2021,928.451,Type of minimum wage: Singular national minimum wage | Currency: MLT - Euro (EUR),MLT,0.914
Malta,ADM - Labour legislation,Statutory nominal gross monthly minimum wage,Currency: U.S. dollars,2020,887.486,Type of minimum wage: Singular national minimum wage | Currency: MLT - Euro (EUR),MLT,0.903
Malta,ADM - Labour legislation,Statutory nominal gross monthly minimum wage,Currency: U.S. dollars,2019,853.04,Type of minimum wage: Singular national minimum wage | Currency: MLT - Euro (EUR),MLT,0.91
Malta,ADM - Labour legislation,Statutory nominal gross monthly minimum wage,Currency: U.S. dollars,2018,883.354,Type of minimum wage: Singular national minimum wage | Currency: MLT - Euro (EUR),MLT,0.908
Malta,ADM - Labour legislation,Statutory nominal gross monthly minimum wage,Currency: U.S. dollars,2017,831.445,Type of minimum wage: Singular national minimum wage | Currency: MLT - Euro (EUR),MLT,0.901
Malta,ADM - Labour legislation,Statutory nominal gross monthly minimum wage,Currency: U.S. dollars,2016,805.826,Type of minimum wage: Singular national minimum wage | Currency: MLT - Euro (EUR),MLT,0.891
Malta,ADM - Labour legislation,Statutory nominal gross monthly minimum wage,Currency: U.S. dollars,2015,798.849,Type of minimum wage: Singular national minimum wage | Currency: MLT - Euro (EUR),MLT,0.892
Malta,ADM - Labour legislation,Statutory nominal gross monthly minimum wage,Currency: U.S. dollars,2014,953.864,Type of minimum wage: Singular national minimum wage | Currency: MLT - Euro (EUR),MLT,0.886
Malta,ADM - Labour legislation,Statutory nominal gross monthly minimum wage,Currency: U.S. dollars,2013,933.667,Type of minimum wage: Singular national minimum wage | Currency: MLT - Euro (EUR),MLT,0.88
Malta,ADM - Labour legislation,Statutory nominal gross monthly minimum wage,Currency: U.S. dollars,2012,880.08,Type of minimum wage: Singular national minimum wage | Currency: MLT - Euro (EUR),MLT,0.87
Malta,ADM - Labour legislation,Statutory nominal gross monthly minimum wage,Currency: U.S. dollars,2011,925.65,Type of minimum wage: Singular national minimum wage | Currency: MLT - Euro (EUR),MLT,0.862
Malta,ADM - Labour legislation,Statutory nominal gross monthly minimum wage,Currency: U.S. dollars,2010,874.973,Type of minimum wage: Singular national minimum wage | Currency: MLT - Euro (EUR),MLT,0.867
Malta,ADM - Labour legislation,Statutory nominal gross monthly minimum wage,Currency: U.S. dollars,2009,885.687,Type of minimum wage: Singular national minimum wage | Currency: MLT - Euro (EUR),MLT,0.854
Malta,ADM - Labour legislation,Statutory nominal gross monthly minimum wage,Currency: U.S. dollars,2008,907.456,Type of minimum wage: Singular national minimum wage | Currency: MLT - Euro (EUR),MLT,0.848
Malta,ADM - Labour legislation,Statutory nominal gross monthly minimum wage,Currency: U.S. dollars,2007,825.028,Type of minimum wage: Singular national minimum wage | Currency: MLT - Euro (EUR),MLT,0.845
Malta,ADM - Labour legislation,Statutory nominal gross monthly minimum wage,Currency: U.S. dollars,2006,733.27,Type of minimum wage: Singular national minimum wage | Currency: MLT - Euro (EUR),MLT,0.838
Malta,ADM - Labour legislation,Statutory nominal gross monthly minimum wage,Currency: U.S. dollars,2005,699.179,Type of minimum wage: Singular national minimum wage | Currency: MLT - Euro (EUR),MLT,0.84
Malta,ADM - Labour legislation,Statutory nominal gross monthly minimum wage,Currency: U.S. dollars,2004,681.658,Type of minimum wage: Singular national minimum wage | Currency: MLT - Euro (EUR),MLT,0.832
Malta,ADM - Labour legislation,Statutory nominal gross monthly minimum wage,Currency: U.S. dollars,2003,610.827,Type of minimum wage: Singular national minimum wage | Currency: MLT - Euro (EUR),MLT,0.818
Malta,ADM - Labour legislation,Statutory nominal gross monthly minimum wage,Currency: U.S. dollars,2002,503.045,Type of minimum wage: Singular national minimum wage | Currency: MLT - Euro (EUR),MLT,0.806
Malta,ADM - Labour legislation,Statutory nominal gross monthly minimum wage,Currency: U.S. dollars,2001,490.805,Type of minimum wage: Singular national minimum wage | Currency: MLT - Euro (EUR),MLT,0.801
Malta,ADM - Labour legislation,Statutory nominal gross monthly minimum wage,Currency: U.S. dollars,2000,471.042,Type of minimum wage: Singular national minimum wage | Currency: MLT - Euro (EUR),MLT,0.79
Myanmar,ADM - Legislation du Travail,Statutory nominal gross monthly minimum wage,Currency: U.S. dollars,2020,90.329,Type of minimum wage: Singular national minimum wage | Currency: MMR - Kyat (MMK) | ILO calculation: Daily figure multiplied by 6 days and 4.33 weeks,MMR,0.609
Myanmar,ADM - Legislation du Travail,Statutory nominal gross monthly minimum wage,Currency: U.S. dollars,2019,82.2,Type of minimum wage: Singular national minimum wage | Currency: MMR - Kyat (MMK) | ILO calculation: Daily figure multiplied by 6 days and 4.33 weeks,MMR,0.61
Myanmar,ADM - Legislation du Travail,Statutory nominal gross monthly minimum wage,Currency: U.S. dollars,2018,87.284,Type of minimum wage: Singular national minimum wage | Currency: MMR - Kyat (MMK) | ILO calculation: Daily figure multiplied by 6 days and 4.33 weeks,MMR,0.6
Myanmar,ADM - Legislation du Travail,Statutory nominal gross monthly minimum wage,Currency: U.S. dollars,2017,68.805,Type of minimum wage: Singular national minimum wage | Currency: MMR - Kyat (MMK) | ILO calculation: Daily figure multiplied by 6 days and 4.33 weeks,MMR,0.587
Myanmar,ADM - Legislation du Travail,Statutory nominal gross monthly minimum wage,Currency: U.S. dollars,2016,75.798,Type of minimum wage: Singular national minimum wage | Currency: MMR - Kyat (MMK) | ILO calculation: Daily figure multiplied by 6 days and 4.33 weeks,MMR,0.574
Myanmar,ADM - Legislation du Travail,Statutory nominal gross monthly minimum wage,Currency: U.S. dollars,2015,80.508,Type of minimum wage: Singular national minimum wage | Currency: MMR - Kyat (MMK) | ILO calculation: Daily figure multiplied by 6 days and 4.33 weeks,MMR,0.566
Montenegro,ADM - Labour legislation,Statutory nominal gross monthly minimum wage,Currency: U.S. dollars,2023,576.397,Type of minimum wage: Singular national minimum wage | Currency: MNE - Euro (EUR),MNE,0.862
Montenegro,ADM - Labour legislation,Statutory nominal gross monthly minimum wage,Currency: U.S. dollars,2022,560.513,Type of minimum wage: Singular national minimum wage | Currency: MNE - Euro (EUR),MNE,0.853
Montenegro,ADM - Labour legislation,Statutory nominal gross monthly minimum wage,Currency: U.S. dollars,2021,391.542,Type of minimum wage: Singular national minimum wage | Currency: MNE - Euro (EUR),MNE,0.84
Montenegro,ADM - Labour legislation,Statutory nominal gross monthly minimum wage,Currency: U.S. dollars,2020,377.219,Type of minimum wage: Singular national minimum wage | Currency: MNE - Euro (EUR),MNE,0.841
Montenegro,ADM - Labour legislation,Statutory nominal gross monthly minimum wage,Currency: U.S. dollars,2019,370.571,Type of minimum wage: Singular national minimum wage | Currency: MNE - Euro (EUR),MNE,0.851
Montenegro,ADM - Labour legislation,Statutory nominal gross monthly minimum wage,Currency: U.S. dollars,2018,340.115,Type of minimum wage: Singular national minimum wage | Currency: MNE - Euro (EUR),MNE,0.849
Montenegro,ADM - Labour legislation,Statutory nominal gross monthly minimum wage,Currency: U.S. dollars,2017,325.348,Type of minimum wage: Singular national minimum wage | Currency: MNE - Euro (EUR),MNE,0.843
Montenegro,ADM - Labour legislation,Statutory nominal gross monthly minimum wage,Currency: U.S. dollars,2016,318.788,Type of minimum wage: Singular national minimum wage | Currency: MNE - Euro (EUR),MNE,0.836
Montenegro,ADM - Labour legislation,Statutory nominal gross monthly minimum wage,Currency: U.S. dollars,2015,319.54,Type of minimum wage: Singular national minimum wage | Currency: MNE - Euro (EUR),MNE,0.839
Montenegro,ADM - Labour legislation,Statutory nominal gross monthly minimum wage,Currency: U.S. dollars,2014,382.608,Type of minimum wage: Singular national minimum wage | Currency: MNE - Euro (EUR),MNE,0.833
Montenegro,ADM - Labour legislation,Statutory nominal gross monthly minimum wage,Currency: U.S. dollars,2013,382.498,Type of minimum wage: Singular national minimum wage | Currency: MNE - Euro (EUR),MNE,0.83
Mongolia,ADM - Labour legislation,Statutory nominal gross monthly minimum wage,Currency: U.S. dollars,2023,158.696,Type of minimum wage: Singular national minimum wage | Currency: MNG - Tögrög (MNT),MNG,0.747
Mongolia,ADM - Labour legislation,Statutory nominal gross monthly minimum wage,Currency: U.S. dollars,2022,175.121,Type of minimum wage: Singular national minimum wage | Currency: MNG - Tögrög (MNT),MNG,0.742
Mongolia,ADM - Labour legislation,Statutory nominal gross monthly minimum wage,Currency: U.S. dollars,2021,147.405,Type of minimum wage: Singular national minimum wage | Currency: MNG - Tögrög (MNT),MNG,0.727
Mongolia,ADM - Labour legislation,Statutory nominal gross monthly minimum wage,Currency: U.S. dollars,2020,149.291,Type of minimum wage: Singular national minimum wage | Currency: MNG - Tögrög (MNT),MNG,0.741
Mongolia,ADM - Labour legislation,Statutory nominal gross monthly minimum wage,Currency: U.S. dollars,2019,120.141,Type of minimum wage: Singular national minimum wage | Currency: MNG - Tögrög (MNT),MNG,0.758
Mongolia,ADM - Labour legislation,Statutory nominal gross monthly minimum wage,Currency: U.S. dollars,2018,97.068,Type of minimum wage: Singular national minimum wage | Currency: MNG - Tögrög (MNT),MNG,0.767
Mongolia,ADM - Labour legislation,Statutory nominal gross monthly minimum wage,Currency: U.S. dollars,2017,98.37,Type of minimum wage: Singular national minimum wage | Currency: MNG - Tögrög (MNT),MNG,0.759
Mongolia,ADM - Labour legislation,Statutory nominal gross monthly minimum wage,Currency: U.S. dollars,2016,89.707,Type of minimum wage: Singular national minimum wage | Currency: MNG - Tögrög (MNT),MNG,0.759
Mongolia,ADM - Labour legislation,Statutory nominal gross monthly minimum wage,Currency: U.S. dollars,2015,97.447,Type of minimum wage: Singular national minimum wage | Currency: MNG - Tögrög (MNT),MNG,0.753
Mongolia,ADM - Labour legislation,Statutory nominal gross monthly minimum wage,Currency: U.S. dollars,2014,105.614,Type of minimum wage: Singular national minimum wage | Currency: MNG - Tögrög (MNT),MNG,0.748
Mongolia,ADM - Labour legislation,Statutory nominal gross monthly minimum wage,Currency: U.S. dollars,2013,125.99,Type of minimum wage: Singular national minimum wage | Currency: MNG - Tögrög (MNT),MNG,0.744
Mongolia,ADM - Labour legislation,Statutory nominal gross monthly minimum wage,Currency: U.S. dollars,2012,103.419,Type of minimum wage: Singular national minimum wage | Currency: MNG - Tögrög (MNT),MNG,0.735
Mongolia,ADM - Labour legislation,Statutory nominal gross monthly minimum wage,Currency: U.S. dollars,2011,110.943,Type of minimum wage: Singular national minimum wage | Currency: MNG - Tögrög (MNT),MNG,0.725
Mongolia,ADM - Labour legislation,Statutory nominal gross monthly minimum wage,Currency: U.S. dollars,2010,79.584,Type of minimum wage: Singular national minimum wage | Currency: MNG - Tögrög (MNT),MNG,0.714
Mongolia,ADM - Labour legislation,Statutory nominal gross monthly minimum wage,Currency: U.S. dollars,2009,75.115,Type of minimum wage: Singular national minimum wage | Currency: MNG - Tögrög (MNT),MNG,0.711
Mongolia,ADM - Labour legislation,Statutory nominal gross monthly minimum wage,Currency: U.S. dollars,2008,92.64,Type of minimum wage: Singular national minimum wage | Currency: MNG - Tögrög (MNT),MNG,0.707
Mozambique,ADM - Labour legislation,Statutory nominal gross monthly minimum wage,Currency: U.S. dollars,2023,136.924,Type of minimum wage: Sectoral (manufacturing) | Currency: MOZ - Metical (MZN),MOZ,0.493
Mozambique,ADM - Labour legislation,Statutory nominal gross monthly minimum wage,Currency: U.S. dollars,2022,124.431,Type of minimum wage: Sectoral (manufacturing) | Currency: MOZ - Metical (MZN),MOZ,0.49
Mozambique,ADM - Labour legislation,Statutory nominal gross monthly minimum wage,Currency: U.S. dollars,2021,113.801,Type of minimum wage: Sectoral (manufacturing) | Currency: MOZ - Metical (MZN),MOZ,0.478
Mozambique,ADM - Labour legislation,Statutory nominal gross monthly minimum wage,Currency: U.S. dollars,2020,100.77,Type of minimum wage: Sectoral (manufacturing) | Currency: MOZ - Metical (MZN),MOZ,0.477
Mozambique,ADM - Labour legislation,Statutory nominal gross monthly minimum wage,Currency: U.S. dollars,2019,111.914,Type of minimum wage: Sectoral (manufacturing) | Currency: MOZ - Metical (MZN),MOZ,0.475
Mozambique,ADM - Labour legislation,Statutory nominal gross monthly minimum wage,Currency: U.S. dollars,2018,109.737,Type of minimum wage: Sectoral (manufacturing) | Currency: MOZ - Metical (MZN),MOZ,0.469
Mozambique,ADM - Labour legislation,Statutory nominal gross monthly minimum wage,Currency: U.S. dollars,2017,89.566,Type of minimum wage: Sectoral (manufacturing) | Currency: MOZ - Metical (MZN),MOZ,0.461
Mozambique,ADM - Labour legislation,Statutory nominal gross monthly minimum wage,Currency: U.S. dollars,2016,82.466,Type of minimum wage: Sectoral (manufacturing) | Currency: MOZ - Metical (MZN),MOZ,0.46
Mozambique,ADM - Labour legislation,Statutory nominal gross monthly minimum wage,Currency: U.S. dollars,2015,120.428,Type of minimum wage: Sectoral (manufacturing) | Currency: MOZ - Metical (MZN),MOZ,0.457
Mozambique,ADM - Labour legislation,Statutory nominal gross monthly minimum wage,Currency: U.S. dollars,2014,140.339,Type of minimum wage: Sectoral (manufacturing) | Currency: MOZ - Metical (MZN),MOZ,0.45
Mozambique,ADM - Labour legislation,Statutory nominal gross monthly minimum wage,Currency: U.S. dollars,2013,130.979,Type of minimum wage: Sectoral (manufacturing) | Currency: MOZ - Metical (MZN),MOZ,0.443
Mozambique,ADM - Labour legislation,Statutory nominal gross monthly minimum wage,Currency: U.S. dollars,2012,126.353,Type of minimum wage: Sectoral (manufacturing) | Currency: MOZ - Metical (MZN),MOZ,0.431
Mozambique,ADM - Labour legislation,Statutory nominal gross monthly minimum wage,Currency: U.S. dollars,2011,106.648,Type of minimum wage: Sectoral (manufacturing) | Currency: MOZ - Metical (MZN),MOZ,0.424
Mozambique,ADM - Labour legislation,Statutory nominal gross monthly minimum wage,Currency: U.S. dollars,2010,73.528,Type of minimum wage: Sectoral (manufacturing) | Currency: MOZ - Metical (MZN),MOZ,0.419
Mozambique,ADM - Labour legislation,Statutory nominal gross monthly minimum wage,Currency: U.S. dollars,2009,83.581,Type of minimum wage: Sectoral (manufacturing) | Currency: MOZ - Metical (MZN),MOZ,0.411
Mozambique,ADM - Labour legislation,Statutory nominal gross monthly minimum wage,Currency: U.S. dollars,2008,81.274,Type of minimum wage: Sectoral (manufacturing) | Currency: MOZ - Metical (MZN),MOZ,0.403
Mauritania,ADM - Labour legislation,Statutory nominal gross monthly minimum wage,Currency: U.S. dollars,2022,81.224,Type of minimum wage: Rate of the SMIG when SMIG/SMAG system | Currency: MRT - Ouguiya (MRU),MRT,0.562
Mauritania,ADM - Labour legislation,Statutory nominal gross monthly minimum wage,Currency: U.S. dollars,2007,813.692,Currency: MRT - Ouguiya (MRO),MRT,0.512
Mauritania,ADM - Labour legislation,Statutory nominal gross monthly minimum wage,Currency: U.S. dollars,2006,783.358,Currency: MRT - Ouguiya (MRO),MRT,0.512
Mauritania,ADM - Labour legislation,Statutory nominal gross monthly minimum wage,Currency: U.S. dollars,2005,792.42,Currency: MRT - Ouguiya (MRO),MRT,0.5
Mauritius,ADM - Labour legislation,Statutory nominal gross monthly minimum wage,Currency: U.S. dollars,2023,255.704,Type of minimum wage: Occupational (unskilled workers) | Currency: MUS - Mauritian rupee (MUR),MUS,0.806
Mauritius,ADM - Labour legislation,Statutory nominal gross monthly minimum wage,Currency: U.S. dollars,2022,239.347,Type of minimum wage: Occupational (unskilled workers) | Currency: MUS - Mauritian rupee (MUR),MUS,0.794
Mauritius,ADM - Labour legislation,Statutory nominal gross monthly minimum wage,Currency: U.S. dollars,2021,241.652,Type of minimum wage: Occupational (unskilled workers) | Currency: MUS - Mauritian rupee (MUR),MUS,0.789
Mauritius,ADM - Labour legislation,Statutory nominal gross monthly minimum wage,Currency: U.S. dollars,2020,246.525,Type of minimum wage: Occupational (unskilled workers) | Currency: MUS - Mauritian rupee (MUR),MUS,0.795
Mauritius,ADM - Labour legislation,Statutory nominal gross monthly minimum wage,Currency: U.S. dollars,2019,239.615,Type of minimum wage: Occupational (unskilled workers) | Currency: MUS - Mauritian rupee (MUR),MUS,0.803
Mauritius,ADM - Labour legislation,Statutory nominal gross monthly minimum wage,Currency: U.S. dollars,2018,235.749,Type of minimum wage: Occupational (unskilled workers) | Currency: MUS - Mauritian rupee (MUR),MUS,0.801
Mauritius,ADM - Labour legislation,Statutory nominal gross monthly minimum wage,Currency: U.S. dollars,2017,218.959,Type of minimum wage: Occupational (unskilled workers) | Currency: MUS - Mauritian rupee (MUR),MUS,0.799
Mauritius,ADM - Labour legislation,Statutory nominal gross monthly minimum wage,Currency: U.S. dollars,2016,206.798,Type of minimum wage: Occupational (unskilled workers) | Currency: MUS - Mauritian rupee (MUR),MUS,0.795
Mauritius,ADM - Labour legislation,Statutory nominal gross monthly minimum wage,Currency: U.S. dollars,2015,202.529,Type of minimum wage: Occupational (unskilled workers) | Currency: MUS - Mauritian rupee (MUR),MUS,0.792
Mauritius,ADM - Labour legislation,Statutory nominal gross monthly minimum wage,Currency: U.S. dollars,2014,201.002,Type of minimum wage: Occupational (unskilled workers) | Currency: MUS - Mauritian rupee (MUR),MUS,0.79
Mauritius,ADM - Labour legislation,Statutory nominal gross monthly minimum wage,Currency: U.S. dollars,2013,190.708,Type of minimum wage: Occupational (unskilled workers) | Currency: MUS - Mauritian rupee (MUR),MUS,0.781
Mauritius,ADM - Labour legislation,Statutory nominal gross monthly minimum wage,Currency: U.S. dollars,2012,184.859,Type of minimum wage: Occupational (unskilled workers) | Currency: MUS - Mauritian rupee (MUR),MUS,0.778
Mauritius,ADM - Labour legislation,Statutory nominal gross monthly minimum wage,Currency: U.S. dollars,2011,181.53,Type of minimum wage: Occupational (unskilled workers) | Currency: MUS - Mauritian rupee (MUR),MUS,0.762
Mauritius,ADM - Labour legislation,Statutory nominal gross monthly minimum wage,Currency: U.S. dollars,2010,163.589,Type of minimum wage: Occupational (unskilled workers) | Currency: MUS - Mauritian rupee (MUR),MUS,0.755
Mauritius,ADM - Labour legislation,Statutory nominal gross monthly minimum wage,Currency: U.S. dollars,2009,152.222,Type of minimum wage: Occupational (unskilled workers) | Currency: MUS - Mauritian rupee (MUR),MUS,0.748
Mauritius,ADM - Labour legislation,Statutory nominal gross monthly minimum wage,Currency: U.S. dollars,2008,130.708,Currency: MUS - Mauritian rupee (MUR),MUS,0.742
Malawi,ADM - Labour legislation,Statutory nominal gross monthly minimum wage,Currency: U.S. dollars,2023,43.063,Type of minimum wage: Singular national minimum wage | Currency: MWI - Malawian kwacha (MWK),MWI,0.517
Malawi,ADM - Labour legislation,Statutory nominal gross monthly minimum wage,Currency: U.S. dollars,2022,52.685,Type of minimum wage: Singular national minimum wage | Currency: MWI - Malawian kwacha (MWK),MWI,0.513
Malawi,ADM - Labour legislation,Statutory nominal gross monthly minimum wage,Currency: U.S. dollars,2021,62.042,Type of minimum wage: Singular national minimum wage | Currency: MWI - Malawian kwacha (MWK),MWI,0.509
Malawi,ADM - Labour legislation,Statutory nominal gross monthly minimum wage,Currency: U.S. dollars,2020,46.696,Type of minimum wage: Singular national minimum wage | Currency: MWI - Malawian kwacha (MWK),MWI,0.512
Malawi,ADM - Labour legislation,Statutory nominal gross monthly minimum wage,Currency: U.S. dollars,2019,33.533,Type of minimum wage: Singular national minimum wage | Currency: MWI - Malawian kwacha (MWK),MWI,0.513
Malawi,ADM - Labour legislation,Statutory nominal gross monthly minimum wage,Currency: U.S. dollars,2018,34.138,Type of minimum wage: Singular national minimum wage | Currency: MWI - Malawian kwacha (MWK),MWI,0.51
Malawi,ADM - Labour legislation,Statutory nominal gross monthly minimum wage,Currency: U.S. dollars,2017,34.234,Type of minimum wage: Singular national minimum wage | Currency: MWI - Malawian kwacha (MWK),MWI,0.508
Malawi,ADM - Labour legislation,Statutory nominal gross monthly minimum wage,Currency: U.S. dollars,2016,24.903,Type of minimum wage: Singular national minimum wage | Currency: MWI - Malawian kwacha (MWK),MWI,0.506
Malawi,ADM - Labour legislation,Statutory nominal gross monthly minimum wage,Currency: U.S. dollars,2015,28.675,Type of minimum wage: Singular national minimum wage | Currency: MWI - Malawian kwacha (MWK),MWI,0.504
Malawi,ADM - Labour legislation,Statutory nominal gross monthly minimum wage,Currency: U.S. dollars,2014,33.716,Type of minimum wage: Singular national minimum wage | Currency: MWI - Malawian kwacha (MWK),MWI,0.5
Malawi,ADM - Labour legislation,Statutory nominal gross monthly minimum wage,Currency: U.S. dollars,2013,22.618,Type of minimum wage: Singular national minimum wage | Currency: MWI - Malawian kwacha (MWK),MWI,0.494
Malawi,ADM - Labour legislation,Statutory nominal gross monthly minimum wage,Currency: U.S. dollars,2012,33.086,Type of minimum wage: Singular national minimum wage | Currency: MWI - Malawian kwacha (MWK),MWI,0.488
Malawi,ADM - Labour legislation,Statutory nominal gross monthly minimum wage,Currency: U.S. dollars,2011,29.614,Type of minimum wage: Singular national minimum wage | Currency: MWI - Malawian kwacha (MWK),MWI,0.483
Malawi,ADM - Labour legislation,Statutory nominal gross monthly minimum wage,Currency: U.S. dollars,2010,24.534,Type of minimum wage: Singular national minimum wage | Currency: MWI - Malawian kwacha (MWK),MWI,0.475
Malawi,ADM - Labour legislation,Statutory nominal gross monthly minimum wage,Currency: U.S. dollars,2009,26.153,Type of minimum wage: Singular national minimum wage | Currency: MWI - Malawian kwacha (MWK),MWI,0.465
Malawi,ADM - Labour legislation,Statutory nominal gross monthly minimum wage,Currency: U.S. dollars,2008,26.273,Type of minimum wage: Singular national minimum wage | Currency: MWI - Malawian kwacha (MWK),MWI,0.455
Malawi,ADM - Labour legislation,Statutory nominal gross monthly minimum wage,Currency: U.S. dollars,2007,18.02,Currency: MWI - Malawian kwacha (MWK),MWI,0.444
Malawi,ADM - Labour legislation,Statutory nominal gross monthly minimum wage,Currency: U.S. dollars,2006,18.542,Currency: MWI - Malawian kwacha (MWK),MWI,0.436
Malawi,ADM - Labour legislation,Statutory nominal gross monthly minimum wage,Currency: U.S. dollars,2005,21.297,Currency: MWI - Malawian kwacha (MWK),MWI,0.427
Malawi,ADM - Labour legislation,Statutory nominal gross monthly minimum wage,Currency: U.S. dollars,2004,13.37,Currency: MWI - Malawian kwacha (MWK),MWI,0.421
Malawi,ADM - Labour legislation,Statutory nominal gross monthly minimum wage,Currency: U.S. dollars,2003,14.944,Currency: MWI - Malawian kwacha (MWK),MWI,0.414
Malawi,ADM - Labour legislation,Statutory nominal gross monthly minimum wage,Currency: U.S. dollars,2002,18.986,Currency: MWI - Malawian kwacha (MWK),MWI,0.407
Malawi,ADM - Labour legislation,Statutory nominal gross monthly minimum wage,Currency: U.S. dollars,2001,19.807,Currency: MWI - Malawian kwacha (MWK),MWI,0.4
Malawi,ADM - Labour legislation,Statutory nominal gross monthly minimum wage,Currency: U.S. dollars,2000,24.016,Currency: MWI - Malawian kwacha (MWK),MWI,0.394
Malaysia,ADM - Labour legislation,Statutory nominal gross monthly minimum wage,Currency: U.S. dollars,2023,328.902,Currency: MYS - Ringgit (MYR),MYS,0.819
Malaysia,ADM - Labour legislation,Statutory nominal gross monthly minimum wage,Currency: U.S. dollars,2022,340.826,Currency: MYS - Ringgit (MYR),MYS,0.81
Malaysia,ADM - Labour legislation,Statutory nominal gross monthly minimum wage,Currency: U.S. dollars,2021,289.624,Currency: MYS - Ringgit (MYR),MYS,0.802
Malaysia,ADM - Labour legislation,Statutory nominal gross monthly minimum wage,Currency: U.S. dollars,2020,285.478,Currency: MYS - Ringgit (MYR),MYS,0.81
Malaysia,ADM - Labour legislation,Statutory nominal gross monthly minimum wage,Currency: U.S. dollars,2019,265.542,Currency: MYS - Ringgit (MYR),MYS,0.812
Malaysia,ADM - Labour legislation,Statutory nominal gross monthly minimum wage,Currency: U.S. dollars,2018,247.823,Currency: MYS - Ringgit (MYR),MYS,0.809
Malaysia,ADM - Labour legislation,Statutory nominal gross monthly minimum wage,Currency: U.S. dollars,2017,232.534,Currency: MYS - Ringgit (MYR),MYS,0.807
Malaysia,ADM - Labour legislation,Statutory nominal gross monthly minimum wage,Currency: U.S. dollars,2016,241.063,Currency: MYS - Ringgit (MYR),MYS,0.805
Malaysia,ADM - Labour legislation,Statutory nominal gross monthly minimum wage,Currency: U.S. dollars,2015,230.444,Currency: MYS - Ringgit (MYR),MYS,0.8
Malaysia,ADM - Labour legislation,Statutory nominal gross monthly minimum wage,Currency: U.S. dollars,2014,274.989,Currency: MYS - Ringgit (MYR),MYS,0.795
Malaysia,ADM - Labour legislation,Statutory nominal gross monthly minimum wage,Currency: U.S. dollars,2013,285.632,Currency: MYS - Ringgit (MYR),MYS,0.791
Niger,ADM - Labour legislation,Statutory nominal gross monthly minimum wage,Currency: U.S. dollars,2023,49.536,Type of minimum wage: Singular national minimum wage | Currency: NER - West African CFA franc (XOF),NER,0.419
Niger,ADM - Labour legislation,Statutory nominal gross monthly minimum wage,Currency: U.S. dollars,2022,48.171,Type of minimum wage: Singular national minimum wage | Currency: NER - West African CFA franc (XOF),NER,0.414
Niger,ADM - Labour legislation,Statutory nominal gross monthly minimum wage,Currency: U.S. dollars,2021,54.185,Type of minimum wage: Singular national minimum wage | Currency: NER - West African CFA franc (XOF),NER,0.413
Niger,ADM - Labour legislation,Statutory nominal gross monthly minimum wage,Currency: U.S. dollars,2020,52.202,Type of minimum wage: Singular national minimum wage | Currency: NER - West African CFA franc (XOF),NER,0.404
Niger,ADM - Labour legislation,Statutory nominal gross monthly minimum wage,Currency: U.S. dollars,2019,51.282,Type of minimum wage: Singular national minimum wage | Currency: NER - West African CFA franc (XOF),NER,0.4
Niger,ADM - Labour legislation,Statutory nominal gross monthly minimum wage,Currency: U.S. dollars,2018,54.095,Type of minimum wage: Singular national minimum wage | Currency: NER - West African CFA franc (XOF),NER,0.391
Niger,ADM - Labour legislation,Statutory nominal gross monthly minimum wage,Currency: U.S. dollars,2017,51.747,Type of minimum wage: Singular national minimum wage | Currency: NER - West African CFA franc (XOF),NER,0.384
Niger,ADM - Labour legislation,Statutory nominal gross monthly minimum wage,Currency: U.S. dollars,2016,50.703,Type of minimum wage: Singular national minimum wage | Currency: NER - West African CFA franc (XOF),NER,0.38
Niger,ADM - Labour legislation,Statutory nominal gross monthly minimum wage,Currency: U.S. dollars,2015,50.823,Type of minimum wage: Singular national minimum wage | Currency: NER - West African CFA franc (XOF),NER,0.374
Niger,ADM - Labour legislation,Statutory nominal gross monthly minimum wage,Currency: U.S. dollars,2014,60.854,Type of minimum wage: Singular national minimum wage | Currency: NER - West African CFA franc (XOF),NER,0.369
Niger,ADM - Labour legislation,Statutory nominal gross monthly minimum wage,Currency: U.S. dollars,2013,60.836,Type of minimum wage: Singular national minimum wage | Currency: NER - West African CFA franc (XOF),NER,0.362
Niger,ADM - Labour legislation,Statutory nominal gross monthly minimum wage,Currency: U.S. dollars,2012,58.852,Type of minimum wage: Singular national minimum wage | Currency: NER - West African CFA franc (XOF),NER,0.356
Niger,ADM - Labour legislation,Statutory nominal gross monthly minimum wage,Currency: U.S. dollars,2011,60.153,Type of minimum wage: Singular national minimum wage | Currency: NER - West African CFA franc (XOF),NER,0.346
Niger,ADM - Labour legislation,Statutory nominal gross monthly minimum wage,Currency: U.S. dollars,2010,57.291,Type of minimum wage: Singular national minimum wage | Currency: NER - West African CFA franc (XOF),NER,0.339
Niger,ADM - Labour legislation,Statutory nominal gross monthly minimum wage,Currency: U.S. dollars,2009,60.275,Type of minimum wage: Singular national minimum wage | Currency: NER - West African CFA franc (XOF),NER,0.329
Niger,ADM - Labour legislation,Statutory nominal gross monthly minimum wage,Currency: U.S. dollars,2008,63.558,Type of minimum wage: Singular national minimum wage | Currency: NER - West African CFA franc (XOF),NER,0.323
Niger,ADM - Labour legislation,Statutory nominal gross monthly minimum wage,Currency: U.S. dollars,2007,59.225,Currency: NER - West African CFA franc (XOF),NER,0.313
Niger,ADM - Labour legislation,Statutory nominal gross monthly minimum wage,Currency: U.S. dollars,2006,38.283,Currency: NER - West African CFA franc (XOF),NER,0.309
Niger,ADM - Labour legislation,Statutory nominal gross monthly minimum wage,Currency: U.S. dollars,2005,37.932,Currency: NER - West African CFA franc (XOF),NER,0.302
Niger,ADM - Labour legislation,Statutory nominal gross monthly minimum wage,Currency: U.S. dollars,2004,37.926,Currency: NER - West African CFA franc (XOF),NER,0.292
Niger,ADM - Labour legislation,Statutory nominal gross monthly minimum wage,Currency: U.S. dollars,2003,34.489,Currency: NER - West African CFA franc (XOF),NER,0.284
Niger,ADM - Labour legislation,Statutory nominal gross monthly minimum wage,Currency: U.S. dollars,2002,27.242,Currency: NER - West African CFA franc (XOF),NER,0.278
Nigeria,ADM - Labour legislation,Statutory nominal gross monthly minimum wage,Currency: U.S. dollars,2023,100.745,Type of minimum wage: Singular national minimum wage | Currency: NGA - Naira (NGN),NGA,0.56
Nigeria,ADM - Labour legislation,Statutory nominal gross monthly minimum wage,Currency: U.S. dollars,2022,70.426,Type of minimum wage: Singular national minimum wage | Currency: NGA - Naira (NGN),NGA,0.557
Nigeria,ADM - Labour legislation,Statutory nominal gross monthly minimum wage,Currency: U.S. dollars,2021,74.785,Type of minimum wage: Singular national minimum wage | Currency: NGA - Naira (NGN),NGA,0.554
Nigeria,ADM - Labour legislation,Statutory nominal gross monthly minimum wage,Currency: U.S. dollars,2020,83.61,Type of minimum wage: Singular national minimum wage | Currency: NGA - Naira (NGN),NGA,0.547
Nigeria,ADM - Labour legislation,Statutory nominal gross monthly minimum wage,Currency: U.S. dollars,2019,97.745,Type of minimum wage: Singular national minimum wage | Currency: NGA - Naira (NGN),NGA,0.544
Nigeria,ADM - Labour legislation,Statutory nominal gross monthly minimum wage,Currency: U.S. dollars,2018,58.807,Type of minimum wage: Singular national minimum wage | Currency: NGA - Naira (NGN),NGA,0.537
Nigeria,ADM - Labour legislation,Statutory nominal gross monthly minimum wage,Currency: U.S. dollars,2017,58.864,Type of minimum wage: Singular national minimum wage | Currency: NGA - Naira (NGN),NGA,0.534
Nigeria,ADM - Labour legislation,Statutory nominal gross monthly minimum wage,Currency: U.S. dollars,2016,71.008,Type of minimum wage: Singular national minimum wage | Currency: NGA - Naira (NGN),NGA,0.532
Nigeria,ADM - Labour legislation,Statutory nominal gross monthly minimum wage,Currency: U.S. dollars,2015,93.536,Type of minimum wage: Singular national minimum wage | Currency: NGA - Naira (NGN),NGA,0.53
Nigeria,ADM - Labour legislation,Statutory nominal gross monthly minimum wage,Currency: U.S. dollars,2014,113.527,Type of minimum wage: Singular national minimum wage | Currency: NGA - Naira (NGN),NGA,0.524
Nigeria,ADM - Labour legislation,Statutory nominal gross monthly minimum wage,Currency: U.S. dollars,2013,114.422,Type of minimum wage: Singular national minimum wage | Currency: NGA - Naira (NGN),NGA,0.517
Nigeria,ADM - Labour legislation,Statutory nominal gross monthly minimum wage,Currency: U.S. dollars,2012,114.286,Type of minimum wage: Singular national minimum wage | Currency: NGA - Naira (NGN),NGA,0.512
Nigeria,ADM - Labour legislation,Statutory nominal gross monthly minimum wage,Currency: U.S. dollars,2011,116.988,Type of minimum wage: Singular national minimum wage | Currency: NGA - Naira (NGN),NGA,0.508
Nigeria,ADM - Labour legislation,Statutory nominal gross monthly minimum wage,Currency: U.S. dollars,2010,36.594,Type of minimum wage: Singular national minimum wage | Currency: NGA - Naira (NGN),NGA,0.502
Nigeria,ADM - Labour legislation,Statutory nominal gross monthly minimum wage,Currency: U.S. dollars,2009,36.943,Type of minimum wage: Singular national minimum wage | Currency: NGA - Naira (NGN),NGA,0.499
Nigeria,ADM - Labour legislation,Statutory nominal gross monthly minimum wage,Currency: U.S. dollars,2008,46.387,Type of minimum wage: Singular national minimum wage | Currency: NGA - Naira (NGN),NGA,0.497
Nigeria,ADM - Labour legislation,Statutory nominal gross monthly minimum wage,Currency: U.S. dollars,2007,43.717,Currency: NGA - Naira (NGN),NGA,0.492
Nigeria,ADM - Labour legislation,Statutory nominal gross monthly minimum wage,Currency: U.S. dollars,2006,42.751,Currency: NGA - Naira (NGN),NGA,0.489
Nigeria,ADM - Labour legislation,Statutory nominal gross monthly minimum wage,Currency: U.S. dollars,2005,41.897,Currency: NGA - Naira (NGN),NGA,0.484
Nigeria,ADM - Labour legislation,Statutory nominal gross monthly minimum wage,Currency: U.S. dollars,2004,41.388,Currency: NGA - Naira (NGN),NGA,0.477
Nigeria,ADM - Labour legislation,Statutory nominal gross monthly minimum wage,Currency: U.S. dollars,2003,42.562,Currency: NGA - Naira (NGN),NGA,0.464
Nigeria,ADM - Labour legislation,Statutory nominal gross monthly minimum wage,Currency: U.S. dollars,2002,45.614,Currency: NGA - Naira (NGN),NGA,0.451
Nigeria,ADM - Labour legislation,Statutory nominal gross monthly minimum wage,Currency: U.S. dollars,2001,49.446,Currency: NGA - Naira (NGN),NGA,0.438
Nigeria,ADM - Labour legislation,Statutory nominal gross monthly minimum wage,Currency: U.S. dollars,2000,54.082,Currency: NGA - Naira (NGN),NGA,0.435
Nicaragua,ILO - SIALC Estimates,Statutory nominal gross monthly minimum wage,Currency: U.S. dollars,2023,191.735,Type of minimum wage: Sectoral (manufacturing) | Currency: NIC - Cordoba (NIO),NIC,0.706
Nicaragua,ILO - SIALC Estimates,Statutory nominal gross monthly minimum wage,Currency: U.S. dollars,2022,177.059,Type of minimum wage: Sectoral (manufacturing) | Currency: NIC - Cordoba (NIO),NIC,0.701
Nicaragua,ILO - SIALC Estimates,Statutory nominal gross monthly minimum wage,Currency: U.S. dollars,2021,168.785,Type of minimum wage: Sectoral (manufacturing) | Currency: NIC - Cordoba (NIO),NIC,0.682
Nicaragua,ILO - SIALC Estimates,Statutory nominal gross monthly minimum wage,Currency: U.S. dollars,2020,167.824,Type of minimum wage: Sectoral (manufacturing) | Currency: NIC - Cordoba (NIO),NIC,0.676
Nicaragua,ILO - SIALC Estimates,Statutory nominal gross monthly minimum wage,Currency: U.S. dollars,2019,169.549,Type of minimum wage: Sectoral (manufacturing) | Currency: NIC - Cordoba (NIO),NIC,0.69
Nicaragua,ILO - SIALC Estimates,Statutory nominal gross monthly minimum wage,Currency: U.S. dollars,2018,177.977,Type of minimum wage: Sectoral (manufacturing) | Currency: NIC - Cordoba (NIO),NIC,0.69
Nicaragua,ILO - SIALC Estimates,Statutory nominal gross monthly minimum wage,Currency: U.S. dollars,2017,168.857,Type of minimum wage: Sectoral (manufacturing) | Currency: NIC - Cordoba (NIO),NIC,0.688
Nicaragua,ILO - SIALC Estimates,Statutory nominal gross monthly minimum wage,Currency: U.S. dollars,2016,163.525,Type of minimum wage: Sectoral (manufacturing) | Currency: NIC - Cordoba (NIO),NIC,0.684
Nicaragua,ILO - SIALC Estimates,Statutory nominal gross monthly minimum wage,Currency: U.S. dollars,2015,157.239,Type of minimum wage: Sectoral (manufacturing) | Currency: NIC - Cordoba (NIO),NIC,0.679
Nicaragua,ILO - SIALC Estimates,Statutory nominal gross monthly minimum wage,Currency: U.S. dollars,2014,148.363,Type of minimum wage: Sectoral (manufacturing) | Currency: NIC - Cordoba (NIO),NIC,0.674
Nicaragua,ILO - SIALC Estimates,Statutory nominal gross monthly minimum wage,Currency: U.S. dollars,2013,140.936,Type of minimum wage: Sectoral (manufacturing) | Currency: NIC - Cordoba (NIO),NIC,0.668
Nicaragua,ILO - SIALC Estimates,Statutory nominal gross monthly minimum wage,Currency: U.S. dollars,2012,131.698,Type of minimum wage: Sectoral (manufacturing) | Currency: NIC - Cordoba (NIO),NIC,0.664
Nicaragua,ILO - SIALC Estimates,Statutory nominal gross monthly minimum wage,Currency: U.S. dollars,2011,122.499,Type of minimum wage: Sectoral (manufacturing) | Currency: NIC - Cordoba (NIO),NIC,0.657
Nicaragua,ILO - SIALC Estimates,Statutory nominal gross monthly minimum wage,Currency: U.S. dollars,2010,113.406,Type of minimum wage: Sectoral (manufacturing) | Currency: NIC - Cordoba (NIO),NIC,0.651
Nicaragua,ILO - SIALC Estimates,Statutory nominal gross monthly minimum wage,Currency: U.S. dollars,2009,105.978,Type of minimum wage: Sectoral (manufacturing) | Currency: NIC - Cordoba (NIO),NIC,0.646
Nicaragua,ILO - SIALC Estimates,Statutory nominal gross monthly minimum wage,Currency: U.S. dollars,2008,84.953,Type of minimum wage: Sectoral (manufacturing) | Currency: NIC - Cordoba (NIO),NIC,0.646
Nicaragua,ILO - SIALC Estimates,Statutory nominal gross monthly minimum wage,Currency: U.S. dollars,2007,77.567,Currency: NIC - Cordoba (NIO),NIC,0.642
Nicaragua,ILO - SIALC Estimates,Statutory nominal gross monthly minimum wage,Currency: U.S. dollars,2006,69.038,Currency: NIC - Cordoba (NIO),NIC,0.636
Nicaragua,ILO - SIALC Estimates,Statutory nominal gross monthly minimum wage,Currency: U.S. dollars,2005,61.733,Currency: NIC - Cordoba (NIO),NIC,0.63
Nicaragua,ILO - SIALC Estimates,Statutory nominal gross monthly minimum wage,Currency: U.S. dollars,2004,56.346,Currency: NIC - Cordoba (NIO),NIC,0.623
Nicaragua,ILO - SIALC Estimates,Statutory nominal gross monthly minimum wage,Currency: U.S. dollars,2003,54.619,Currency: NIC - Cordoba (NIO),NIC,0.615
Nicaragua,ILO - SIALC Estimates,Statutory nominal gross monthly minimum wage,Currency: U.S. dollars,2002,51.223,Currency: NIC - Cordoba (NIO),NIC,0.609
Nicaragua,ILO - SIALC Estimates,Statutory nominal gross monthly minimum wage,Currency: U.S. dollars,2001,50.105,Currency: NIC - Cordoba (NIO),NIC,0.601
Nicaragua,ILO - SIALC Estimates,Statutory nominal gross monthly minimum wage,Currency: U.S. dollars,2000,47.302,Currency: NIC - Cordoba (NIO),NIC,0.593
Netherlands,ADM - Labour legislation,Statutory nominal gross monthly minimum wage,Currency: U.S. dollars,2023,2157.131,Type of minimum wage: Singular national minimum wage | Currency: NLD - Euro (EUR),NLD,0.955
Netherlands,ADM - Labour legislation,Statutory nominal gross monthly minimum wage,Currency: U.S. dollars,2022,1849.153,Type of minimum wage: Singular national minimum wage | Currency: NLD - Euro (EUR),NLD,0.953
Netherlands,ADM - Labour legislation,Statutory nominal gross monthly minimum wage,Currency: U.S. dollars,2021,2011.841,Type of minimum wage: Singular national minimum wage | Currency: NLD - Euro (EUR),NLD,0.951
Netherlands,ADM - Labour legislation,Statutory nominal gross monthly minimum wage,Currency: U.S. dollars,2020,1918.89,Type of minimum wage: Singular national minimum wage | Currency: NLD - Euro (EUR),NLD,0.945
Netherlands,ADM - Labour legislation,Statutory nominal gross monthly minimum wage,Currency: U.S. dollars,2019,1831.46,Type of minimum wage: Singular national minimum wage | Currency: NLD - Euro (EUR),NLD,0.95
Netherlands,ADM - Labour legislation,Statutory nominal gross monthly minimum wage,Currency: U.S. dollars,2018,1882.441,Type of minimum wage: Singular national minimum wage | Currency: NLD - Euro (EUR),NLD,0.947
Netherlands,ADM - Labour legislation,Statutory nominal gross monthly minimum wage,Currency: U.S. dollars,2017,1767.951,Type of minimum wage: Singular national minimum wage | Currency: NLD - Euro (EUR),NLD,0.945
Netherlands,ADM - Labour legislation,Statutory nominal gross monthly minimum wage,Currency: U.S. dollars,2016,1701.31,Type of minimum wage: Singular national minimum wage | Currency: NLD - Euro (EUR),NLD,0.941
Netherlands,ADM - Labour legislation,Statutory nominal gross monthly minimum wage,Currency: U.S. dollars,2015,1673.145,Type of minimum wage: Singular national minimum wage | Currency: NLD - Euro (EUR),NLD,0.94
Netherlands,ADM - Labour legislation,Statutory nominal gross monthly minimum wage,Currency: U.S. dollars,2014,1986.109,Type of minimum wage: Singular national minimum wage | Currency: NLD - Euro (EUR),NLD,0.939
Netherlands,ADM - Labour legislation,Statutory nominal gross monthly minimum wage,Currency: U.S. dollars,2013,1962.958,Type of minimum wage: Singular national minimum wage | Currency: NLD - Euro (EUR),NLD,0.937
Netherlands,ADM - Labour legislation,Statutory nominal gross monthly minimum wage,Currency: U.S. dollars,2012,1870.652,Type of minimum wage: Singular national minimum wage | Currency: NLD - Euro (EUR),NLD,0.935
Netherlands,ADM - Labour legislation,Statutory nominal gross monthly minimum wage,Currency: U.S. dollars,2011,1997.456,Type of minimum wage: Singular national minimum wage | Currency: NLD - Euro (EUR),NLD,0.935
Netherlands,ADM - Labour legislation,Statutory nominal gross monthly minimum wage,Currency: U.S. dollars,2010,1877.215,Type of minimum wage: Singular national minimum wage | Currency: NLD - Euro (EUR),NLD,0.925
Netherlands,ADM - Labour legislation,Statutory nominal gross monthly minimum wage,Currency: U.S. dollars,2009,1951.301,Type of minimum wage: Singular national minimum wage | Currency: NLD - Euro (EUR),NLD,0.92
Netherlands,ADM - Labour legislation,Statutory nominal gross monthly minimum wage,Currency: U.S. dollars,2008,1995.815,Type of minimum wage: Singular national minimum wage | Currency: NLD - Euro (EUR),NLD,0.92
Netherlands,ADM - Labour legislation,Statutory nominal gross monthly minimum wage,Currency: U.S. dollars,2007,1804.92,Type of minimum wage: Singular national minimum wage | Currency: NLD - Euro (EUR),NLD,0.92
Netherlands,ADM - Labour legislation,Statutory nominal gross monthly minimum wage,Currency: U.S. dollars,2006,1613.445,Type of minimum wage: Singular national minimum wage | Currency: NLD - Euro (EUR),NLD,0.914
Netherlands,ADM - Labour legislation,Statutory nominal gross monthly minimum wage,Currency: U.S. dollars,2005,1573.774,Type of minimum wage: Singular national minimum wage | Currency: NLD - Euro (EUR),NLD,0.907
Netherlands,ADM - Labour legislation,Statutory nominal gross monthly minimum wage,Currency: U.S. dollars,2004,1573.536,Type of minimum wage: Singular national minimum wage | Currency: NLD - Euro (EUR),NLD,0.904
Netherlands,ADM - Labour legislation,Statutory nominal gross monthly minimum wage,Currency: U.S. dollars,2003,1430.918,Type of minimum wage: Singular national minimum wage | Currency: NLD - Euro (EUR),NLD,0.901
Netherlands,ADM - Labour legislation,Statutory nominal gross monthly minimum wage,Currency: U.S. dollars,2002,1164.947,Type of minimum wage: Singular national minimum wage | Currency: NLD - Euro (EUR),NLD,0.898
Netherlands,ADM - Labour legislation,Statutory nominal gross monthly minimum wage,Currency: U.S. dollars,2001,1056.843,Type of minimum wage: Singular national minimum wage | Currency: NLD - Euro (EUR),NLD,0.902
Netherlands,ADM - Labour legislation,Statutory nominal gross monthly minimum wage,Currency: U.S. dollars,2000,1026.133,Type of minimum wage: Singular national minimum wage | Currency: NLD - Euro (EUR),NLD,0.9
Nepal,ADM - Labour legislation,Statutory nominal gross monthly minimum wage,Currency: U.S. dollars,2023,130.946,Type of minimum wage: National floor | Currency: NPL - Nepalese rupee (NPR),NPL,0.622
Nepal,ADM - Labour legislation,Statutory nominal gross monthly minimum wage,Currency: U.S. dollars,2022,119.809,Type of minimum wage: National floor | Currency: NPL - Nepalese rupee (NPR),NPL,0.605
Nepal,ADM - Labour legislation,Statutory nominal gross monthly minimum wage,Currency: U.S. dollars,2021,126.974,Type of minimum wage: National floor | Currency: NPL - Nepalese rupee (NPR),NPL,0.596
Nepal,ADM - Labour legislation,Statutory nominal gross monthly minimum wage,Currency: U.S. dollars,2020,113.651,Type of minimum wage: National floor | Currency: NPL - Nepalese rupee (NPR),NPL,0.599
Nepal,ADM - Labour legislation,Statutory nominal gross monthly minimum wage,Currency: U.S. dollars,2019,119.439,Type of minimum wage: National floor | Currency: NPL - Nepalese rupee (NPR),NPL,0.604
Nepal,ADM - Labour legislation,Statutory nominal gross monthly minimum wage,Currency: U.S. dollars,2018,123.474,Type of minimum wage: National floor | Currency: NPL - Nepalese rupee (NPR),NPL,0.596
Nepal,ADM - Labour legislation,Statutory nominal gross monthly minimum wage,Currency: U.S. dollars,2017,92.812,Type of minimum wage: National floor | Currency: NPL - Nepalese rupee (NPR),NPL,0.588
Nepal,ADM - Labour legislation,Statutory nominal gross monthly minimum wage,Currency: U.S. dollars,2016,74.499,Type of minimum wage: National floor | Currency: NPL - Nepalese rupee (NPR),NPL,0.58
Nepal,ADM - Labour legislation,Statutory nominal gross monthly minimum wage,Currency: U.S. dollars,2015,78.121,Type of minimum wage: National floor | Currency: NPL - Nepalese rupee (NPR),NPL,0.575
Nepal,ADM - Labour legislation,Statutory nominal gross monthly minimum wage,Currency: U.S. dollars,2014,82.005,Type of minimum wage: National floor | Currency: NPL - Nepalese rupee (NPR),NPL,0.574
Nepal,ADM - Labour legislation,Statutory nominal gross monthly minimum wage,Currency: U.S. dollars,2013,85.944,Type of minimum wage: National floor | Currency: NPL - Nepalese rupee (NPR),NPL,0.57
Nepal,ADM - Labour legislation,Statutory nominal gross monthly minimum wage,Currency: U.S. dollars,2012,72.748,Type of minimum wage: National floor | Currency: NPL - Nepalese rupee (NPR),NPL,0.565
Nepal,ADM - Labour legislation,Statutory nominal gross monthly minimum wage,Currency: U.S. dollars,2011,83.761,Type of minimum wage: National floor | Currency: NPL - Nepalese rupee (NPR),NPL,0.559
Nepal,ADM - Labour legislation,Statutory nominal gross monthly minimum wage,Currency: U.S. dollars,2010,62.788,Type of minimum wage: National floor | Currency: NPL - Nepalese rupee (NPR),NPL,0.551
Nepal,ADM - Labour legislation,Statutory nominal gross monthly minimum wage,Currency: U.S. dollars,2009,59.299,Type of minimum wage: National floor | Currency: NPL - Nepalese rupee (NPR),NPL,0.538
Nepal,ADM - Labour legislation,Statutory nominal gross monthly minimum wage,Currency: U.S. dollars,2008,65.939,Type of minimum wage: National floor | Currency: NPL - Nepalese rupee (NPR),NPL,0.526
Nepal,ADM - Labour legislation,Statutory nominal gross monthly minimum wage,Currency: U.S. dollars,2007,49.688,Currency: NPL - Nepalese rupee (NPR),NPL,0.516
Nepal,ADM - Labour legislation,Statutory nominal gross monthly minimum wage,Currency: U.S. dollars,2006,45.357,Currency: NPL - Nepalese rupee (NPR),NPL,0.512
Nepal,ADM - Labour legislation,Statutory nominal gross monthly minimum wage,Currency: U.S. dollars,2005,33.545,Currency: NPL - Nepalese rupee (NPR),NPL,0.5
Nepal,ADM - Labour legislation,Statutory nominal gross monthly minimum wage,Currency: U.S. dollars,2004,32.495,Currency: NPL - Nepalese rupee (NPR),NPL,0.493
Nepal,ADM - Labour legislation,Statutory nominal gross monthly minimum wage,Currency: U.S. dollars,2003,31.442,Currency: NPL - Nepalese rupee (NPR),NPL,0.486
Nepal,ADM - Labour legislation,Statutory nominal gross monthly minimum wage,Currency: U.S. dollars,2002,25.04,Currency: NPL - Nepalese rupee (NPR),NPL,0.479
Nepal,ADM - Labour legislation,Statutory nominal gross monthly minimum wage,Currency: U.S. dollars,2001,26.018,Currency: NPL - Nepalese rupee (NPR),NPL,0.472
Nepal,ADM - Labour legislation,Statutory nominal gross monthly minimum wage,Currency: U.S. dollars,2000,27.429,Currency: NPL - Nepalese rupee (NPR),NPL,0.471
New Zealand,ADM - Labour legislation,Statutory nominal gross monthly minimum wage,Currency: U.S. dollars,2023,2414.37,Type of minimum wage: For adults | Currency: NZL - New Zealand dollar (NZD) | ILO calculation: Hourly figure multiplied by 40 hours and 4.33 weeks,NZL,0.938
New Zealand,ADM - Labour legislation,Statutory nominal gross monthly minimum wage,Currency: U.S. dollars,2022,2329.892,Type of minimum wage: For adults | Currency: NZL - New Zealand dollar (NZD) | ILO calculation: Hourly figure multiplied by 40 hours and 4.33 weeks,NZL,0.933
New Zealand,ADM - Labour legislation,Statutory nominal gross monthly minimum wage,Currency: U.S. dollars,2021,2452.021,Type of minimum wage: For adults | Currency: NZL - New Zealand dollar (NZD) | ILO calculation: Hourly figure multiplied by 40 hours and 4.33 weeks,NZL,0.939
New Zealand,ADM - Labour legislation,Statutory nominal gross monthly minimum wage,Currency: U.S. dollars,2020,2124.433,Type of minimum wage: For adults | Currency: NZL - New Zealand dollar (NZD) | ILO calculation: Hourly figure multiplied by 40 hours and 4.33 weeks,NZL,0.94
New Zealand,ADM - Labour legislation,Statutory nominal gross monthly minimum wage,Currency: U.S. dollars,2019,2021.247,Type of minimum wage: For adults | Currency: NZL - New Zealand dollar (NZD) | ILO calculation: Hourly figure multiplied by 40 hours and 4.33 weeks,NZL,0.938
New Zealand,ADM - Labour legislation,Statutory nominal gross monthly minimum wage,Currency: U.S. dollars,2018,1978.885,Type of minimum wage: For adults | Currency: NZL - New Zealand dollar (NZD) | ILO calculation: Hourly figure multiplied by 40 hours and 4.33 weeks,NZL,0.938
New Zealand,ADM - Labour legislation,Statutory nominal gross monthly minimum wage,Currency: U.S. dollars,2017,1939.736,Type of minimum wage: For adults | Currency: NZL - New Zealand dollar (NZD) | ILO calculation: Hourly figure multiplied by 40 hours and 4.33 weeks,NZL,0.936
New Zealand,ADM - Labour legislation,Statutory nominal gross monthly minimum wage,Currency: U.S. dollars,2016,1840.089,Type of minimum wage: For adults | Currency: NZL - New Zealand dollar (NZD) | ILO calculation: Hourly figure multiplied by 40 hours and 4.33 weeks,NZL,0.938
New Zealand,ADM - Labour legislation,Statutory nominal gross monthly minimum wage,Currency: U.S. dollars,2015,1782.923,Type of minimum wage: For adults | Currency: NZL - New Zealand dollar (NZD) | ILO calculation: Hourly figure multiplied by 40 hours and 4.33 weeks,NZL,0.934
New Zealand,ADM - Labour legislation,Statutory nominal gross monthly minimum wage,Currency: U.S. dollars,2014,2049.056,Type of minimum wage: For adults | Currency: NZL - New Zealand dollar (NZD) | ILO calculation: Hourly figure multiplied by 40 hours and 4.33 weeks,NZL,0.932
New Zealand,ADM - Labour legislation,Statutory nominal gross monthly minimum wage,Currency: U.S. dollars,2013,1954.5,Type of minimum wage: For adults | Currency: NZL - New Zealand dollar (NZD) | ILO calculation: Hourly figure multiplied by 40 hours and 4.33 weeks,NZL,0.933
New Zealand,ADM - Labour legislation,Statutory nominal gross monthly minimum wage,Currency: U.S. dollars,2012,1895.836,Type of minimum wage: For adults | Currency: NZL - New Zealand dollar (NZD) | ILO calculation: Hourly figure multiplied by 40 hours and 4.33 weeks,NZL,0.929
New Zealand,ADM - Labour legislation,Statutory nominal gross monthly minimum wage,Currency: U.S. dollars,2011,1780.15,Type of minimum wage: For adults | Currency: NZL - New Zealand dollar (NZD) | ILO calculation: Hourly figure multiplied by 40 hours and 4.33 weeks,NZL,0.927
New Zealand,ADM - Labour legislation,Statutory nominal gross monthly minimum wage,Currency: U.S. dollars,2010,1592.41,Type of minimum wage: For adults | Currency: NZL - New Zealand dollar (NZD) | ILO calculation: Hourly figure multiplied by 40 hours and 4.33 weeks,NZL,0.926
New Zealand,ADM - Labour legislation,Statutory nominal gross monthly minimum wage,Currency: U.S. dollars,2009,1353.425,Type of minimum wage: For adults | Currency: NZL - New Zealand dollar (NZD) | ILO calculation: Hourly figure multiplied by 40 hours and 4.33 weeks,NZL,0.923
New Zealand,ADM - Labour legislation,Statutory nominal gross monthly minimum wage,Currency: U.S. dollars,2008,1461.981,Type of minimum wage: For adults | Currency: NZL - New Zealand dollar (NZD) | ILO calculation: Hourly figure multiplied by 40 hours and 4.33 weeks,NZL,0.92
New Zealand,ADM - Labour legislation,Statutory nominal gross monthly minimum wage,Currency: U.S. dollars,2007,1432.01,Type of minimum wage: Singular national minimum wage | Currency: NZL - New Zealand dollar (NZD),NZL,0.921
New Zealand,ADM - Labour legislation,Statutory nominal gross monthly minimum wage,Currency: U.S. dollars,2006,1151.255,Type of minimum wage: Singular national minimum wage | Currency: NZL - New Zealand dollar (NZD),NZL,0.918
New Zealand,ADM - Labour legislation,Statutory nominal gross monthly minimum wage,Currency: U.S. dollars,2005,1158.509,Type of minimum wage: Singular national minimum wage | Currency: NZL - New Zealand dollar (NZD),NZL,0.917
New Zealand,ADM - Labour legislation,Statutory nominal gross monthly minimum wage,Currency: U.S. dollars,2004,1033.22,Type of minimum wage: Singular national minimum wage | Currency: NZL - New Zealand dollar (NZD),NZL,0.912
New Zealand,ADM - Labour legislation,Statutory nominal gross monthly minimum wage,Currency: U.S. dollars,2003,854.887,Type of minimum wage: Singular national minimum wage | Currency: NZL - New Zealand dollar (NZD),NZL,0.91
New Zealand,ADM - Labour legislation,Statutory nominal gross monthly minimum wage,Currency: U.S. dollars,2002,640.832,Type of minimum wage: Singular national minimum wage | Currency: NZL - New Zealand dollar (NZD),NZL,0.905
New Zealand,ADM - Labour legislation,Statutory nominal gross monthly minimum wage,Currency: U.S. dollars,2001,560.647,Type of minimum wage: Singular national minimum wage | Currency: NZL - New Zealand dollar (NZD),NZL,0.902
New Zealand,ADM - Labour legislation,Statutory nominal gross monthly minimum wage,Currency: U.S. dollars,2000,594.081,Type of minimum wage: Singular national minimum wage | Currency: NZL - New Zealand dollar (NZD),NZL,0.896
Oman,OE - Official Estimates,Statutory nominal gross monthly minimum wage,Currency: U.S. dollars,2023,845.254,Type of minimum wage: Singular national minimum wage | Currency: OMN - Omani rial (OMR),OMN,0.858
Oman,OE - Official Estimates,Statutory nominal gross monthly minimum wage,Currency: U.S. dollars,2022,845.254,Type of minimum wage: Singular national minimum wage | Currency: OMN - Omani rial (OMR),OMN,0.846
Oman,OE - Official Estimates,Statutory nominal gross monthly minimum wage,Currency: U.S. dollars,2021,845.254,Type of minimum wage: Singular national minimum wage | Currency: OMN - Omani rial (OMR),OMN,0.834
Oman,OE - Official Estimates,Statutory nominal gross monthly minimum wage,Currency: U.S. dollars,2020,845.254,Type of minimum wage: Singular national minimum wage | Currency: OMN - Omani rial (OMR),OMN,0.843
Oman,OE - Official Estimates,Statutory nominal gross monthly minimum wage,Currency: U.S. dollars,2019,845.254,Type of minimum wage: Singular national minimum wage | Currency: OMN - Omani rial (OMR),OMN,0.857
Oman,OE - Official Estimates,Statutory nominal gross monthly minimum wage,Currency: U.S. dollars,2018,845.254,Type of minimum wage: Singular national minimum wage | Currency: OMN - Omani rial (OMR),OMN,0.854
Oman,OE - Official Estimates,Statutory nominal gross monthly minimum wage,Currency: U.S. dollars,2017,845.254,Type of minimum wage: Singular national minimum wage | Currency: OMN - Omani rial (OMR),OMN,0.848
Oman,OE - Official Estimates,Statutory nominal gross monthly minimum wage,Currency: U.S. dollars,2016,845.254,Type of minimum wage: Singular national minimum wage | Currency: OMN - Omani rial (OMR),OMN,0.845
Oman,OE - Official Estimates,Statutory nominal gross monthly minimum wage,Currency: U.S. dollars,2015,845.254,Type of minimum wage: Singular national minimum wage | Currency: OMN - Omani rial (OMR),OMN,0.838
Oman,OE - Official Estimates,Statutory nominal gross monthly minimum wage,Currency: U.S. dollars,2014,845.254,Type of minimum wage: Singular national minimum wage | Currency: OMN - Omani rial (OMR),OMN,0.831
Oman,OE - Official Estimates,Statutory nominal gross monthly minimum wage,Currency: U.S. dollars,2013,845.254,Type of minimum wage: Singular national minimum wage | Currency: OMN - Omani rial (OMR),OMN,0.827
Oman,OE - Official Estimates,Statutory nominal gross monthly minimum wage,Currency: U.S. dollars,2012,520.156,Type of minimum wage: Singular national minimum wage | Currency: OMN - Omani rial (OMR),OMN,0.824
Oman,OE - Official Estimates,Statutory nominal gross monthly minimum wage,Currency: U.S. dollars,2011,520.156,Type of minimum wage: Singular national minimum wage | Currency: OMN - Omani rial (OMR),OMN,0.822
Oman,OE - Official Estimates,Statutory nominal gross monthly minimum wage,Currency: U.S. dollars,2010,364.109,Type of minimum wage: Singular national minimum wage | Currency: OMN - Omani rial (OMR),OMN,0.804
Oman,OE - Official Estimates,Statutory nominal gross monthly minimum wage,Currency: U.S. dollars,2009,364.109,Type of minimum wage: Singular national minimum wage | Currency: OMN - Omani rial (OMR),OMN,0.799
Oman,OE - Official Estimates,Statutory nominal gross monthly minimum wage,Currency: U.S. dollars,2008,364.109,Type of minimum wage: Singular national minimum wage | Currency: OMN - Omani rial (OMR),OMN,0.782
Pakistan,ADM - Labour legislation,Statutory nominal gross monthly minimum wage,Currency: U.S. dollars,2023,114.14,Type of minimum wage: Occupational (unskilled workers) | Currency: PAK - Pakistani rupee (PKR),PAK,0.544
Pakistan,ADM - Labour legislation,Statutory nominal gross monthly minimum wage,Currency: U.S. dollars,2022,122.03,Type of minimum wage: Occupational (unskilled workers) | Currency: PAK - Pakistani rupee (PKR),PAK,0.544
Pakistan,ADM - Labour legislation,Statutory nominal gross monthly minimum wage,Currency: U.S. dollars,2021,116.632,Type of minimum wage: Occupational (unskilled workers) | Currency: PAK - Pakistani rupee (PKR),PAK,0.537
Pakistan,ADM - Labour legislation,Statutory nominal gross monthly minimum wage,Currency: U.S. dollars,2020,108.132,Type of minimum wage: Occupational (unskilled workers) | Currency: PAK - Pakistani rupee (PKR),PAK,0.536
Pakistan,ADM - Labour legislation,Statutory nominal gross monthly minimum wage,Currency: U.S. dollars,2019,116.638,Type of minimum wage: Occupational (unskilled workers) | Currency: PAK - Pakistani rupee (PKR),PAK,0.54
Pakistan,ADM - Labour legislation,Statutory nominal gross monthly minimum wage,Currency: U.S. dollars,2018,123.128,Type of minimum wage: Occupational (unskilled workers) | Currency: PAK - Pakistani rupee (PKR),PAK,0.538
Pakistan,ADM - Labour legislation,Statutory nominal gross monthly minimum wage,Currency: U.S. dollars,2017,142.24,Type of minimum wage: Occupational (unskilled workers) | Currency: PAK - Pakistani rupee (PKR),PAK,0.537
Pakistan,ADM - Labour legislation,Statutory nominal gross monthly minimum wage,Currency: U.S. dollars,2016,133.627,Type of minimum wage: Occupational (unskilled workers) | Currency: PAK - Pakistani rupee (PKR),PAK,0.535
Pakistan,ADM - Labour legislation,Statutory nominal gross monthly minimum wage,Currency: U.S. dollars,2015,126.497,Type of minimum wage: Occupational (unskilled workers) | Currency: PAK - Pakistani rupee (PKR),PAK,0.527
Pakistan,ADM - Labour legislation,Statutory nominal gross monthly minimum wage,Currency: U.S. dollars,2014,98.912,Type of minimum wage: Occupational (unskilled workers) | Currency: PAK - Pakistani rupee (PKR),PAK,0.522
Pakistan,ADM - Labour legislation,Statutory nominal gross monthly minimum wage,Currency: U.S. dollars,2013,98.397,Type of minimum wage: Occupational (unskilled workers) | Currency: PAK - Pakistani rupee (PKR),PAK,0.512
Pakistan,ADM - Labour legislation,Statutory nominal gross monthly minimum wage,Currency: U.S. dollars,2012,85.658,Type of minimum wage: Occupational (unskilled workers) | Currency: PAK - Pakistani rupee (PKR),PAK,0.508
Pakistan,ADM - Labour legislation,Statutory nominal gross monthly minimum wage,Currency: U.S. dollars,2011,81.072,Type of minimum wage: Occupational (unskilled workers) | Currency: PAK - Pakistani rupee (PKR),PAK,0.504
Pakistan,ADM - Labour legislation,Statutory nominal gross monthly minimum wage,Currency: U.S. dollars,2010,82.166,Type of minimum wage: Occupational (unskilled workers) | Currency: PAK - Pakistani rupee (PKR),PAK,0.5
Pakistan,ADM - Labour legislation,Statutory nominal gross monthly minimum wage,Currency: U.S. dollars,2009,73.428,Type of minimum wage: Occupational (unskilled workers) | Currency: PAK - Pakistani rupee (PKR),PAK,0.497
Pakistan,ADM - Labour legislation,Statutory nominal gross monthly minimum wage,Currency: U.S. dollars,2008,85.218,Type of minimum wage: Occupational (unskilled workers) | Currency: PAK - Pakistani rupee (PKR),PAK,0.496
Pakistan,ADM - Labour legislation,Statutory nominal gross monthly minimum wage,Currency: U.S. dollars,2007,75.734,Currency: PAK - Pakistani rupee (PKR),PAK,0.495
Pakistan,ADM - Labour legislation,Statutory nominal gross monthly minimum wage,Currency: U.S. dollars,2006,49.775,Currency: PAK - Pakistani rupee (PKR),PAK,0.489
Pakistan,ADM - Labour legislation,Statutory nominal gross monthly minimum wage,Currency: U.S. dollars,2005,50.408,Currency: PAK - Pakistani rupee (PKR),PAK,0.48
Pakistan,ADM - Labour legislation,Statutory nominal gross monthly minimum wage,Currency: U.S. dollars,2004,42.913,Currency: PAK - Pakistani rupee (PKR),PAK,0.472
Pakistan,ADM - Labour legislation,Statutory nominal gross monthly minimum wage,Currency: U.S. dollars,2003,43.288,Currency: PAK - Pakistani rupee (PKR),PAK,0.458
Pakistan,ADM - Labour legislation,Statutory nominal gross monthly minimum wage,Currency: U.S. dollars,2002,41.859,Currency: PAK - Pakistani rupee (PKR),PAK,0.45
Pakistan,ADM - Labour legislation,Statutory nominal gross monthly minimum wage,Currency: U.S. dollars,2001,40.37,Currency: PAK - Pakistani rupee (PKR),PAK,0.443
Pakistan,ADM - Labour legislation,Statutory nominal gross monthly minimum wage,Currency: U.S. dollars,2000,27.96,Currency: PAK - Pakistani rupee (PKR),PAK,0.436
Panama,ILO - SIALC Estimates,Statutory nominal gross monthly minimum wage,Currency: U.S. dollars,2023,461.72,Type of minimum wage: Sectoral (manufacturing) | Currency: PAN - Balboa (PAB) | ILO calculation: Hourly figure multiplied by 48 hours and 4.33 weeks,PAN,0.839
Panama,ILO - SIALC Estimates,Statutory nominal gross monthly minimum wage,Currency: U.S. dollars,2022,461.72,Type of minimum wage: Sectoral (manufacturing) | Currency: PAN - Balboa (PAB) | ILO calculation: Hourly figure multiplied by 48 hours and 4.33 weeks,PAN,0.835
Panama,ILO - SIALC Estimates,Statutory nominal gross monthly minimum wage,Currency: U.S. dollars,2021,461.72,Type of minimum wage: Sectoral (manufacturing) | Currency: PAN - Balboa (PAB) | ILO calculation: Hourly figure multiplied by 48 hours and 4.33 weeks,PAN,0.819
Panama,ILO - SIALC Estimates,Statutory nominal gross monthly minimum wage,Currency: U.S. dollars,2020,461.72,Type of minimum wage: Sectoral (manufacturing) | Currency: PAN - Balboa (PAB) | ILO calculation: Hourly figure multiplied by 48 hours and 4.33 weeks,PAN,0.808
Panama,ILO - SIALC Estimates,Statutory nominal gross monthly minimum wage,Currency: U.S. dollars,2019,457.6,Type of minimum wage: Sectoral (manufacturing) | Currency: PAN - Balboa (PAB) | ILO calculation: Hourly figure multiplied by 48 hours and 4.33 weeks,PAN,0.824
Panama,ILO - SIALC Estimates,Statutory nominal gross monthly minimum wage,Currency: U.S. dollars,2018,457.6,Type of minimum wage: Sectoral (manufacturing) | Currency: PAN - Balboa (PAB) | ILO calculation: Hourly figure multiplied by 48 hours and 4.33 weeks,PAN,0.82
Panama,ILO - SIALC Estimates,Statutory nominal gross monthly minimum wage,Currency: U.S. dollars,2017,438.85,Type of minimum wage: Sectoral (manufacturing) | Currency: PAN - Balboa (PAB) | ILO calculation: Hourly figure multiplied by 48 hours and 4.33 weeks,PAN,0.815
Panama,ILO - SIALC Estimates,Statutory nominal gross monthly minimum wage,Currency: U.S. dollars,2016,438.85,Type of minimum wage: Sectoral (manufacturing) | Currency: PAN - Balboa (PAB) | ILO calculation: Hourly figure multiplied by 48 hours and 4.33 weeks,PAN,0.81
Panama,ILO - SIALC Estimates,Statutory nominal gross monthly minimum wage,Currency: U.S. dollars,2015,415.97,Type of minimum wage: Sectoral (manufacturing) | Currency: PAN - Balboa (PAB) | ILO calculation: Hourly figure multiplied by 48 hours and 4.33 weeks,PAN,0.803
Panama,ILO - SIALC Estimates,Statutory nominal gross monthly minimum wage,Currency: U.S. dollars,2014,415.97,Type of minimum wage: Sectoral (manufacturing) | Currency: PAN - Balboa (PAB) | ILO calculation: Hourly figure multiplied by 48 hours and 4.33 weeks,PAN,0.798
Panama,ILO - SIALC Estimates,Statutory nominal gross monthly minimum wage,Currency: U.S. dollars,2013,366.05,Type of minimum wage: Sectoral (manufacturing) | Currency: PAN - Balboa (PAB) | ILO calculation: Hourly figure multiplied by 48 hours and 4.33 weeks,PAN,0.799
Panama,ILO - SIALC Estimates,Statutory nominal gross monthly minimum wage,Currency: U.S. dollars,2012,366.05,Type of minimum wage: Sectoral (manufacturing) | Currency: PAN - Balboa (PAB) | ILO calculation: Hourly figure multiplied by 48 hours and 4.33 weeks,PAN,0.798
Panama,ILO - SIALC Estimates,Statutory nominal gross monthly minimum wage,Currency: U.S. dollars,2011,318.24,Type of minimum wage: Sectoral (manufacturing) | Currency: PAN - Balboa (PAB) | ILO calculation: Hourly figure multiplied by 48 hours and 4.33 weeks,PAN,0.781
Panama,ILO - SIALC Estimates,Statutory nominal gross monthly minimum wage,Currency: U.S. dollars,2010,318.24,Type of minimum wage: Sectoral (manufacturing) | Currency: PAN - Balboa (PAB) | ILO calculation: Hourly figure multiplied by 48 hours and 4.33 weeks,PAN,0.775
Panama,ILO - SIALC Estimates,Statutory nominal gross monthly minimum wage,Currency: U.S. dollars,2009,289.1,Type of minimum wage: Sectoral (manufacturing) | Currency: PAN - Balboa (PAB) | ILO calculation: Hourly figure multiplied by 48 hours and 4.33 weeks,PAN,0.77
Panama,ILO - SIALC Estimates,Statutory nominal gross monthly minimum wage,Currency: U.S. dollars,2008,289.1,Type of minimum wage: Sectoral (manufacturing) | Currency: PAN - Balboa (PAB) | ILO calculation: Hourly figure multiplied by 48 hours and 4.33 weeks,PAN,0.767
Panama,ILO - SIALC Estimates,Statutory nominal gross monthly minimum wage,Currency: U.S. dollars,2007,276.62,Currency: PAN - Balboa (PAB),PAN,0.763
Panama,ILO - SIALC Estimates,Statutory nominal gross monthly minimum wage,Currency: U.S. dollars,2006,264.14,Currency: PAN - Balboa (PAB),PAN,0.753
Panama,ILO - SIALC Estimates,Statutory nominal gross monthly minimum wage,Currency: U.S. dollars,2005,245.42,Currency: PAN - Balboa (PAB),PAN,0.746
Panama,ILO - SIALC Estimates,Statutory nominal gross monthly minimum wage,Currency: U.S. dollars,2004,245.42,Currency: PAN - Balboa (PAB),PAN,0.741
Panama,ILO - SIALC Estimates,Statutory nominal gross monthly minimum wage,Currency: U.S. dollars,2003,245.42,Currency: PAN - Balboa (PAB),PAN,0.735
Panama,ILO - SIALC Estimates,Statutory nominal gross monthly minimum wage,Currency: U.S. dollars,2002,239.2,Currency: PAN - Balboa (PAB),PAN,0.73
Panama,ILO - SIALC Estimates,Statutory nominal gross monthly minimum wage,Currency: U.S. dollars,2001,239.2,Currency: PAN - Balboa (PAB),PAN,0.723
Panama,ILO - SIALC Estimates,Statutory nominal gross monthly minimum wage,Currency: U.S. dollars,2000,239.2,Currency: PAN - Balboa (PAB),PAN,0.718
Peru,ADM - Labour Relations Records,Statutory nominal gross monthly minimum wage,Currency: U.S. dollars,2023,273.784,Type of minimum wage: Singular national minimum wage | Currency: PER - Nuevo sol (PEN),PER,0.794
Peru,ADM - Labour Relations Records,Statutory nominal gross monthly minimum wage,Currency: U.S. dollars,2022,267.262,Type of minimum wage: Singular national minimum wage | Currency: PER - Nuevo sol (PEN),PER,0.79
Peru,ADM - Labour Relations Records,Statutory nominal gross monthly minimum wage,Currency: U.S. dollars,2021,239.656,Type of minimum wage: Singular national minimum wage | Currency: PER - Nuevo sol (PEN),PER,0.764
Peru,ADM - Labour Relations Records,Statutory nominal gross monthly minimum wage,Currency: U.S. dollars,2020,266.099,Type of minimum wage: Singular national minimum wage | Currency: PER - Nuevo sol (PEN),PER,0.769
Peru,ADM - Labour Relations Records,Statutory nominal gross monthly minimum wage,Currency: U.S. dollars,2019,278.671,Type of minimum wage: Singular national minimum wage | Currency: PER - Nuevo sol (PEN),PER,0.784
Peru,ADM - Labour Relations Records,Statutory nominal gross monthly minimum wage,Currency: U.S. dollars,2018,282.967,Type of minimum wage: Singular national minimum wage | Currency: PER - Nuevo sol (PEN),PER,0.78
Peru,ADM - Labour Relations Records,Statutory nominal gross monthly minimum wage,Currency: U.S. dollars,2017,260.697,Type of minimum wage: Singular national minimum wage | Currency: PER - Nuevo sol (PEN),PER,0.775
Peru,ADM - Labour Relations Records,Statutory nominal gross monthly minimum wage,Currency: U.S. dollars,2016,251.847,Type of minimum wage: Singular national minimum wage | Currency: PER - Nuevo sol (PEN),PER,0.775
Peru,ADM - Labour Relations Records,Statutory nominal gross monthly minimum wage,Currency: U.S. dollars,2015,235.52,Type of minimum wage: Singular national minimum wage | Currency: PER - Nuevo sol (PEN),PER,0.768
Peru,ADM - Labour Relations Records,Statutory nominal gross monthly minimum wage,Currency: U.S. dollars,2014,264.173,Type of minimum wage: Singular national minimum wage | Currency: PER - Nuevo sol (PEN),PER,0.763
Peru,ADM - Labour Relations Records,Statutory nominal gross monthly minimum wage,Currency: U.S. dollars,2013,277.582,Type of minimum wage: Singular national minimum wage | Currency: PER - Nuevo sol (PEN),PER,0.757
Peru,ADM - Labour Relations Records,Statutory nominal gross monthly minimum wage,Currency: U.S. dollars,2012,284.351,Type of minimum wage: Singular national minimum wage | Currency: PER - Nuevo sol (PEN),PER,0.748
Peru,ADM - Labour Relations Records,Statutory nominal gross monthly minimum wage,Currency: U.S. dollars,2011,245.089,Type of minimum wage: Singular national minimum wage | Currency: PER - Nuevo sol (PEN),PER,0.738
Peru,ADM - Labour Relations Records,Statutory nominal gross monthly minimum wage,Currency: U.S. dollars,2010,205.301,Type of minimum wage: Singular national minimum wage | Currency: PER - Nuevo sol (PEN),PER,0.731
Peru,ADM - Labour Relations Records,Statutory nominal gross monthly minimum wage,Currency: U.S. dollars,2009,182.633,Type of minimum wage: Singular national minimum wage | Currency: PER - Nuevo sol (PEN),PER,0.717
Peru,ADM - Labour Relations Records,Statutory nominal gross monthly minimum wage,Currency: U.S. dollars,2008,188.072,Type of minimum wage: Singular national minimum wage | Currency: PER - Nuevo sol (PEN),PER,0.714
Peru,ADM - Labour Relations Records,Statutory nominal gross monthly minimum wage,Currency: U.S. dollars,2007,169.435,Type of minimum wage: Singular national minimum wage | Currency: PER - Nuevo sol (PEN),PER,0.708
Peru,ADM - Labour Relations Records,Statutory nominal gross monthly minimum wage,Currency: U.S. dollars,2006,152.717,Type of minimum wage: Singular national minimum wage | Currency: PER - Nuevo sol (PEN),PER,0.697
Peru,ADM - Labour Relations Records,Statutory nominal gross monthly minimum wage,Currency: U.S. dollars,2005,139.57,Type of minimum wage: Singular national minimum wage | Currency: PER - Nuevo sol (PEN),PER,0.691
Peru,ADM - Labour Relations Records,Statutory nominal gross monthly minimum wage,Currency: U.S. dollars,2004,134.772,Type of minimum wage: Singular national minimum wage | Currency: PER - Nuevo sol (PEN),PER,0.694
Peru,ADM - Labour Relations Records,Statutory nominal gross monthly minimum wage,Currency: U.S. dollars,2003,132.242,Type of minimum wage: Singular national minimum wage | Currency: PER - Nuevo sol (PEN),PER,0.689
Peru,ADM - Labour Relations Records,Statutory nominal gross monthly minimum wage,Currency: U.S. dollars,2002,116.593,Type of minimum wage: Singular national minimum wage | Currency: PER - Nuevo sol (PEN),PER,0.69
Peru,ADM - Labour Relations Records,Statutory nominal gross monthly minimum wage,Currency: U.S. dollars,2001,116.915,Type of minimum wage: Singular national minimum wage | Currency: PER - Nuevo sol (PEN),PER,0.69
Peru,ADM - Labour Relations Records,Statutory nominal gross monthly minimum wage,Currency: U.S. dollars,2000,117.478,Type of minimum wage: Singular national minimum wage | Currency: PER - Nuevo sol (PEN),PER,0.682
Philippines,ADM - Labour legislation,Statutory nominal gross monthly minimum wage,Currency: U.S. dollars,2023,149.235,Type of minimum wage: Regional (lowest provincial rate in non-agriculture) | Currency: PHL - Philippine peso (PHP) | ILO calculation: Daily figure multiplied by 6 days and 4.33 weeks,PHL,0.72
Philippines,ADM - Labour legislation,Statutory nominal gross monthly minimum wage,Currency: U.S. dollars,2022,147.95,Type of minimum wage: Regional (lowest provincial rate in non-agriculture) | Currency: PHL - Philippine peso (PHP) | ILO calculation: Daily figure multiplied by 6 days and 4.33 weeks,PHL,0.714
Philippines,ADM - Labour legislation,Statutory nominal gross monthly minimum wage,Currency: U.S. dollars,2021,148.859,Type of minimum wage: Regional (lowest provincial rate in non-agriculture) | Currency: PHL - Philippine peso (PHP) | ILO calculation: Daily figure multiplied by 6 days and 4.33 weeks,PHL,0.69
Philippines,ADM - Labour legislation,Statutory nominal gross monthly minimum wage,Currency: U.S. dollars,2020,147.751,Type of minimum wage: Regional (lowest provincial rate in non-agriculture) | Currency: PHL - Philippine peso (PHP) | ILO calculation: Daily figure multiplied by 6 days and 4.33 weeks,PHL,0.699
Philippines,ADM - Labour legislation,Statutory nominal gross monthly minimum wage,Currency: U.S. dollars,2019,140.552,Type of minimum wage: Regional (lowest provincial rate in non-agriculture) | Currency: PHL - Philippine peso (PHP) | ILO calculation: Daily figure multiplied by 6 days and 4.33 weeks,PHL,0.708
Philippines,ADM - Labour legislation,Statutory nominal gross monthly minimum wage,Currency: U.S. dollars,2018,138.242,Type of minimum wage: Regional (lowest provincial rate in non-agriculture) | Currency: PHL - Philippine peso (PHP) | ILO calculation: Daily figure multiplied by 6 days and 4.33 weeks,PHL,0.7
Philippines,ADM - Labour legislation,Statutory nominal gross monthly minimum wage,Currency: U.S. dollars,2017,136.696,Type of minimum wage: Regional (lowest provincial rate in non-agriculture) | Currency: PHL - Philippine peso (PHP) | ILO calculation: Daily figure multiplied by 6 days and 4.33 weeks,PHL,0.694
Philippines,ADM - Labour legislation,Statutory nominal gross monthly minimum wage,Currency: U.S. dollars,2016,142.338,Type of minimum wage: Regional (lowest provincial rate in non-agriculture) | Currency: PHL - Philippine peso (PHP) | ILO calculation: Daily figure multiplied by 6 days and 4.33 weeks,PHL,0.69
Philippines,ADM - Labour legislation,Statutory nominal gross monthly minimum wage,Currency: U.S. dollars,2015,142.848,Type of minimum wage: Regional (lowest provincial rate in non-agriculture) | Currency: PHL - Philippine peso (PHP) | ILO calculation: Daily figure multiplied by 6 days and 4.33 weeks,PHL,0.69
Philippines,ADM - Labour legislation,Statutory nominal gross monthly minimum wage,Currency: U.S. dollars,2014,146.412,Type of minimum wage: Regional (lowest provincial rate in non-agriculture) | Currency: PHL - Philippine peso (PHP) | ILO calculation: Daily figure multiplied by 6 days and 4.33 weeks,PHL,0.689
Philippines,ADM - Labour legislation,Statutory nominal gross monthly minimum wage,Currency: U.S. dollars,2013,142.109,Type of minimum wage: Regional (lowest provincial rate in non-agriculture) | Currency: PHL - Philippine peso (PHP) | ILO calculation: Daily figure multiplied by 6 days and 4.33 weeks,PHL,0.687
Philippines,ADM - Labour legislation,Statutory nominal gross monthly minimum wage,Currency: U.S. dollars,2012,142.841,Type of minimum wage: Regional (lowest provincial rate in non-agriculture) | Currency: PHL - Philippine peso (PHP) | ILO calculation: Daily figure multiplied by 6 days and 4.33 weeks,PHL,0.681
Philippines,ADM - Labour legislation,Statutory nominal gross monthly minimum wage,Currency: U.S. dollars,2011,139.265,Type of minimum wage: Regional (lowest provincial rate in non-agriculture) | Currency: PHL - Philippine peso (PHP) | ILO calculation: Daily figure multiplied by 6 days and 4.33 weeks,PHL,0.674
Philippines,ADM - Labour legislation,Statutory nominal gross monthly minimum wage,Currency: U.S. dollars,2010,127.955,Type of minimum wage: Regional (lowest provincial rate in non-agriculture) | Currency: PHL - Philippine peso (PHP) | Break in series: Change in definition or concept | ILO calculation: Daily figure multiplied by 6 days and 4.33 weeks,PHL,0.669
Philippines,ADM - Labour legislation,Statutory nominal gross monthly minimum wage,Currency: U.S. dollars,2009,208.978,Type of minimum wage: Regional | Currency: PHL - Philippine peso (PHP),PHL,0.662
Philippines,ADM - Labour legislation,Statutory nominal gross monthly minimum wage,Currency: U.S. dollars,2008,224.803,Type of minimum wage: Regional | Currency: PHL - Philippine peso (PHP),PHL,0.662
Philippines,ADM - Labour legislation,Statutory nominal gross monthly minimum wage,Currency: U.S. dollars,2007,204.601,Type of minimum wage: Regional | Currency: PHL - Philippine peso (PHP),PHL,0.659
Philippines,ADM - Labour legislation,Statutory nominal gross monthly minimum wage,Currency: U.S. dollars,2006,177.904,Type of minimum wage: Regional | Currency: PHL - Philippine peso (PHP),PHL,0.654
Philippines,ADM - Labour legislation,Statutory nominal gross monthly minimum wage,Currency: U.S. dollars,2005,153.888,Type of minimum wage: Regional | Currency: PHL - Philippine peso (PHP),PHL,0.656
Philippines,ADM - Labour legislation,Statutory nominal gross monthly minimum wage,Currency: U.S. dollars,2004,139.633,Type of minimum wage: Regional | Currency: PHL - Philippine peso (PHP),PHL,0.655
Philippines,ADM - Labour legislation,Statutory nominal gross monthly minimum wage,Currency: U.S. dollars,2003,134.733,Type of minimum wage: Regional | Currency: PHL - Philippine peso (PHP),PHL,0.648
Philippines,ADM - Labour legislation,Statutory nominal gross monthly minimum wage,Currency: U.S. dollars,2002,141.521,Type of minimum wage: Regional | Currency: PHL - Philippine peso (PHP),PHL,0.643
Philippines,ADM - Labour legislation,Statutory nominal gross monthly minimum wage,Currency: U.S. dollars,2001,135.549,Type of minimum wage: Regional | Currency: PHL - Philippine peso (PHP),PHL,0.636
Philippines,ADM - Labour legislation,Statutory nominal gross monthly minimum wage,Currency: U.S. dollars,2000,147.56,Type of minimum wage: Regional | Currency: PHL - Philippine peso (PHP),PHL,0.632
Palau,ADM - Legislation du Travail,Statutory nominal gross monthly minimum wage,Currency: U.S. dollars,2023,728.0,Type of minimum wage: Singular national minimum wage | Currency: PLW - United States dollar (USD) | ILO calculation: Hourly figure multiplied by 40 hours and 4.33 weeks,PLW,0.786
Palau,ADM - Legislation du Travail,Statutory nominal gross monthly minimum wage,Currency: U.S. dollars,2022,728.0,Type of minimum wage: Singular national minimum wage | Currency: PLW - United States dollar (USD) | ILO calculation: Hourly figure multiplied by 40 hours and 4.33 weeks,PLW,0.786
Palau,ADM - Legislation du Travail,Statutory nominal gross monthly minimum wage,Currency: U.S. dollars,2021,728.0,Type of minimum wage: Singular national minimum wage | Currency: PLW - United States dollar (USD) | ILO calculation: Hourly figure multiplied by 40 hours and 4.33 weeks,PLW,0.789
Palau,ADM - Legislation du Travail,Statutory nominal gross monthly minimum wage,Currency: U.S. dollars,2020,728.0,Type of minimum wage: Singular national minimum wage | Currency: PLW - United States dollar (USD) | ILO calculation: Hourly figure multiplied by 40 hours and 4.33 weeks,PLW,0.799
Palau,ADM - Legislation du Travail,Statutory nominal gross monthly minimum wage,Currency: U.S. dollars,2019,728.0,Type of minimum wage: Singular national minimum wage | Currency: PLW - United States dollar (USD) | ILO calculation: Hourly figure multiplied by 40 hours and 4.33 weeks,PLW,0.806
Palau,ADM - Legislation du Travail,Statutory nominal gross monthly minimum wage,Currency: U.S. dollars,2018,728.0,Type of minimum wage: Singular national minimum wage | Currency: PLW - United States dollar (USD) | ILO calculation: Hourly figure multiplied by 40 hours and 4.33 weeks,PLW,0.805
Palau,ADM - Legislation du Travail,Statutory nominal gross monthly minimum wage,Currency: U.S. dollars,2017,728.0,Type of minimum wage: Singular national minimum wage | Currency: PLW - United States dollar (USD) | ILO calculation: Hourly figure multiplied by 40 hours and 4.33 weeks,PLW,0.804
Palau,ADM - Legislation du Travail,Statutory nominal gross monthly minimum wage,Currency: U.S. dollars,2016,728.0,Type of minimum wage: Singular national minimum wage | Currency: PLW - United States dollar (USD) | ILO calculation: Hourly figure multiplied by 40 hours and 4.33 weeks,PLW,0.804
Palau,ADM - Legislation du Travail,Statutory nominal gross monthly minimum wage,Currency: U.S. dollars,2015,676.0,Type of minimum wage: Singular national minimum wage | Currency: PLW - United States dollar (USD) | ILO calculation: Hourly figure multiplied by 40 hours and 4.33 weeks,PLW,0.802
Palau,ADM - Legislation du Travail,Statutory nominal gross monthly minimum wage,Currency: U.S. dollars,2014,624.0,Type of minimum wage: Singular national minimum wage | Currency: PLW - United States dollar (USD) | ILO calculation: Hourly figure multiplied by 40 hours and 4.33 weeks,PLW,0.795
Palau,ADM - Legislation du Travail,Statutory nominal gross monthly minimum wage,Currency: U.S. dollars,2013,572.0,Type of minimum wage: Singular national minimum wage | Currency: PLW - United States dollar (USD) | ILO calculation: Hourly figure multiplied by 40 hours and 4.33 weeks,PLW,0.791
Palau,ADM - Legislation du Travail,Statutory nominal gross monthly minimum wage,Currency: U.S. dollars,2012,520.0,Type of minimum wage: Singular national minimum wage | Currency: PLW - United States dollar (USD) | ILO calculation: Hourly figure multiplied by 40 hours and 4.33 weeks,PLW,0.787
Palau,ADM - Legislation du Travail,Statutory nominal gross monthly minimum wage,Currency: U.S. dollars,2011,520.0,Type of minimum wage: Singular national minimum wage | Currency: PLW - United States dollar (USD) | ILO calculation: Hourly figure multiplied by 40 hours and 4.33 weeks,PLW,0.784
Palau,ADM - Legislation du Travail,Statutory nominal gross monthly minimum wage,Currency: U.S. dollars,2010,520.0,Type of minimum wage: Singular national minimum wage | Currency: PLW - United States dollar (USD) | ILO calculation: Hourly figure multiplied by 40 hours and 4.33 weeks,PLW,0.779
Palau,ADM - Legislation du Travail,Statutory nominal gross monthly minimum wage,Currency: U.S. dollars,2009,520.0,Type of minimum wage: Singular national minimum wage | Currency: PLW - United States dollar (USD) | ILO calculation: Hourly figure multiplied by 40 hours and 4.33 weeks,PLW,0.776
Palau,ADM - Legislation du Travail,Statutory nominal gross monthly minimum wage,Currency: U.S. dollars,2008,520.0,Type of minimum wage: Singular national minimum wage | Currency: PLW - United States dollar (USD) | ILO calculation: Hourly figure multiplied by 40 hours and 4.33 weeks,PLW,0.773
Papua New Guinea,ADM - Labour legislation,Statutory nominal gross monthly minimum wage,Currency: U.S. dollars,2023,202.807,Type of minimum wage: Singular national minimum wage | Currency: PNG - Kina (PGK) | ILO calculation: Hourly figure multiplied by 48 hours and 4.33 weeks,PNG,0.576
Papua New Guinea,ADM - Labour legislation,Statutory nominal gross monthly minimum wage,Currency: U.S. dollars,2022,206.863,Type of minimum wage: Singular national minimum wage | Currency: PNG - Kina (PGK) | ILO calculation: Hourly figure multiplied by 48 hours and 4.33 weeks,PNG,0.572
Papua New Guinea,ADM - Labour legislation,Statutory nominal gross monthly minimum wage,Currency: U.S. dollars,2021,207.48,Type of minimum wage: Singular national minimum wage | Currency: PNG - Kina (PGK) | ILO calculation: Hourly figure multiplied by 48 hours and 4.33 weeks,PNG,0.567
Papua New Guinea,ADM - Labour legislation,Statutory nominal gross monthly minimum wage,Currency: U.S. dollars,2020,210.406,Type of minimum wage: Singular national minimum wage | Currency: PNG - Kina (PGK) | ILO calculation: Hourly figure multiplied by 48 hours and 4.33 weeks,PNG,0.567
Papua New Guinea,ADM - Labour legislation,Statutory nominal gross monthly minimum wage,Currency: U.S. dollars,2019,214.905,Type of minimum wage: Singular national minimum wage | Currency: PNG - Kina (PGK) | ILO calculation: Hourly figure multiplied by 48 hours and 4.33 weeks,PNG,0.566
Papua New Guinea,ADM - Labour legislation,Statutory nominal gross monthly minimum wage,Currency: U.S. dollars,2018,221.044,Type of minimum wage: Singular national minimum wage | Currency: PNG - Kina (PGK) | ILO calculation: Hourly figure multiplied by 48 hours and 4.33 weeks,PNG,0.559
Papua New Guinea,ADM - Labour legislation,Statutory nominal gross monthly minimum wage,Currency: U.S. dollars,2017,228.3,Type of minimum wage: Singular national minimum wage | Currency: PNG - Kina (PGK) | ILO calculation: Hourly figure multiplied by 48 hours and 4.33 weeks,PNG,0.555
Papua New Guinea,ADM - Labour legislation,Statutory nominal gross monthly minimum wage,Currency: U.S. dollars,2016,232.363,Type of minimum wage: Singular national minimum wage | Currency: PNG - Kina (PGK) | ILO calculation: Hourly figure multiplied by 48 hours and 4.33 weeks,PNG,0.55
Papua New Guinea,ADM - Labour legislation,Statutory nominal gross monthly minimum wage,Currency: U.S. dollars,2015,252.448,Type of minimum wage: Singular national minimum wage | Currency: PNG - Kina (PGK) | ILO calculation: Hourly figure multiplied by 48 hours and 4.33 weeks,PNG,0.543
Papua New Guinea,ADM - Labour legislation,Statutory nominal gross monthly minimum wage,Currency: U.S. dollars,2014,270.417,Type of minimum wage: Singular national minimum wage | Currency: PNG - Kina (PGK) | ILO calculation: Hourly figure multiplied by 48 hours and 4.33 weeks,PNG,0.534
Papua New Guinea,ADM - Labour legislation,Statutory nominal gross monthly minimum wage,Currency: U.S. dollars,2013,212.216,Type of minimum wage: Singular national minimum wage | Currency: PNG - Kina (PGK) | ILO calculation: Hourly figure multiplied by 48 hours and 4.33 weeks,PNG,0.522
Papua New Guinea,ADM - Labour legislation,Statutory nominal gross monthly minimum wage,Currency: U.S. dollars,2012,228.599,Type of minimum wage: Singular national minimum wage | Currency: PNG - Kina (PGK) | ILO calculation: Hourly figure multiplied by 48 hours and 4.33 weeks,PNG,0.514
Papua New Guinea,ADM - Labour legislation,Statutory nominal gross monthly minimum wage,Currency: U.S. dollars,2011,200.897,Type of minimum wage: Singular national minimum wage | Currency: PNG - Kina (PGK) | ILO calculation: Hourly figure multiplied by 48 hours and 4.33 weeks,PNG,0.508
Papua New Guinea,ADM - Labour legislation,Statutory nominal gross monthly minimum wage,Currency: U.S. dollars,2010,175.163,Type of minimum wage: Singular national minimum wage | Currency: PNG - Kina (PGK) | ILO calculation: Hourly figure multiplied by 48 hours and 4.33 weeks,PNG,0.503
Papua New Guinea,ADM - Labour legislation,Statutory nominal gross monthly minimum wage,Currency: U.S. dollars,2009,172.884,Type of minimum wage: Singular national minimum wage | Currency: PNG - Kina (PGK) | ILO calculation: Hourly figure multiplied by 48 hours and 4.33 weeks,PNG,0.495
Papua New Guinea,ADM - Labour legislation,Statutory nominal gross monthly minimum wage,Currency: U.S. dollars,2008,65.479,Type of minimum wage: Singular national minimum wage | Currency: PNG - Kina (PGK) | ILO calculation: Hourly figure multiplied by 48 hours and 4.33 weeks,PNG,0.489
Poland,ADM - Labour legislation,Statutory nominal gross monthly minimum wage,Currency: U.S. dollars,2023,856.395,Type of minimum wage: Singular national minimum wage | Currency: POL - Zloty (PLN),POL,0.906
Poland,ADM - Labour legislation,Statutory nominal gross monthly minimum wage,Currency: U.S. dollars,2022,675.227,Type of minimum wage: Singular national minimum wage | Currency: POL - Zloty (PLN),POL,0.902
Poland,ADM - Labour legislation,Statutory nominal gross monthly minimum wage,Currency: U.S. dollars,2021,725.029,Type of minimum wage: Singular national minimum wage | Currency: POL - Zloty (PLN),POL,0.884
Poland,ADM - Labour legislation,Statutory nominal gross monthly minimum wage,Currency: U.S. dollars,2020,666.711,Type of minimum wage: Singular national minimum wage | Currency: POL - Zloty (PLN),POL,0.88
Poland,ADM - Labour legislation,Statutory nominal gross monthly minimum wage,Currency: U.S. dollars,2019,586.033,Type of minimum wage: Singular national minimum wage | Currency: POL - Zloty (PLN),POL,0.887
Poland,ADM - Labour legislation,Statutory nominal gross monthly minimum wage,Currency: U.S. dollars,2018,581.441,Type of minimum wage: Singular national minimum wage | Currency: POL - Zloty (PLN),POL,0.884
Poland,ADM - Labour legislation,Statutory nominal gross monthly minimum wage,Currency: U.S. dollars,2017,529.194,Type of minimum wage: Singular national minimum wage | Currency: POL - Zloty (PLN),POL,0.882
Poland,ADM - Labour legislation,Statutory nominal gross monthly minimum wage,Currency: U.S. dollars,2016,469.212,Type of minimum wage: Singular national minimum wage | Currency: POL - Zloty (PLN),POL,0.884
Poland,ADM - Labour legislation,Statutory nominal gross monthly minimum wage,Currency: U.S. dollars,2015,464.253,Type of minimum wage: Singular national minimum wage | Currency: POL - Zloty (PLN),POL,0.879
Poland,ADM - Labour legislation,Statutory nominal gross monthly minimum wage,Currency: U.S. dollars,2014,532.566,Type of minimum wage: Singular national minimum wage | Currency: POL - Zloty (PLN),POL,0.873
Poland,ADM - Labour legislation,Statutory nominal gross monthly minimum wage,Currency: U.S. dollars,2013,506.23,Type of minimum wage: Singular national minimum wage | Currency: POL - Zloty (PLN),POL,0.873
Poland,ADM - Labour legislation,Statutory nominal gross monthly minimum wage,Currency: U.S. dollars,2012,460.611,Type of minimum wage: Singular national minimum wage | Currency: POL - Zloty (PLN),POL,0.863
Poland,ADM - Labour legislation,Statutory nominal gross monthly minimum wage,Currency: U.S. dollars,2011,467.793,Type of minimum wage: Singular national minimum wage | Currency: POL - Zloty (PLN),POL,0.858
Poland,ADM - Labour legislation,Statutory nominal gross monthly minimum wage,Currency: U.S. dollars,2010,436.772,Type of minimum wage: Singular national minimum wage | Currency: POL - Zloty (PLN),POL,0.852
Poland,ADM - Labour legislation,Statutory nominal gross monthly minimum wage,Currency: U.S. dollars,2009,408.956,Type of minimum wage: Singular national minimum wage | Currency: POL - Zloty (PLN),POL,0.846
Poland,ADM - Labour legislation,Statutory nominal gross monthly minimum wage,Currency: U.S. dollars,2008,467.367,Type of minimum wage: Singular national minimum wage | Currency: POL - Zloty (PLN),POL,0.841
Poland,ADM - Labour legislation,Statutory nominal gross monthly minimum wage,Currency: U.S. dollars,2007,338.156,Type of minimum wage: Singular national minimum wage | Currency: POL - Zloty (PLN),POL,0.836
Poland,ADM - Labour legislation,Statutory nominal gross monthly minimum wage,Currency: U.S. dollars,2006,289.705,Type of minimum wage: Singular national minimum wage | Currency: POL - Zloty (PLN),POL,0.831
Poland,ADM - Labour legislation,Statutory nominal gross monthly minimum wage,Currency: U.S. dollars,2005,262.403,Type of minimum wage: Singular national minimum wage | Currency: POL - Zloty (PLN),POL,0.826
Poland,ADM - Labour legislation,Statutory nominal gross monthly minimum wage,Currency: U.S. dollars,2004,225.282,Type of minimum wage: Singular national minimum wage | Currency: POL - Zloty (PLN),POL,0.82
Poland,ADM - Labour legislation,Statutory nominal gross monthly minimum wage,Currency: U.S. dollars,2003,205.704,Type of minimum wage: Singular national minimum wage | Currency: POL - Zloty (PLN),POL,0.822
Poland,ADM - Labour legislation,Statutory nominal gross monthly minimum wage,Currency: U.S. dollars,2002,186.273,Type of minimum wage: Singular national minimum wage | Currency: POL - Zloty (PLN),POL,0.816
Poland,ADM - Labour legislation,Statutory nominal gross monthly minimum wage,Currency: U.S. dollars,2001,185.642,Type of minimum wage: Singular national minimum wage | Currency: POL - Zloty (PLN),POL,0.809
Poland,ADM - Labour legislation,Statutory nominal gross monthly minimum wage,Currency: U.S. dollars,2000,161.065,Type of minimum wage: Singular national minimum wage | Currency: POL - Zloty (PLN),POL,0.801
Portugal,ADM - Labour legislation,Statutory nominal gross monthly minimum wage,Currency: U.S. dollars,2023,959.085,Type of minimum wage: Singular national minimum wage | Currency: PRT - Euro (EUR),PRT,0.89
Portugal,ADM - Labour legislation,Statutory nominal gross monthly minimum wage,Currency: U.S. dollars,2022,866.659,Type of minimum wage: Singular national minimum wage | Currency: PRT - Euro (EUR),PRT,0.883
Portugal,ADM - Labour legislation,Statutory nominal gross monthly minimum wage,Currency: U.S. dollars,2021,917.806,Type of minimum wage: Singular national minimum wage | Currency: PRT - Euro (EUR),PRT,0.876
Portugal,ADM - Labour legislation,Statutory nominal gross monthly minimum wage,Currency: U.S. dollars,2020,846.367,Type of minimum wage: Singular national minimum wage | Currency: PRT - Euro (EUR),PRT,0.87
Portugal,ADM - Labour legislation,Statutory nominal gross monthly minimum wage,Currency: U.S. dollars,2019,783.632,Type of minimum wage: Singular national minimum wage | Currency: PRT - Euro (EUR),PRT,0.872
Portugal,ADM - Labour legislation,Statutory nominal gross monthly minimum wage,Currency: U.S. dollars,2018,799.506,Type of minimum wage: Singular national minimum wage | Currency: PRT - Euro (EUR),PRT,0.866
Portugal,ADM - Labour legislation,Statutory nominal gross monthly minimum wage,Currency: U.S. dollars,2017,734.293,Type of minimum wage: Singular national minimum wage | Currency: PRT - Euro (EUR),PRT,0.864
Portugal,ADM - Labour legislation,Statutory nominal gross monthly minimum wage,Currency: U.S. dollars,2016,684.066,Type of minimum wage: Singular national minimum wage | Currency: PRT - Euro (EUR),PRT,0.859
Portugal,ADM - Labour legislation,Statutory nominal gross monthly minimum wage,Currency: U.S. dollars,2015,653.503,Type of minimum wage: Singular national minimum wage | Currency: PRT - Euro (EUR),PRT,0.857
Portugal,ADM - Labour legislation,Statutory nominal gross monthly minimum wage,Currency: U.S. dollars,2014,751.931,Type of minimum wage: Singular national minimum wage | Currency: PRT - Euro (EUR),PRT,0.854
Portugal,ADM - Labour legislation,Statutory nominal gross monthly minimum wage,Currency: U.S. dollars,2013,751.715,Type of minimum wage: Singular national minimum wage | Currency: PRT - Euro (EUR),PRT,0.849
Portugal,ADM - Labour legislation,Statutory nominal gross monthly minimum wage,Currency: U.S. dollars,2012,727.19,Type of minimum wage: Singular national minimum wage | Currency: PRT - Euro (EUR),PRT,0.844
Portugal,ADM - Labour legislation,Statutory nominal gross monthly minimum wage,Currency: U.S. dollars,2011,787.847,Type of minimum wage: Singular national minimum wage | Currency: PRT - Euro (EUR),PRT,0.843
Portugal,ADM - Labour legislation,Statutory nominal gross monthly minimum wage,Currency: U.S. dollars,2010,734.447,Type of minimum wage: Singular national minimum wage | Currency: PRT - Euro (EUR),PRT,0.836
Portugal,ADM - Labour legislation,Statutory nominal gross monthly minimum wage,Currency: U.S. dollars,2009,732.261,Type of minimum wage: Singular national minimum wage | Currency: PRT - Euro (EUR),PRT,0.831
Portugal,ADM - Labour legislation,Statutory nominal gross monthly minimum wage,Currency: U.S. dollars,2008,730.966,Type of minimum wage: Singular national minimum wage | Currency: PRT - Euro (EUR),PRT,0.826
Portugal,ADM - Labour legislation,Statutory nominal gross monthly minimum wage,Currency: U.S. dollars,2007,644.125,Type of minimum wage: Singular national minimum wage | Currency: PRT - Euro (EUR),PRT,0.821
Portugal,ADM - Labour legislation,Statutory nominal gross monthly minimum wage,Currency: U.S. dollars,2006,565.02,Type of minimum wage: Singular national minimum wage | Currency: PRT - Euro (EUR),PRT,0.815
Portugal,ADM - Labour legislation,Statutory nominal gross monthly minimum wage,Currency: U.S. dollars,2005,543.667,Type of minimum wage: Singular national minimum wage | Currency: PRT - Euro (EUR),PRT,0.81
Portugal,ADM - Labour legislation,Statutory nominal gross monthly minimum wage,Currency: U.S. dollars,2004,529.902,Type of minimum wage: Singular national minimum wage | Currency: PRT - Euro (EUR),PRT,0.809
Portugal,ADM - Labour legislation,Statutory nominal gross monthly minimum wage,Currency: U.S. dollars,2003,470.563,Type of minimum wage: Singular national minimum wage | Currency: PRT - Euro (EUR),PRT,0.808
Portugal,ADM - Labour legislation,Statutory nominal gross monthly minimum wage,Currency: U.S. dollars,2002,383.903,Type of minimum wage: Singular national minimum wage | Currency: PRT - Euro (EUR),PRT,0.804
Portugal,ADM - Labour legislation,Statutory nominal gross monthly minimum wage,Currency: U.S. dollars,2001,349.296,Type of minimum wage: Singular national minimum wage | Currency: PRT - Euro (EUR),PRT,0.801
Portugal,ADM - Labour legislation,Statutory nominal gross monthly minimum wage,Currency: U.S. dollars,2000,342.66,Type of minimum wage: Singular national minimum wage | Currency: PRT - Euro (EUR),PRT,0.797
Paraguay,ILO - SIALC Estimates,Statutory nominal gross monthly minimum wage,Currency: U.S. dollars,2023,314.085,Type of minimum wage: National floor for adults | Currency: PRY - Guarani (PYG),PRY,0.756
Paraguay,ILO - SIALC Estimates,Statutory nominal gross monthly minimum wage,Currency: U.S. dollars,2022,327.854,Type of minimum wage: National floor for adults | Currency: PRY - Guarani (PYG),PRY,0.747
Paraguay,ILO - SIALC Estimates,Statutory nominal gross monthly minimum wage,Currency: U.S. dollars,2021,337.949,Type of minimum wage: National floor for adults | Currency: PRY - Guarani (PYG),PRY,0.723
Paraguay,ILO - SIALC Estimates,Statutory nominal gross monthly minimum wage,Currency: U.S. dollars,2020,323.853,Type of minimum wage: National floor for adults | Currency: PRY - Guarani (PYG),PRY,0.742
Paraguay,ILO - SIALC Estimates,Statutory nominal gross monthly minimum wage,Currency: U.S. dollars,2019,351.376,Type of minimum wage: National floor for adults | Currency: PRY - Guarani (PYG),PRY,0.747
Paraguay,ILO - SIALC Estimates,Statutory nominal gross monthly minimum wage,Currency: U.S. dollars,2018,368.549,Type of minimum wage: National floor for adults | Currency: PRY - Guarani (PYG),PRY,0.744
Paraguay,ILO - SIALC Estimates,Statutory nominal gross monthly minimum wage,Currency: U.S. dollars,2017,363.258,Type of minimum wage: National floor for adults | Currency: PRY - Guarani (PYG),PRY,0.74
Paraguay,ILO - SIALC Estimates,Statutory nominal gross monthly minimum wage,Currency: U.S. dollars,2016,346.441,Type of minimum wage: National floor for adults | Currency: PRY - Guarani (PYG),PRY,0.737
Paraguay,ILO - SIALC Estimates,Statutory nominal gross monthly minimum wage,Currency: U.S. dollars,2015,350.448,Type of minimum wage: National floor for adults | Currency: PRY - Guarani (PYG),PRY,0.737
Paraguay,ILO - SIALC Estimates,Statutory nominal gross monthly minimum wage,Currency: U.S. dollars,2014,408.781,Type of minimum wage: National floor for adults | Currency: PRY - Guarani (PYG),PRY,0.733
Paraguay,ILO - SIALC Estimates,Statutory nominal gross monthly minimum wage,Currency: U.S. dollars,2013,385.288,Type of minimum wage: National floor for adults | Currency: PRY - Guarani (PYG),PRY,0.73
Paraguay,ILO - SIALC Estimates,Statutory nominal gross monthly minimum wage,Currency: U.S. dollars,2012,375.025,Type of minimum wage: National floor for adults | Currency: PRY - Guarani (PYG),PRY,0.719
Paraguay,ILO - SIALC Estimates,Statutory nominal gross monthly minimum wage,Currency: U.S. dollars,2011,395.401,Type of minimum wage: National floor for adults | Currency: PRY - Guarani (PYG),PRY,0.715
Paraguay,ILO - SIALC Estimates,Statutory nominal gross monthly minimum wage,Currency: U.S. dollars,2010,316.803,Type of minimum wage: National floor for adults | Currency: PRY - Guarani (PYG),PRY,0.709
Paraguay,ILO - SIALC Estimates,Statutory nominal gross monthly minimum wage,Currency: U.S. dollars,2009,283.663,Type of minimum wage: National floor for adults | Currency: PRY - Guarani (PYG),PRY,0.7
Paraguay,ILO - SIALC Estimates,Statutory nominal gross monthly minimum wage,Currency: U.S. dollars,2008,307.514,Type of minimum wage: National floor for adults | Currency: PRY - Guarani (PYG),PRY,0.7
Paraguay,ILO - SIALC Estimates,Statutory nominal gross monthly minimum wage,Currency: U.S. dollars,2007,266.611,Currency: PRY - Guarani (PYG),PRY,0.69
Paraguay,ILO - SIALC Estimates,Statutory nominal gross monthly minimum wage,Currency: U.S. dollars,2006,216.464,Currency: PRY - Guarani (PYG),PRY,0.684
Paraguay,ILO - SIALC Estimates,Statutory nominal gross monthly minimum wage,Currency: U.S. dollars,2005,176.289,Currency: PRY - Guarani (PYG),PRY,0.683
Paraguay,ILO - SIALC Estimates,Statutory nominal gross monthly minimum wage,Currency: U.S. dollars,2004,162.758,Currency: PRY - Guarani (PYG),PRY,0.681
Paraguay,ILO - SIALC Estimates,Statutory nominal gross monthly minimum wage,Currency: U.S. dollars,2003,151.364,Currency: PRY - Guarani (PYG),PRY,0.673
Paraguay,ILO - SIALC Estimates,Statutory nominal gross monthly minimum wage,Currency: U.S. dollars,2002,153.256,Currency: PRY - Guarani (PYG),PRY,0.679
Paraguay,ILO - SIALC Estimates,Statutory nominal gross monthly minimum wage,Currency: U.S. dollars,2001,190.502,Currency: PRY - Guarani (PYG),PRY,0.671
Paraguay,ILO - SIALC Estimates,Statutory nominal gross monthly minimum wage,Currency: U.S. dollars,2000,195.093,Currency: PRY - Guarani (PYG),PRY,0.664
Qatar,ADM - Legislation du Travail,Statutory nominal gross monthly minimum wage,Currency: U.S. dollars,2023,274.725,Type of minimum wage: Singular national minimum wage | Currency: QAT - Qatari riyal (QAR),QAT,0.886
Qatar,ADM - Legislation du Travail,Statutory nominal gross monthly minimum wage,Currency: U.S. dollars,2022,274.725,Type of minimum wage: Singular national minimum wage | Currency: QAT - Qatari riyal (QAR),QAT,0.883
Qatar,ADM - Legislation du Travail,Statutory nominal gross monthly minimum wage,Currency: U.S. dollars,2021,274.725,Type of minimum wage: Singular national minimum wage | Currency: QAT - Qatari riyal (QAR),QAT,0.866
Qatar,ADM - Legislation du Travail,Statutory nominal gross monthly minimum wage,Currency: U.S. dollars,2020,274.725,Type of minimum wage: Singular national minimum wage | Currency: QAT - Qatari riyal (QAR),QAT,0.872
Romania,ADM - Labour legislation,Statutory nominal gross monthly minimum wage,Currency: U.S. dollars,2023,655.839,Type of minimum wage: Singular national minimum wage | Currency: ROU - Romanian leu (RON),ROU,0.845
Romania,ADM - Labour legislation,Statutory nominal gross monthly minimum wage,Currency: U.S. dollars,2022,543.887,Type of minimum wage: Singular national minimum wage | Currency: ROU - Romanian leu (RON),ROU,0.84
Romania,ADM - Labour legislation,Statutory nominal gross monthly minimum wage,Currency: U.S. dollars,2021,552.829,Type of minimum wage: Singular national minimum wage | Currency: ROU - Romanian leu (RON),ROU,0.829
Romania,ADM - Labour legislation,Statutory nominal gross monthly minimum wage,Currency: U.S. dollars,2020,525.449,Type of minimum wage: Singular national minimum wage | Currency: ROU - Romanian leu (RON),ROU,0.832
Romania,ADM - Labour legislation,Statutory nominal gross monthly minimum wage,Currency: U.S. dollars,2019,490.806,Type of minimum wage: Singular national minimum wage | Currency: ROU - Romanian leu (RON),ROU,0.838
Romania,ADM - Labour legislation,Statutory nominal gross monthly minimum wage,Currency: U.S. dollars,2018,482.036,Type of minimum wage: Singular national minimum wage | Currency: ROU - Romanian leu (RON),ROU,0.833
Romania,ADM - Labour legislation,Statutory nominal gross monthly minimum wage,Currency: U.S. dollars,2017,357.805,Type of minimum wage: Singular national minimum wage | Currency: ROU - Romanian leu (RON),ROU,0.828
Romania,ADM - Labour legislation,Statutory nominal gross monthly minimum wage,Currency: U.S. dollars,2016,307.944,Type of minimum wage: Singular national minimum wage | Currency: ROU - Romanian leu (RON),ROU,0.823
Romania,ADM - Labour legislation,Statutory nominal gross monthly minimum wage,Currency: U.S. dollars,2015,262.129,Type of minimum wage: Singular national minimum wage | Currency: ROU - Romanian leu (RON),ROU,0.823
Romania,ADM - Labour legislation,Statutory nominal gross monthly minimum wage,Currency: U.S. dollars,2014,268.723,Type of minimum wage: Singular national minimum wage | Currency: ROU - Romanian leu (RON),ROU,0.82
Romania,ADM - Labour legislation,Statutory nominal gross monthly minimum wage,Currency: U.S. dollars,2013,240.391,Type of minimum wage: Singular national minimum wage | Currency: ROU - Romanian leu (RON),ROU,0.821
Romania,ADM - Labour legislation,Statutory nominal gross monthly minimum wage,Currency: U.S. dollars,2012,201.834,Type of minimum wage: Singular national minimum wage | Currency: ROU - Romanian leu (RON),ROU,0.817
Romania,ADM - Labour legislation,Statutory nominal gross monthly minimum wage,Currency: U.S. dollars,2011,219.772,Type of minimum wage: Singular national minimum wage | Currency: ROU - Romanian leu (RON),ROU,0.823
Romania,ADM - Labour legislation,Statutory nominal gross monthly minimum wage,Currency: U.S. dollars,2010,188.804,Type of minimum wage: Singular national minimum wage | Currency: ROU - Romanian leu (RON),ROU,0.822
Romania,ADM - Labour legislation,Statutory nominal gross monthly minimum wage,Currency: U.S. dollars,2009,196.765,Type of minimum wage: Singular national minimum wage | Currency: ROU - Romanian leu (RON),ROU,0.826
Romania,ADM - Labour legislation,Statutory nominal gross monthly minimum wage,Currency: U.S. dollars,2008,198.503,Type of minimum wage: Singular national minimum wage | Currency: ROU - Romanian leu (RON),ROU,0.815
Romania,ADM - Labour legislation,Statutory nominal gross monthly minimum wage,Currency: U.S. dollars,2007,159.951,Type of minimum wage: Singular national minimum wage | Currency: ROU - Romanian leu (RON),ROU,0.792
Romania,ADM - Labour legislation,Statutory nominal gross monthly minimum wage,Currency: U.S. dollars,2006,117.48,Type of minimum wage: Singular national minimum wage | Currency: ROU - Romanian leu (RON),ROU,0.781
Romania,ADM - Labour legislation,Statutory nominal gross monthly minimum wage,Currency: U.S. dollars,2005,106.396,Type of minimum wage: Singular national minimum wage | Currency: ROU - Romanian leu (RON),ROU,0.765
Romania,ADM - Labour legislation,Statutory nominal gross monthly minimum wage,Currency: U.S. dollars,2004,85.793,Type of minimum wage: Singular national minimum wage | Currency: ROU - Romanian leu (RON),ROU,0.757
Romania,ADM - Labour legislation,Statutory nominal gross monthly minimum wage,Currency: U.S. dollars,2003,75.301,Type of minimum wage: Singular national minimum wage | Currency: ROU - Romanian leu (RON),ROU,0.749
Romania,ADM - Labour legislation,Statutory nominal gross monthly minimum wage,Currency: U.S. dollars,2002,52.941,Type of minimum wage: Singular national minimum wage | Currency: ROU - Romanian leu (RON),ROU,0.745
Romania,ADM - Labour legislation,Statutory nominal gross monthly minimum wage,Currency: U.S. dollars,2001,48.175,Type of minimum wage: Singular national minimum wage | Currency: ROU - Romanian leu (RON),ROU,0.737
Romania,ADM - Labour legislation,Statutory nominal gross monthly minimum wage,Currency: U.S. dollars,2000,32.245,Type of minimum wage: Singular national minimum wage | Currency: ROU - Romanian leu (RON),ROU,0.73
Russian Federation,ADM - Labour legislation,Statutory nominal gross monthly minimum wage,Currency: U.S. dollars,2023,195.416,Type of minimum wage: National floor | Currency: RUS - Russian ruble (RUB),RUS,0.832
Russian Federation,ADM - Labour legislation,Statutory nominal gross monthly minimum wage,Currency: U.S. dollars,2022,223.1,Type of minimum wage: National floor | Currency: RUS - Russian ruble (RUB),RUS,0.826
Russian Federation,ADM - Labour legislation,Statutory nominal gross monthly minimum wage,Currency: U.S. dollars,2021,173.676,Type of minimum wage: National floor | Currency: RUS - Russian ruble (RUB),RUS,0.813
Russian Federation,ADM - Labour legislation,Statutory nominal gross monthly minimum wage,Currency: U.S. dollars,2020,168.227,Type of minimum wage: National floor | Currency: RUS - Russian ruble (RUB),RUS,0.818
Russian Federation,ADM - Labour legislation,Statutory nominal gross monthly minimum wage,Currency: U.S. dollars,2019,174.242,Type of minimum wage: National floor | Currency: RUS - Russian ruble (RUB),RUS,0.847
Russian Federation,ADM - Labour legislation,Statutory nominal gross monthly minimum wage,Currency: U.S. dollars,2018,178.129,Type of minimum wage: National floor | Currency: RUS - Russian ruble (RUB),RUS,0.845
Russian Federation,ADM - Labour legislation,Statutory nominal gross monthly minimum wage,Currency: U.S. dollars,2017,133.693,Type of minimum wage: National floor | Currency: RUS - Russian ruble (RUB),RUS,0.838
Russian Federation,ADM - Labour legislation,Statutory nominal gross monthly minimum wage,Currency: U.S. dollars,2016,111.847,Type of minimum wage: National floor | Currency: RUS - Russian ruble (RUB),RUS,0.835
Russian Federation,ADM - Labour legislation,Statutory nominal gross monthly minimum wage,Currency: U.S. dollars,2015,97.887,Type of minimum wage: National floor | Currency: RUS - Russian ruble (RUB),RUS,0.833
Russian Federation,ADM - Labour legislation,Statutory nominal gross monthly minimum wage,Currency: U.S. dollars,2014,144.718,Type of minimum wage: National floor | Currency: RUS - Russian ruble (RUB),RUS,0.831
Russian Federation,ADM - Labour legislation,Statutory nominal gross monthly minimum wage,Currency: U.S. dollars,2013,163.488,Type of minimum wage: National floor | Currency: RUS - Russian ruble (RUB),RUS,0.83
Russian Federation,ADM - Labour legislation,Statutory nominal gross monthly minimum wage,Currency: U.S. dollars,2012,149.514,Type of minimum wage: National floor | Currency: RUS - Russian ruble (RUB),RUS,0.825
Russian Federation,ADM - Labour legislation,Statutory nominal gross monthly minimum wage,Currency: U.S. dollars,2011,156.931,Type of minimum wage: National floor | Currency: RUS - Russian ruble (RUB),RUS,0.822
Russian Federation,ADM - Labour legislation,Statutory nominal gross monthly minimum wage,Currency: U.S. dollars,2010,142.585,Type of minimum wage: National floor | Currency: RUS - Russian ruble (RUB),RUS,0.808
Russian Federation,ADM - Labour legislation,Statutory nominal gross monthly minimum wage,Currency: U.S. dollars,2009,136.419,Type of minimum wage: National floor | Currency: RUS - Russian ruble (RUB),RUS,0.805
Russian Federation,ADM - Labour legislation,Statutory nominal gross monthly minimum wage,Currency: U.S. dollars,2008,92.545,Type of minimum wage: National floor | Currency: RUS - Russian ruble (RUB),RUS,0.807
Russian Federation,ADM - Labour legislation,Statutory nominal gross monthly minimum wage,Currency: U.S. dollars,2007,89.911,Currency: RUS - Russian ruble (RUB),RUS,0.802
Russian Federation,ADM - Labour legislation,Statutory nominal gross monthly minimum wage,Currency: U.S. dollars,2006,40.455,Currency: RUS - Russian ruble (RUB),RUS,0.791
Russian Federation,ADM - Labour legislation,Statutory nominal gross monthly minimum wage,Currency: U.S. dollars,2005,28.284,Currency: RUS - Russian ruble (RUB),RUS,0.78
Russian Federation,ADM - Labour legislation,Statutory nominal gross monthly minimum wage,Currency: U.S. dollars,2004,24.988,Currency: RUS - Russian ruble (RUB),RUS,0.777
Russian Federation,ADM - Labour legislation,Statutory nominal gross monthly minimum wage,Currency: U.S. dollars,2003,19.549,Currency: RUS - Russian ruble (RUB),RUS,0.772
Russian Federation,ADM - Labour legislation,Statutory nominal gross monthly minimum wage,Currency: U.S. dollars,2002,14.355,Currency: RUS - Russian ruble (RUB),RUS,0.764
Russian Federation,ADM - Labour legislation,Statutory nominal gross monthly minimum wage,Currency: U.S. dollars,2001,15.428,Currency: RUS - Russian ruble (RUB),RUS,0.758
Russian Federation,ADM - Labour legislation,Statutory nominal gross monthly minimum wage,Currency: U.S. dollars,2000,4.693,Currency: RUS - Russian ruble (RUB),RUS,0.75
Rwanda,ADM - Labour legislation,Statutory nominal gross monthly minimum wage,Currency: U.S. dollars,2023,2.241,Type of minimum wage: Singular national minimum wage | Currency: RWA - Rwandan franc (RWF) | ILO calculation: Daily figure multiplied by 6 days and 4.33 weeks,RWA,0.578
Rwanda,ADM - Labour legislation,Statutory nominal gross monthly minimum wage,Currency: U.S. dollars,2022,2.523,Type of minimum wage: Singular national minimum wage | Currency: RWA - Rwandan franc (RWF) | ILO calculation: Daily figure multiplied by 6 days and 4.33 weeks,RWA,0.57
Rwanda,ADM - Labour legislation,Statutory nominal gross monthly minimum wage,Currency: U.S. dollars,2021,2.63,Type of minimum wage: Singular national minimum wage | Currency: RWA - Rwandan franc (RWF) | ILO calculation: Daily figure multiplied by 6 days and 4.33 weeks,RWA,0.562
Rwanda,ADM - Labour legislation,Statutory nominal gross monthly minimum wage,Currency: U.S. dollars,2020,2.756,Type of minimum wage: Singular national minimum wage | Currency: RWA - Rwandan franc (RWF) | ILO calculation: Daily figure multiplied by 6 days and 4.33 weeks,RWA,0.555
Rwanda,ADM - Labour legislation,Statutory nominal gross monthly minimum wage,Currency: U.S. dollars,2019,2.891,Type of minimum wage: Singular national minimum wage | Currency: RWA - Rwandan franc (RWF) | ILO calculation: Daily figure multiplied by 6 days and 4.33 weeks,RWA,0.55
Rwanda,ADM - Labour legislation,Statutory nominal gross monthly minimum wage,Currency: U.S. dollars,2018,3.019,Type of minimum wage: Singular national minimum wage | Currency: RWA - Rwandan franc (RWF) | ILO calculation: Daily figure multiplied by 6 days and 4.33 weeks,RWA,0.54
Rwanda,ADM - Labour legislation,Statutory nominal gross monthly minimum wage,Currency: U.S. dollars,2017,3.127,Type of minimum wage: Singular national minimum wage | Currency: RWA - Rwandan franc (RWF) | ILO calculation: Daily figure multiplied by 6 days and 4.33 weeks,RWA,0.539
Rwanda,ADM - Labour legislation,Statutory nominal gross monthly minimum wage,Currency: U.S. dollars,2016,3.303,Type of minimum wage: Singular national minimum wage | Currency: RWA - Rwandan franc (RWF) | ILO calculation: Daily figure multiplied by 6 days and 4.33 weeks,RWA,0.534
Rwanda,ADM - Labour legislation,Statutory nominal gross monthly minimum wage,Currency: U.S. dollars,2015,3.612,Type of minimum wage: Singular national minimum wage | Currency: RWA - Rwandan franc (RWF) | ILO calculation: Daily figure multiplied by 6 days and 4.33 weeks,RWA,0.525
Rwanda,ADM - Labour legislation,Statutory nominal gross monthly minimum wage,Currency: U.S. dollars,2014,3.81,Type of minimum wage: Singular national minimum wage | Currency: RWA - Rwandan franc (RWF) | ILO calculation: Daily figure multiplied by 6 days and 4.33 weeks,RWA,0.525
Rwanda,ADM - Labour legislation,Statutory nominal gross monthly minimum wage,Currency: U.S. dollars,2013,4.021,Type of minimum wage: Singular national minimum wage | Currency: RWA - Rwandan franc (RWF) | ILO calculation: Daily figure multiplied by 6 days and 4.33 weeks,RWA,0.499
Rwanda,ADM - Labour legislation,Statutory nominal gross monthly minimum wage,Currency: U.S. dollars,2012,4.232,Type of minimum wage: Singular national minimum wage | Currency: RWA - Rwandan franc (RWF) | ILO calculation: Daily figure multiplied by 6 days and 4.33 weeks,RWA,0.521
Rwanda,ADM - Labour legislation,Statutory nominal gross monthly minimum wage,Currency: U.S. dollars,2011,4.331,Type of minimum wage: Singular national minimum wage | Currency: RWA - Rwandan franc (RWF) | ILO calculation: Daily figure multiplied by 6 days and 4.33 weeks,RWA,0.512
Rwanda,ADM - Labour legislation,Statutory nominal gross monthly minimum wage,Currency: U.S. dollars,2010,4.459,Type of minimum wage: Singular national minimum wage | Currency: RWA - Rwandan franc (RWF) | ILO calculation: Daily figure multiplied by 6 days and 4.33 weeks,RWA,0.504
Rwanda,ADM - Labour legislation,Statutory nominal gross monthly minimum wage,Currency: U.S. dollars,2009,4.575,Type of minimum wage: Singular national minimum wage | Currency: RWA - Rwandan franc (RWF) | ILO calculation: Daily figure multiplied by 6 days and 4.33 weeks,RWA,0.493
Rwanda,ADM - Labour legislation,Statutory nominal gross monthly minimum wage,Currency: U.S. dollars,2008,4.755,Type of minimum wage: Singular national minimum wage | Currency: RWA - Rwandan franc (RWF) | ILO calculation: Daily figure multiplied by 6 days and 4.33 weeks,RWA,0.479
Rwanda,ADM - Labour legislation,Statutory nominal gross monthly minimum wage,Currency: U.S. dollars,2007,102.931,Currency: RWA - Rwandan franc (RWF),RWA,0.467
Rwanda,ADM - Labour legislation,Statutory nominal gross monthly minimum wage,Currency: U.S. dollars,2006,102.044,Currency: RWA - Rwandan franc (RWF),RWA,0.452
Rwanda,ADM - Labour legislation,Statutory nominal gross monthly minimum wage,Currency: U.S. dollars,2005,100.926,Currency: RWA - Rwandan franc (RWF),RWA,0.433
Rwanda,ADM - Labour legislation,Statutory nominal gross monthly minimum wage,Currency: U.S. dollars,2004,97.496,Currency: RWA - Rwandan franc (RWF),RWA,0.417
Rwanda,ADM - Labour legislation,Statutory nominal gross monthly minimum wage,Currency: U.S. dollars,2003,104.712,Currency: RWA - Rwandan franc (RWF),RWA,0.398
Rwanda,ADM - Labour legislation,Statutory nominal gross monthly minimum wage,Currency: U.S. dollars,2002,118.432,Currency: RWA - Rwandan franc (RWF),RWA,0.385
Rwanda,ADM - Labour legislation,Statutory nominal gross monthly minimum wage,Currency: U.S. dollars,2001,127.087,Currency: RWA - Rwandan franc (RWF),RWA,0.37
Rwanda,ADM - Labour legislation,Statutory nominal gross monthly minimum wage,Currency: U.S. dollars,2000,144.468,Currency: RWA - Rwandan franc (RWF),RWA,0.34
Saudi Arabia,ADM - Labour legislation,Statutory nominal gross monthly minimum wage,Currency: U.S. dollars,2023,1066.667,Currency: SAU - Saudi riyal (SAR),SAU,0.9
Saudi Arabia,ADM - Labour legislation,Statutory nominal gross monthly minimum wage,Currency: U.S. dollars,2022,1066.667,Currency: SAU - Saudi riyal (SAR),SAU,0.893
Saudi Arabia,ADM - Labour legislation,Statutory nominal gross monthly minimum wage,Currency: U.S. dollars,2021,1066.667,Currency: SAU - Saudi riyal (SAR),SAU,0.878
Saudi Arabia,ADM - Labour legislation,Statutory nominal gross monthly minimum wage,Currency: U.S. dollars,2020,800.0,Currency: SAU - Saudi riyal (SAR),SAU,0.875
Saudi Arabia,ADM - Labour legislation,Statutory nominal gross monthly minimum wage,Currency: U.S. dollars,2013,800.0,Currency: SAU - Saudi riyal (SAR),SAU,0.827
Sudan,ADM - Labour legislation,Statutory nominal gross monthly minimum wage,Currency: U.S. dollars,2022,0.777,Currency: SDN - Sudanese pound (SDG),SDN,0.516
Sudan,ADM - Labour legislation,Statutory nominal gross monthly minimum wage,Currency: U.S. dollars,2021,1.146,Currency: SDN - Sudanese pound (SDG),SDN,0.512
Sudan,ADM - Labour legislation,Statutory nominal gross monthly minimum wage,Currency: U.S. dollars,2020,7.871,Currency: SDN - Sudanese pound (SDG),SDN,0.513
Sudan,ADM - Labour legislation,Statutory nominal gross monthly minimum wage,Currency: U.S. dollars,2019,9.286,Currency: SDN - Sudanese pound (SDG),SDN,0.517
Sudan,ADM - Labour legislation,Statutory nominal gross monthly minimum wage,Currency: U.S. dollars,2018,17.469,Currency: SDN - Sudanese pound (SDG),SDN,0.515
Sudan,ADM - Labour legislation,Statutory nominal gross monthly minimum wage,Currency: U.S. dollars,2017,63.591,Currency: SDN - Sudanese pound (SDG),SDN,0.506
Sudan,ADM - Labour legislation,Statutory nominal gross monthly minimum wage,Currency: U.S. dollars,2016,68.419,Currency: SDN - Sudanese pound (SDG),SDN,0.502
Sudan,ADM - Labour legislation,Statutory nominal gross monthly minimum wage,Currency: U.S. dollars,2015,70.531,Currency: SDN - Sudanese pound (SDG),SDN,0.498
Sudan,ADM - Labour legislation,Statutory nominal gross monthly minimum wage,Currency: U.S. dollars,2014,74.082,Currency: SDN - Sudanese pound (SDG),SDN,0.496
Sudan,ADM - Labour legislation,Statutory nominal gross monthly minimum wage,Currency: U.S. dollars,2013,89.347,Currency: SDN - Sudanese pound (SDG),SDN,0.488
Sudan,ADM - Labour legislation,Statutory nominal gross monthly minimum wage,Currency: U.S. dollars,2012,46.18,Currency: SDN - Sudanese pound (SDG),SDN,0.482
Sudan,ADM - Labour legislation,Statutory nominal gross monthly minimum wage,Currency: U.S. dollars,2010,82.394,Currency: SDN - Sudanese pound (SDG),SDN,0.479
Sudan,ADM - Labour legislation,Statutory nominal gross monthly minimum wage,Currency: U.S. dollars,2009,53.877,Currency: SDN - Sudanese pound (SDG),SDN,0.469
Sudan,ADM - Labour legislation,Statutory nominal gross monthly minimum wage,Currency: U.S. dollars,2008,59.325,Currency: SDN - Sudanese pound (SDG),SDN,0.456
Sudan,ADM - Labour legislation,Statutory nominal gross monthly minimum wage,Currency: U.S. dollars,2007,61.505,Currency: SDN - Sudanese pound (SDG),SDN,0.456
Sudan,ADM - Labour legislation,Statutory nominal gross monthly minimum wage,Currency: U.S. dollars,2006,57.563,Currency: SDN - Sudanese pound (SDG),SDN,0.456
Sudan,ADM - Labour legislation,Statutory nominal gross monthly minimum wage,Currency: U.S. dollars,2005,51.312,Currency: SDN - Sudanese pound (SDG),SDN,0.456
Sudan,ADM - Labour legislation,Statutory nominal gross monthly minimum wage,Currency: U.S. dollars,2004,48.468,Currency: SDN - Sudanese pound (SDG),SDN,0.456
Sudan,ADM - Labour legislation,Statutory nominal gross monthly minimum wage,Currency: U.S. dollars,2003,28.354,Currency: SDN - Sudanese pound (SDG),SDN,0.456
Sudan,ADM - Labour legislation,Statutory nominal gross monthly minimum wage,Currency: U.S. dollars,2002,26.205,Currency: SDN - Sudanese pound (SDG),SDN,0.456
Sudan,ADM - Labour legislation,Statutory nominal gross monthly minimum wage,Currency: U.S. dollars,2001,11.596,Currency: SDN - Sudanese pound (SDG),SDN,0.456
Sudan,ADM - Labour legislation,Statutory nominal gross monthly minimum wage,Currency: U.S. dollars,2000,11.668,Currency: SDN - Sudanese pound (SDG),SDN,0.456
Senegal,ADM - Labour legislation,Statutory nominal gross monthly minimum wage,Currency: U.S. dollars,2023,95.369,Type of minimum wage: Rate of the SMIG when SMIG/SMAG system | Currency: SEN - West African CFA franc (XOF),SEN,0.53
Senegal,ADM - Labour legislation,Statutory nominal gross monthly minimum wage,Currency: U.S. dollars,2022,88.175,Type of minimum wage: Rate of the SMIG when SMIG/SMAG system | Currency: SEN - West African CFA franc (XOF),SEN,0.526
Senegal,ADM - Labour legislation,Statutory nominal gross monthly minimum wage,Currency: U.S. dollars,2021,99.183,Type of minimum wage: Rate of the SMIG when SMIG/SMAG system | Currency: SEN - West African CFA franc (XOF),SEN,0.522
Senegal,ADM - Labour legislation,Statutory nominal gross monthly minimum wage,Currency: U.S. dollars,2020,95.555,Type of minimum wage: Rate of the SMIG when SMIG/SMAG system | Currency: SEN - West African CFA franc (XOF),SEN,0.522
Senegal,ADM - Labour legislation,Statutory nominal gross monthly minimum wage,Currency: U.S. dollars,2019,93.871,Type of minimum wage: Rate of the SMIG when SMIG/SMAG system | Currency: SEN - West African CFA franc (XOF),SEN,0.52
Senegal,ADM - Labour legislation,Statutory nominal gross monthly minimum wage,Currency: U.S. dollars,2018,94.519,Type of minimum wage: Rate of the SMIG when SMIG/SMAG system | Currency: SEN - West African CFA franc (XOF),SEN,0.522
Senegal,ADM - Labour legislation,Statutory nominal gross monthly minimum wage,Currency: U.S. dollars,2017,62.419,Type of minimum wage: Rate of the SMIG when SMIG/SMAG system | Currency: SEN - West African CFA franc (XOF),SEN,0.517
Senegal,ADM - Labour legislation,Statutory nominal gross monthly minimum wage,Currency: U.S. dollars,2016,61.16,Type of minimum wage: Rate of the SMIG when SMIG/SMAG system | Currency: SEN - West African CFA franc (XOF),SEN,0.516
Senegal,ADM - Labour legislation,Statutory nominal gross monthly minimum wage,Currency: U.S. dollars,2015,61.305,Type of minimum wage: Rate of the SMIG when SMIG/SMAG system | Currency: SEN - West African CFA franc (XOF),SEN,0.509
Senegal,ADM - Labour legislation,Statutory nominal gross monthly minimum wage,Currency: U.S. dollars,2014,73.404,Type of minimum wage: Rate of the SMIG when SMIG/SMAG system | Currency: SEN - West African CFA franc (XOF),SEN,0.508
Senegal,ADM - Labour legislation,Statutory nominal gross monthly minimum wage,Currency: U.S. dollars,2013,73.383,Type of minimum wage: Rate of the SMIG when SMIG/SMAG system | Currency: SEN - West African CFA franc (XOF),SEN,0.504
Senegal,ADM - Labour legislation,Statutory nominal gross monthly minimum wage,Currency: U.S. dollars,2012,70.989,Type of minimum wage: Rate of the SMIG when SMIG/SMAG system | Currency: SEN - West African CFA franc (XOF),SEN,0.499
Senegal,ADM - Labour legislation,Statutory nominal gross monthly minimum wage,Currency: U.S. dollars,2011,76.911,Type of minimum wage: Rate of the SMIG when SMIG/SMAG system | Currency: SEN - West African CFA franc (XOF),SEN,0.491
Senegal,ADM - Labour legislation,Statutory nominal gross monthly minimum wage,Currency: U.S. dollars,2010,73.251,Type of minimum wage: Rate of the SMIG when SMIG/SMAG system | Currency: SEN - West African CFA franc (XOF),SEN,0.477
Senegal,ADM - Labour legislation,Statutory nominal gross monthly minimum wage,Currency: U.S. dollars,2009,77.067,Type of minimum wage: Rate of the SMIG when SMIG/SMAG system | Currency: SEN - West African CFA franc (XOF),SEN,0.47
Senegal,ADM - Labour legislation,Statutory nominal gross monthly minimum wage,Currency: U.S. dollars,2008,81.265,Type of minimum wage: Rate of the SMIG when SMIG/SMAG system | Currency: SEN - West African CFA franc (XOF),SEN,0.462
Senegal,ADM - Labour legislation,Statutory nominal gross monthly minimum wage,Currency: U.S. dollars,2007,75.724,Currency: SEN - West African CFA franc (XOF),SEN,0.45
Senegal,ADM - Labour legislation,Statutory nominal gross monthly minimum wage,Currency: U.S. dollars,2006,69.376,Currency: SEN - West African CFA franc (XOF),SEN,0.438
Senegal,ADM - Labour legislation,Statutory nominal gross monthly minimum wage,Currency: U.S. dollars,2005,68.74,Currency: SEN - West African CFA franc (XOF),SEN,0.43
Senegal,ADM - Labour legislation,Statutory nominal gross monthly minimum wage,Currency: U.S. dollars,2004,68.73,Currency: SEN - West African CFA franc (XOF),SEN,0.423
Senegal,ADM - Labour legislation,Statutory nominal gross monthly minimum wage,Currency: U.S. dollars,2003,62.501,Currency: SEN - West African CFA franc (XOF),SEN,0.416
Senegal,ADM - Labour legislation,Statutory nominal gross monthly minimum wage,Currency: U.S. dollars,2002,52.246,Currency: SEN - West African CFA franc (XOF),SEN,0.409
Senegal,ADM - Labour legislation,Statutory nominal gross monthly minimum wage,Currency: U.S. dollars,2001,49.487,Currency: SEN - West African CFA franc (XOF),SEN,0.404
Senegal,ADM - Labour legislation,Statutory nominal gross monthly minimum wage,Currency: U.S. dollars,2000,51.033,Currency: SEN - West African CFA franc (XOF),SEN,0.398
Solomon Islands,ADM - Labour legislation,Statutory nominal gross monthly minimum wage,Currency: U.S. dollars,2023,198.672,Type of minimum wage: Rate of the SMIG when SMIG/SMAG system | Currency: SLB - Solomon Islands dollar (SBD) | ILO calculation: Hourly figure multiplied by 48 hours and 4.33 weeks,SLB,0.584
Solomon Islands,ADM - Labour legislation,Statutory nominal gross monthly minimum wage,Currency: U.S. dollars,2022,204.033,Type of minimum wage: Rate of the SMIG when SMIG/SMAG system | Currency: SLB - Solomon Islands dollar (SBD) | ILO calculation: Hourly figure multiplied by 48 hours and 4.33 weeks,SLB,0.583
Solomon Islands,ADM - Labour legislation,Statutory nominal gross monthly minimum wage,Currency: U.S. dollars,2021,207.22,Type of minimum wage: Rate of the SMIG when SMIG/SMAG system | Currency: SLB - Solomon Islands dollar (SBD) | ILO calculation: Hourly figure multiplied by 48 hours and 4.33 weeks,SLB,0.577
Solomon Islands,ADM - Labour legislation,Statutory nominal gross monthly minimum wage,Currency: U.S. dollars,2020,202.595,Type of minimum wage: Rate of the SMIG when SMIG/SMAG system | Currency: SLB - Solomon Islands dollar (SBD) | ILO calculation: Hourly figure multiplied by 48 hours and 4.33 weeks,SLB,0.579
Solomon Islands,ADM - Labour legislation,Statutory nominal gross monthly minimum wage,Currency: U.S. dollars,2019,203.587,Type of minimum wage: Rate of the SMIG when SMIG/SMAG system | Currency: SLB - Solomon Islands dollar (SBD) | ILO calculation: Hourly figure multiplied by 48 hours and 4.33 weeks,SLB,0.583
Solomon Islands,ADM - Labour legislation,Statutory nominal gross monthly minimum wage,Currency: U.S. dollars,2018,104.621,Type of minimum wage: Rate of the SMIG when SMIG/SMAG system | Currency: SLB - Solomon Islands dollar (SBD) | ILO calculation: Hourly figure multiplied by 48 hours and 4.33 weeks,SLB,0.582
Solomon Islands,ADM - Labour legislation,Statutory nominal gross monthly minimum wage,Currency: U.S. dollars,2017,105.485,Type of minimum wage: Rate of the SMIG when SMIG/SMAG system | Currency: SLB - Solomon Islands dollar (SBD) | ILO calculation: Hourly figure multiplied by 48 hours and 4.33 weeks,SLB,0.581
Solomon Islands,ADM - Labour legislation,Statutory nominal gross monthly minimum wage,Currency: U.S. dollars,2016,104.678,Type of minimum wage: Rate of the SMIG when SMIG/SMAG system | Currency: SLB - Solomon Islands dollar (SBD) | ILO calculation: Hourly figure multiplied by 48 hours and 4.33 weeks,SLB,0.578
Solomon Islands,ADM - Labour legislation,Statutory nominal gross monthly minimum wage,Currency: U.S. dollars,2015,105.121,Type of minimum wage: Rate of the SMIG when SMIG/SMAG system | Currency: SLB - Solomon Islands dollar (SBD) | ILO calculation: Hourly figure multiplied by 48 hours and 4.33 weeks,SLB,0.576
Solomon Islands,ADM - Labour legislation,Statutory nominal gross monthly minimum wage,Currency: U.S. dollars,2014,112.808,Type of minimum wage: Rate of the SMIG when SMIG/SMAG system | Currency: SLB - Solomon Islands dollar (SBD) | ILO calculation: Hourly figure multiplied by 48 hours and 4.33 weeks,SLB,0.575
Solomon Islands,ADM - Labour legislation,Statutory nominal gross monthly minimum wage,Currency: U.S. dollars,2013,113.939,Type of minimum wage: Rate of the SMIG when SMIG/SMAG system | Currency: SLB - Solomon Islands dollar (SBD) | ILO calculation: Hourly figure multiplied by 48 hours and 4.33 weeks,SLB,0.576
Solomon Islands,ADM - Labour legislation,Statutory nominal gross monthly minimum wage,Currency: U.S. dollars,2012,113.117,Type of minimum wage: Rate of the SMIG when SMIG/SMAG system | Currency: SLB - Solomon Islands dollar (SBD) | ILO calculation: Hourly figure multiplied by 48 hours and 4.33 weeks,SLB,0.57
Solomon Islands,ADM - Labour legislation,Statutory nominal gross monthly minimum wage,Currency: U.S. dollars,2011,108.883,Type of minimum wage: Rate of the SMIG when SMIG/SMAG system | Currency: SLB - Solomon Islands dollar (SBD) | ILO calculation: Hourly figure multiplied by 48 hours and 4.33 weeks,SLB,0.567
Solomon Islands,ADM - Labour legislation,Statutory nominal gross monthly minimum wage,Currency: U.S. dollars,2010,103.168,Type of minimum wage: Rate of the SMIG when SMIG/SMAG system | Currency: SLB - Solomon Islands dollar (SBD) | ILO calculation: Hourly figure multiplied by 48 hours and 4.33 weeks,SLB,0.564
Solomon Islands,ADM - Labour legislation,Statutory nominal gross monthly minimum wage,Currency: U.S. dollars,2009,103.289,Type of minimum wage: Rate of the SMIG when SMIG/SMAG system | Currency: SLB - Solomon Islands dollar (SBD) | ILO calculation: Hourly figure multiplied by 48 hours and 4.33 weeks,SLB,0.557
Solomon Islands,ADM - Labour legislation,Statutory nominal gross monthly minimum wage,Currency: U.S. dollars,2008,107.384,Type of minimum wage: Rate of the SMIG when SMIG/SMAG system | Currency: SLB - Solomon Islands dollar (SBD) | ILO calculation: Hourly figure multiplied by 48 hours and 4.33 weeks,SLB,0.556
Solomon Islands,ADM - Labour legislation,Statutory nominal gross monthly minimum wage,Currency: U.S. dollars,2007,38.291,Currency: SLB - Solomon Islands dollar (SBD),SLB,0.552
Solomon Islands,ADM - Labour legislation,Statutory nominal gross monthly minimum wage,Currency: U.S. dollars,2006,38.505,Currency: SLB - Solomon Islands dollar (SBD),SLB,0.553
Solomon Islands,ADM - Labour legislation,Statutory nominal gross monthly minimum wage,Currency: U.S. dollars,2005,38.912,Currency: SLB - Solomon Islands dollar (SBD),SLB,0.553
Solomon Islands,ADM - Labour legislation,Statutory nominal gross monthly minimum wage,Currency: U.S. dollars,2004,39.146,Currency: SLB - Solomon Islands dollar (SBD),SLB,0.548
Solomon Islands,ADM - Labour legislation,Statutory nominal gross monthly minimum wage,Currency: U.S. dollars,2003,39.036,Currency: SLB - Solomon Islands dollar (SBD),SLB,0.543
Solomon Islands,ADM - Labour legislation,Statutory nominal gross monthly minimum wage,Currency: U.S. dollars,2002,43.415,Currency: SLB - Solomon Islands dollar (SBD),SLB,0.539
Solomon Islands,ADM - Labour legislation,Statutory nominal gross monthly minimum wage,Currency: U.S. dollars,2001,55.514,Currency: SLB - Solomon Islands dollar (SBD),SLB,0.542
Solomon Islands,ADM - Labour legislation,Statutory nominal gross monthly minimum wage,Currency: U.S. dollars,2000,57.576,Currency: SLB - Solomon Islands dollar (SBD),SLB,0.547
Sierra Leone,ADM - Labour legislation,Statutory nominal gross monthly minimum wage,Currency: U.S. dollars,2023,37.55,Type of minimum wage: Singular national minimum wage | Currency: SLE - Leone (SLE),SLE,0.467
Sierra Leone,ADM - Labour legislation,Statutory nominal gross monthly minimum wage,Currency: U.S. dollars,2022,42.712,Type of minimum wage: Singular national minimum wage | Currency: SLE - Leone (SLE),SLE,0.463
El Salvador,ILO - SIALC Estimates,Statutory nominal gross monthly minimum wage,Currency: U.S. dollars,2023,365.0,Type of minimum wage: Sectoral (manufacturing) | Currency: SLV - United States dollar (USD),SLV,0.678
El Salvador,ILO - SIALC Estimates,Statutory nominal gross monthly minimum wage,Currency: U.S. dollars,2022,365.0,Type of minimum wage: Sectoral (manufacturing) | Currency: SLV - United States dollar (USD),SLV,0.674
El Salvador,ILO - SIALC Estimates,Statutory nominal gross monthly minimum wage,Currency: U.S. dollars,2021,365.0,Type of minimum wage: Sectoral (manufacturing) | Currency: SLV - United States dollar (USD),SLV,0.663
El Salvador,ILO - SIALC Estimates,Statutory nominal gross monthly minimum wage,Currency: U.S. dollars,2020,304.166,Type of minimum wage: Sectoral (manufacturing) | Currency: SLV - United States dollar (USD),SLV,0.66
El Salvador,ILO - SIALC Estimates,Statutory nominal gross monthly minimum wage,Currency: U.S. dollars,2019,304.166,Type of minimum wage: Sectoral (manufacturing) | Currency: SLV - United States dollar (USD),SLV,0.67
El Salvador,ILO - SIALC Estimates,Statutory nominal gross monthly minimum wage,Currency: U.S. dollars,2018,304.166,Type of minimum wage: Sectoral (manufacturing) | Currency: SLV - United States dollar (USD),SLV,0.67
El Salvador,ILO - SIALC Estimates,Statutory nominal gross monthly minimum wage,Currency: U.S. dollars,2017,304.166,Type of minimum wage: Sectoral (manufacturing) | Currency: SLV - United States dollar (USD),SLV,0.665
El Salvador,ILO - SIALC Estimates,Statutory nominal gross monthly minimum wage,Currency: U.S. dollars,2016,250.025,Type of minimum wage: Sectoral (manufacturing) | Currency: SLV - United States dollar (USD),SLV,0.666
El Salvador,ILO - SIALC Estimates,Statutory nominal gross monthly minimum wage,Currency: U.S. dollars,2015,250.025,Type of minimum wage: Sectoral (manufacturing) | Currency: SLV - United States dollar (USD),SLV,0.667
El Salvador,ILO - SIALC Estimates,Statutory nominal gross monthly minimum wage,Currency: U.S. dollars,2014,240.292,Type of minimum wage: Sectoral (manufacturing) | Currency: SLV - United States dollar (USD),SLV,0.668
El Salvador,ILO - SIALC Estimates,Statutory nominal gross monthly minimum wage,Currency: U.S. dollars,2013,231.166,Type of minimum wage: Sectoral (manufacturing) | Currency: SLV - United States dollar (USD),SLV,0.668
El Salvador,ILO - SIALC Estimates,Statutory nominal gross monthly minimum wage,Currency: U.S. dollars,2012,222.346,Type of minimum wage: Sectoral (manufacturing) | Currency: SLV - United States dollar (USD),SLV,0.666
El Salvador,ILO - SIALC Estimates,Statutory nominal gross monthly minimum wage,Currency: U.S. dollars,2011,222.346,Type of minimum wage: Sectoral (manufacturing) | Currency: SLV - United States dollar (USD),SLV,0.662
El Salvador,ILO - SIALC Estimates,Statutory nominal gross monthly minimum wage,Currency: U.S. dollars,2010,205.92,Type of minimum wage: Sectoral (manufacturing) | Currency: SLV - United States dollar (USD),SLV,0.66
El Salvador,ILO - SIALC Estimates,Statutory nominal gross monthly minimum wage,Currency: U.S. dollars,2009,205.92,Type of minimum wage: Sectoral (manufacturing) | Currency: SLV - United States dollar (USD),SLV,0.653
El Salvador,ILO - SIALC Estimates,Statutory nominal gross monthly minimum wage,Currency: U.S. dollars,2008,190.71,Type of minimum wage: Sectoral (manufacturing) | Currency: SLV - United States dollar (USD),SLV,0.653
El Salvador,ILO - SIALC Estimates,Statutory nominal gross monthly minimum wage,Currency: U.S. dollars,2007,155.2,Currency: SLV - United States dollar (USD),SLV,0.653
El Salvador,ILO - SIALC Estimates,Statutory nominal gross monthly minimum wage,Currency: U.S. dollars,2006,147.7,Currency: SLV - United States dollar (USD),SLV,0.647
El Salvador,ILO - SIALC Estimates,Statutory nominal gross monthly minimum wage,Currency: U.S. dollars,2005,134.1,Currency: SLV - United States dollar (USD),SLV,0.642
El Salvador,ILO - SIALC Estimates,Statutory nominal gross monthly minimum wage,Currency: U.S. dollars,2004,134.1,Currency: SLV - United States dollar (USD),SLV,0.636
El Salvador,ILO - SIALC Estimates,Statutory nominal gross monthly minimum wage,Currency: U.S. dollars,2003,134.1,Currency: SLV - United States dollar (USD),SLV,0.628
El Salvador,ILO - SIALC Estimates,Statutory nominal gross monthly minimum wage,Currency: U.S. dollars,2002,124.8,Currency: SLV - United States dollar (USD),SLV,0.621
El Salvador,ILO - SIALC Estimates,Statutory nominal gross monthly minimum wage,Currency: U.S. dollars,2001,124.8,Currency: SLV - United States dollar (USD),SLV,0.612
San Marino,"OE - Estimates of the Office of economic planning, data processing and statistics",Statutory nominal gross monthly minimum wage,Currency: U.S. dollars,2023,1869.106,Type of minimum wage: Sectoral | Currency: SMR - Euro (EUR),SMR,0.915
San Marino,"OE - Estimates of the Office of economic planning, data processing and statistics",Statutory nominal gross monthly minimum wage,Currency: U.S. dollars,2022,1775.131,Type of minimum wage: Sectoral | Currency: SMR - Euro (EUR),SMR,0.91
San Marino,"OE - Estimates of the Office of economic planning, data processing and statistics",Statutory nominal gross monthly minimum wage,Currency: U.S. dollars,2019,1680.994,Central tendency measure: Lowest occupational minimum wage | Working time arrangement coverage: Full-time equivalents | Currency: SMR - Euro (EUR),SMR,0.908
San Marino,"OE - Estimates of the Office of economic planning, data processing and statistics",Statutory nominal gross monthly minimum wage,Currency: U.S. dollars,2018,1773.191,Central tendency measure: Lowest occupational minimum wage | Working time arrangement coverage: Full-time equivalents | Currency: SMR - Euro (EUR),SMR,0.904
San Marino,"OE - Estimates of the Office of economic planning, data processing and statistics",Statutory nominal gross monthly minimum wage,Currency: U.S. dollars,2017,1696.205,Central tendency measure: Lowest occupational minimum wage | Working time arrangement coverage: Full-time equivalents | Currency: SMR - Euro (EUR),SMR,0.903
Serbia,ADM - Labour legislation,Statutory nominal gross monthly minimum wage,Currency: U.S. dollars,2023,498.078,Type of minimum wage: Singular national minimum wage | Currency: SRB - Serbian dinar (RSD),SRB,0.833
Serbia,ADM - Labour legislation,Statutory nominal gross monthly minimum wage,Currency: U.S. dollars,2022,422.641,Type of minimum wage: Singular national minimum wage | Currency: SRB - Serbian dinar (RSD),SRB,0.826
Serbia,ADM - Labour legislation,Statutory nominal gross monthly minimum wage,Currency: U.S. dollars,2021,433.056,Type of minimum wage: Singular national minimum wage | Currency: SRB - Serbian dinar (RSD),SRB,0.807
Serbia,ADM - Labour legislation,Statutory nominal gross monthly minimum wage,Currency: U.S. dollars,2020,392.601,Type of minimum wage: Singular national minimum wage | Currency: SRB - Serbian dinar (RSD),SRB,0.809
Serbia,ADM - Labour legislation,Statutory nominal gross monthly minimum wage,Currency: U.S. dollars,2019,345.512,Type of minimum wage: Singular national minimum wage | Currency: SRB - Serbian dinar (RSD),SRB,0.817
Serbia,ADM - Labour legislation,Statutory nominal gross monthly minimum wage,Currency: U.S. dollars,2018,332.967,Type of minimum wage: Singular national minimum wage | Currency: SRB - Serbian dinar (RSD),SRB,0.814
Serbia,ADM - Labour legislation,Statutory nominal gross monthly minimum wage,Currency: U.S. dollars,2017,283.837,Type of minimum wage: Singular national minimum wage | Currency: SRB - Serbian dinar (RSD),SRB,0.808
Serbia,ADM - Labour legislation,Statutory nominal gross monthly minimum wage,Currency: U.S. dollars,2016,255.028,Type of minimum wage: Singular national minimum wage | Currency: SRB - Serbian dinar (RSD),SRB,0.806
Serbia,ADM - Labour legislation,Statutory nominal gross monthly minimum wage,Currency: U.S. dollars,2015,261.03,Type of minimum wage: Singular national minimum wage | Currency: SRB - Serbian dinar (RSD),SRB,0.802
Serbia,ADM - Labour legislation,Statutory nominal gross monthly minimum wage,Currency: U.S. dollars,2014,304.744,Type of minimum wage: Singular national minimum wage | Currency: SRB - Serbian dinar (RSD),SRB,0.795
Serbia,ADM - Labour legislation,Statutory nominal gross monthly minimum wage,Currency: U.S. dollars,2013,316.773,Type of minimum wage: Singular national minimum wage | Currency: SRB - Serbian dinar (RSD),SRB,0.792
Serbia,ADM - Labour legislation,Statutory nominal gross monthly minimum wage,Currency: U.S. dollars,2012,309.304,Type of minimum wage: Singular national minimum wage | Currency: SRB - Serbian dinar (RSD),SRB,0.788
Serbia,ADM - Labour legislation,Statutory nominal gross monthly minimum wage,Currency: U.S. dollars,2011,328.087,Type of minimum wage: Singular national minimum wage | Currency: SRB - Serbian dinar (RSD),SRB,0.785
Serbia,ADM - Labour legislation,Statutory nominal gross monthly minimum wage,Currency: U.S. dollars,2010,272.996,Type of minimum wage: Singular national minimum wage | Currency: SRB - Serbian dinar (RSD),SRB,0.775
Serbia,ADM - Labour legislation,Statutory nominal gross monthly minimum wage,Currency: U.S. dollars,2009,304.386,Type of minimum wage: Singular national minimum wage | Currency: SRB - Serbian dinar (RSD),SRB,0.774
Serbia,ADM - Labour legislation,Statutory nominal gross monthly minimum wage,Currency: U.S. dollars,2008,330.329,Type of minimum wage: Singular national minimum wage | Currency: SRB - Serbian dinar (RSD),SRB,0.773
Serbia,ADM - Labour legislation,Statutory nominal gross monthly minimum wage,Currency: U.S. dollars,2007,254.869,Type of minimum wage: Singular national minimum wage | Currency: SRB - Serbian dinar (RSD),SRB,0.763
Serbia,ADM - Labour legislation,Statutory nominal gross monthly minimum wage,Currency: U.S. dollars,2006,186.434,Type of minimum wage: Singular national minimum wage | Currency: SRB - Serbian dinar (RSD),SRB,0.753
Serbia,ADM - Labour legislation,Statutory nominal gross monthly minimum wage,Currency: U.S. dollars,2005,157.019,Type of minimum wage: Singular national minimum wage | Currency: SRB - Serbian dinar (RSD),SRB,0.743
Serbia,ADM - Labour legislation,Statutory nominal gross monthly minimum wage,Currency: U.S. dollars,2004,153.197,Type of minimum wage: Singular national minimum wage | Currency: SRB - Serbian dinar (RSD),SRB,0.732
Serbia,ADM - Labour legislation,Statutory nominal gross monthly minimum wage,Currency: U.S. dollars,2003,117.034,Type of minimum wage: Singular national minimum wage | Currency: SRB - Serbian dinar (RSD),SRB,0.72
Serbia,ADM - Labour legislation,Statutory nominal gross monthly minimum wage,Currency: U.S. dollars,2002,87.213,Type of minimum wage: Singular national minimum wage | Currency: SRB - Serbian dinar (RSD),SRB,0.711
Serbia,ADM - Labour legislation,Statutory nominal gross monthly minimum wage,Currency: U.S. dollars,2001,43.818,Type of minimum wage: Singular national minimum wage | Currency: SRB - Serbian dinar (RSD),SRB,0.707
Serbia,ADM - Labour legislation,Statutory nominal gross monthly minimum wage,Currency: U.S. dollars,2000,7.457,Type of minimum wage: Singular national minimum wage | Currency: SRB - Serbian dinar (RSD),SRB,0.701
Suriname,ADM - Legislation du Travail,Statutory nominal gross monthly minimum wage,Currency: U.S. dollars,2023,113.118,Type of minimum wage: National floor | Currency: SUR - Surinamese dollar (SRD) | ILO calculation: Hourly figure multiplied by 48 hours and 4.33 weeks,SUR,0.722
Suriname,ADM - Legislation du Travail,Statutory nominal gross monthly minimum wage,Currency: U.S. dollars,2022,168.358,Type of minimum wage: National floor | Currency: SUR - Surinamese dollar (SRD) | ILO calculation: Hourly figure multiplied by 48 hours and 4.33 weeks,SUR,0.719
Suriname,ADM - Legislation du Travail,Statutory nominal gross monthly minimum wage,Currency: U.S. dollars,2021,95.796,Type of minimum wage: National floor | Currency: SUR - Surinamese dollar (SRD) | ILO calculation: Hourly figure multiplied by 48 hours and 4.33 weeks,SUR,0.697
Suriname,ADM - Legislation du Travail,Statutory nominal gross monthly minimum wage,Currency: U.S. dollars,2020,187.678,Type of minimum wage: National floor | Currency: SUR - Surinamese dollar (SRD) | ILO calculation: Hourly figure multiplied by 48 hours and 4.33 weeks,SUR,0.714
Suriname,ADM - Legislation du Travail,Statutory nominal gross monthly minimum wage,Currency: U.S. dollars,2019,234.272,Type of minimum wage: National floor | Currency: SUR - Surinamese dollar (SRD) | ILO calculation: Hourly figure multiplied by 48 hours and 4.33 weeks,SUR,0.72
Suriname,ADM - Legislation du Travail,Statutory nominal gross monthly minimum wage,Currency: U.S. dollars,2018,171.138,Type of minimum wage: National floor | Currency: SUR - Surinamese dollar (SRD) | ILO calculation: Hourly figure multiplied by 48 hours and 4.33 weeks,SUR,0.719
Suriname,ADM - Legislation du Travail,Statutory nominal gross monthly minimum wage,Currency: U.S. dollars,2017,170.563,Type of minimum wage: National floor | Currency: SUR - Surinamese dollar (SRD) | ILO calculation: Hourly figure multiplied by 48 hours and 4.33 weeks,SUR,0.715
Suriname,ADM - Legislation du Travail,Statutory nominal gross monthly minimum wage,Currency: U.S. dollars,2016,174.318,Type of minimum wage: National floor | Currency: SUR - Surinamese dollar (SRD) | ILO calculation: Hourly figure multiplied by 48 hours and 4.33 weeks,SUR,0.716
Suriname,ADM - Legislation du Travail,Statutory nominal gross monthly minimum wage,Currency: U.S. dollars,2015,261.167,Type of minimum wage: National floor | Currency: SUR - Surinamese dollar (SRD) | ILO calculation: Hourly figure multiplied by 48 hours and 4.33 weeks,SUR,0.718
Slovakia,ADM - Labour legislation,Statutory nominal gross monthly minimum wage,Currency: U.S. dollars,2023,756.888,Type of minimum wage: Singular national minimum wage | Currency: SVK - Euro (EUR),SVK,0.88
Slovakia,ADM - Labour legislation,Statutory nominal gross monthly minimum wage,Currency: U.S. dollars,2022,680.269,Type of minimum wage: Singular national minimum wage | Currency: SVK - Euro (EUR),SVK,0.873
Slovakia,ADM - Labour legislation,Statutory nominal gross monthly minimum wage,Currency: U.S. dollars,2021,736.847,Type of minimum wage: Singular national minimum wage | Currency: SVK - Euro (EUR),SVK,0.859
Slovakia,ADM - Labour legislation,Statutory nominal gross monthly minimum wage,Currency: U.S. dollars,2020,662.474,Type of minimum wage: Singular national minimum wage | Currency: SVK - Euro (EUR),SVK,0.867
Slovakia,ADM - Labour legislation,Statutory nominal gross monthly minimum wage,Currency: U.S. dollars,2019,582.127,Type of minimum wage: Singular national minimum wage | Currency: SVK - Euro (EUR),SVK,0.871
Slovakia,ADM - Labour legislation,Statutory nominal gross monthly minimum wage,Currency: U.S. dollars,2018,566.858,Type of minimum wage: Singular national minimum wage | Currency: SVK - Euro (EUR),SVK,0.868
Slovakia,ADM - Labour legislation,Statutory nominal gross monthly minimum wage,Currency: U.S. dollars,2017,491.411,Type of minimum wage: Singular national minimum wage | Currency: SVK - Euro (EUR),SVK,0.865
Slovakia,ADM - Labour legislation,Statutory nominal gross monthly minimum wage,Currency: U.S. dollars,2016,448.296,Type of minimum wage: Singular national minimum wage | Currency: SVK - Euro (EUR),SVK,0.864
Slovakia,ADM - Labour legislation,Statutory nominal gross monthly minimum wage,Currency: U.S. dollars,2015,421.615,Type of minimum wage: Singular national minimum wage | Currency: SVK - Euro (EUR),SVK,0.861
Slovakia,ADM - Labour legislation,Statutory nominal gross monthly minimum wage,Currency: U.S. dollars,2014,467.632,Type of minimum wage: Singular national minimum wage | Currency: SVK - Euro (EUR),SVK,0.859
Slovakia,ADM - Labour legislation,Statutory nominal gross monthly minimum wage,Currency: U.S. dollars,2013,448.904,Type of minimum wage: Singular national minimum wage | Currency: SVK - Euro (EUR),SVK,0.858
Slovakia,ADM - Labour legislation,Statutory nominal gross monthly minimum wage,Currency: U.S. dollars,2012,420.126,Type of minimum wage: Singular national minimum wage | Currency: SVK - Euro (EUR),SVK,0.856
Slovakia,ADM - Labour legislation,Statutory nominal gross monthly minimum wage,Currency: U.S. dollars,2011,441.25,Type of minimum wage: Singular national minimum wage | Currency: SVK - Euro (EUR),SVK,0.856
Slovakia,ADM - Labour legislation,Statutory nominal gross monthly minimum wage,Currency: U.S. dollars,2010,408.321,Type of minimum wage: Singular national minimum wage | Currency: SVK - Euro (EUR),SVK,0.851
Slovakia,ADM - Labour legislation,Statutory nominal gross monthly minimum wage,Currency: U.S. dollars,2009,412.856,Type of minimum wage: Singular national minimum wage | Currency: SVK - Euro (EUR),SVK,0.845
Slovakia,ADM - Labour legislation,Statutory nominal gross monthly minimum wage,Currency: U.S. dollars,2008,394.163,Type of minimum wage: Singular national minimum wage | Currency: SVK - Euro (EUR),SVK,0.842
Slovakia,ADM - Labour legislation,Statutory nominal gross monthly minimum wage,Currency: U.S. dollars,2007,309.728,Type of minimum wage: Singular national minimum wage | Currency: SVK - Euro (EUR),SVK,0.834
Slovakia,ADM - Labour legislation,Statutory nominal gross monthly minimum wage,Currency: U.S. dollars,2006,226.008,Type of minimum wage: Singular national minimum wage | Currency: SVK - Euro (EUR),SVK,0.824
Slovakia,ADM - Labour legislation,Statutory nominal gross monthly minimum wage,Currency: U.S. dollars,2005,210.251,Type of minimum wage: Singular national minimum wage | Currency: SVK - Euro (EUR),SVK,0.815
Slovakia,ADM - Labour legislation,Statutory nominal gross monthly minimum wage,Currency: U.S. dollars,2004,189.073,Type of minimum wage: Singular national minimum wage | Currency: SVK - Euro (EUR),SVK,0.806
Slovakia,ADM - Labour legislation,Statutory nominal gross monthly minimum wage,Currency: U.S. dollars,2003,151.576,Type of minimum wage: Singular national minimum wage | Currency: SVK - Euro (EUR),SVK,0.796
Slovakia,ADM - Labour legislation,Statutory nominal gross monthly minimum wage,Currency: U.S. dollars,2002,105.904,Type of minimum wage: Singular national minimum wage | Currency: SVK - Euro (EUR),SVK,0.79
Slovakia,ADM - Labour legislation,Statutory nominal gross monthly minimum wage,Currency: U.S. dollars,2001,93.146,Type of minimum wage: Singular national minimum wage | Currency: SVK - Euro (EUR),SVK,0.781
Slovakia,ADM - Labour legislation,Statutory nominal gross monthly minimum wage,Currency: U.S. dollars,2000,86.82,Type of minimum wage: Singular national minimum wage | Currency: SVK - Euro (EUR),SVK,0.774
Slovenia,ADM - Labour legislation,Statutory nominal gross monthly minimum wage,Currency: U.S. dollars,2023,1300.766,Type of minimum wage: Singular national minimum wage | Currency: SVN - Euro (EUR),SVN,0.931
Slovenia,ADM - Labour legislation,Statutory nominal gross monthly minimum wage,Currency: U.S. dollars,2022,1130.974,Type of minimum wage: Singular national minimum wage | Currency: SVN - Euro (EUR),SVN,0.926
Slovenia,ADM - Labour legislation,Statutory nominal gross monthly minimum wage,Currency: U.S. dollars,2021,1211.126,Type of minimum wage: Singular national minimum wage | Currency: SVN - Euro (EUR),SVN,0.924
Slovenia,ADM - Labour legislation,Statutory nominal gross monthly minimum wage,Currency: U.S. dollars,2020,1074.806,Type of minimum wage: Singular national minimum wage | Currency: SVN - Euro (EUR),SVN,0.918
Slovenia,ADM - Labour legislation,Statutory nominal gross monthly minimum wage,Currency: U.S. dollars,2019,992.974,Type of minimum wage: Singular national minimum wage | Currency: SVN - Euro (EUR),SVN,0.923
Slovenia,ADM - Labour legislation,Statutory nominal gross monthly minimum wage,Currency: U.S. dollars,2018,995.545,Type of minimum wage: Singular national minimum wage | Currency: SVN - Euro (EUR),SVN,0.922
Slovenia,ADM - Labour legislation,Statutory nominal gross monthly minimum wage,Currency: U.S. dollars,2017,909.393,Type of minimum wage: Singular national minimum wage | Currency: SVN - Euro (EUR),SVN,0.918
Slovenia,ADM - Labour legislation,Statutory nominal gross monthly minimum wage,Currency: U.S. dollars,2016,875.56,Type of minimum wage: Singular national minimum wage | Currency: SVN - Euro (EUR),SVN,0.914
Slovenia,ADM - Labour legislation,Statutory nominal gross monthly minimum wage,Currency: U.S. dollars,2015,877.625,Type of minimum wage: Singular national minimum wage | Currency: SVN - Euro (EUR),SVN,0.909
Slovenia,ADM - Labour legislation,Statutory nominal gross monthly minimum wage,Currency: U.S. dollars,2014,1048.187,Type of minimum wage: Singular national minimum wage | Currency: SVN - Euro (EUR),SVN,0.907
Slovenia,ADM - Labour legislation,Statutory nominal gross monthly minimum wage,Currency: U.S. dollars,2013,1041.245,Type of minimum wage: Singular national minimum wage | Currency: SVN - Euro (EUR),SVN,0.907
Slovenia,ADM - Labour legislation,Statutory nominal gross monthly minimum wage,Currency: U.S. dollars,2012,980.294,Type of minimum wage: Singular national minimum wage | Currency: SVN - Euro (EUR),SVN,0.897
Slovenia,ADM - Labour legislation,Statutory nominal gross monthly minimum wage,Currency: U.S. dollars,2011,1041.182,Type of minimum wage: Singular national minimum wage | Currency: SVN - Euro (EUR),SVN,0.897
Slovenia,ADM - Labour legislation,Statutory nominal gross monthly minimum wage,Currency: U.S. dollars,2010,973.076,Type of minimum wage: Singular national minimum wage | Currency: SVN - Euro (EUR),SVN,0.896
Slovenia,ADM - Labour legislation,Statutory nominal gross monthly minimum wage,Currency: U.S. dollars,2009,821.527,Type of minimum wage: Singular national minimum wage | Currency: SVN - Euro (EUR),SVN,0.894
Slovenia,ADM - Labour legislation,Statutory nominal gross monthly minimum wage,Currency: U.S. dollars,2008,833.918,Type of minimum wage: Singular national minimum wage | Currency: SVN - Euro (EUR),SVN,0.894
Slovenia,ADM - Labour legislation,Statutory nominal gross monthly minimum wage,Currency: U.S. dollars,2007,715.39,Type of minimum wage: Singular national minimum wage | Currency: SVN - Euro (EUR),SVN,0.888
Slovenia,ADM - Labour legislation,Statutory nominal gross monthly minimum wage,Currency: U.S. dollars,2006,642.867,Type of minimum wage: Singular national minimum wage | Currency: SVN - Euro (EUR),SVN,0.883
Slovenia,ADM - Labour legislation,Statutory nominal gross monthly minimum wage,Currency: U.S. dollars,2005,610.848,Type of minimum wage: Singular national minimum wage | Currency: SVN - Euro (EUR),SVN,0.876
Slovenia,ADM - Labour legislation,Statutory nominal gross monthly minimum wage,Currency: U.S. dollars,2004,578.415,Type of minimum wage: Singular national minimum wage | Currency: SVN - Euro (EUR),SVN,0.87
Slovenia,ADM - Labour legislation,Statutory nominal gross monthly minimum wage,Currency: U.S. dollars,2003,501.104,Type of minimum wage: Singular national minimum wage | Currency: SVN - Euro (EUR),SVN,0.865
Slovenia,ADM - Labour legislation,Statutory nominal gross monthly minimum wage,Currency: U.S. dollars,2002,395.25,Type of minimum wage: Singular national minimum wage | Currency: SVN - Euro (EUR),SVN,0.855
Slovenia,ADM - Labour legislation,Statutory nominal gross monthly minimum wage,Currency: U.S. dollars,2001,345.713,Type of minimum wage: Singular national minimum wage | Currency: SVN - Euro (EUR),SVN,0.845
Slovenia,ADM - Labour legislation,Statutory nominal gross monthly minimum wage,Currency: U.S. dollars,2000,342.66,Type of minimum wage: Singular national minimum wage | Currency: SVN - Euro (EUR),SVN,0.829
Eswatini,ADM - Labour legislation,Statutory nominal gross monthly minimum wage,Currency: U.S. dollars,2021,28.41,Type of minimum wage: Occupational (unskilled workers) | Currency: SWZ - Lilangeni (SZL),SWZ,0.658
Eswatini,ADM - Labour legislation,Statutory nominal gross monthly minimum wage,Currency: U.S. dollars,2020,25.5,Type of minimum wage: Occupational (unskilled workers) | Currency: SWZ - Lilangeni (SZL),SWZ,0.657
Eswatini,ADM - Labour legislation,Statutory nominal gross monthly minimum wage,Currency: U.S. dollars,2019,29.062,Type of minimum wage: Occupational (unskilled workers) | Currency: SWZ - Lilangeni (SZL),SWZ,0.653
Eswatini,ADM - Labour legislation,Statutory nominal gross monthly minimum wage,Currency: U.S. dollars,2018,31.737,Type of minimum wage: Occupational (unskilled workers) | Currency: SWZ - Lilangeni (SZL),SWZ,0.643
Eswatini,ADM - Labour legislation,Statutory nominal gross monthly minimum wage,Currency: U.S. dollars,2017,31.523,Type of minimum wage: Occupational (unskilled workers) | Currency: SWZ - Lilangeni (SZL),SWZ,0.631
Eswatini,ADM - Labour legislation,Statutory nominal gross monthly minimum wage,Currency: U.S. dollars,2016,28.553,Type of minimum wage: Occupational (unskilled workers) | Currency: SWZ - Lilangeni (SZL),SWZ,0.619
Eswatini,ADM - Labour legislation,Statutory nominal gross monthly minimum wage,Currency: U.S. dollars,2015,32.918,Type of minimum wage: Occupational (unskilled workers) | Currency: SWZ - Lilangeni (SZL),SWZ,0.607
Eswatini,ADM - Labour legislation,Statutory nominal gross monthly minimum wage,Currency: U.S. dollars,2014,38.7,Type of minimum wage: Occupational (unskilled workers) | Currency: SWZ - Lilangeni (SZL),SWZ,0.592
Eswatini,ADM - Labour legislation,Statutory nominal gross monthly minimum wage,Currency: U.S. dollars,2013,43.501,Type of minimum wage: Occupational (unskilled workers) | Currency: SWZ - Lilangeni (SZL),SWZ,0.578
Eswatini,ADM - Labour legislation,Statutory nominal gross monthly minimum wage,Currency: U.S. dollars,2012,51.157,Type of minimum wage: Occupational (unskilled workers) | Currency: SWZ - Lilangeni (SZL),SWZ,0.562
Eswatini,ADM - Labour legislation,Statutory nominal gross monthly minimum wage,Currency: U.S. dollars,2011,57.842,Type of minimum wage: Occupational (unskilled workers) | Currency: SWZ - Lilangeni (SZL),SWZ,0.545
Eswatini,ADM - Labour legislation,Statutory nominal gross monthly minimum wage,Currency: U.S. dollars,2010,57.368,Type of minimum wage: Occupational (unskilled workers) | Currency: SWZ - Lilangeni (SZL),SWZ,0.534
Eswatini,ADM - Labour legislation,Statutory nominal gross monthly minimum wage,Currency: U.S. dollars,2009,49.565,Type of minimum wage: Occupational (unskilled workers) | Currency: SWZ - Lilangeni (SZL),SWZ,0.519
Seychelles,ADM - Legislation du Travail,Statutory nominal gross monthly minimum wage,Currency: U.S. dollars,2023,472.843,Currency: SYC - Seychellois rupee (SCR) | ILO calculation: Hourly figure multiplied by 40 hours and 4.33 weeks,SYC,0.848
Seychelles,ADM - Legislation du Travail,Statutory nominal gross monthly minimum wage,Currency: U.S. dollars,2022,464.763,Currency: SYC - Seychellois rupee (SCR) | ILO calculation: Hourly figure multiplied by 40 hours and 4.33 weeks,SYC,0.836
Seychelles,ADM - Legislation du Travail,Statutory nominal gross monthly minimum wage,Currency: U.S. dollars,2021,392.037,Currency: SYC - Seychellois rupee (SCR) | ILO calculation: Hourly figure multiplied by 40 hours and 4.33 weeks,SYC,0.838
Seychelles,ADM - Legislation du Travail,Statutory nominal gross monthly minimum wage,Currency: U.S. dollars,2020,376.548,Currency: SYC - Seychellois rupee (SCR) | ILO calculation: Hourly figure multiplied by 40 hours and 4.33 weeks,SYC,0.853
Seychelles,ADM - Legislation du Travail,Statutory nominal gross monthly minimum wage,Currency: U.S. dollars,2019,431.936,Currency: SYC - Seychellois rupee (SCR) | ILO calculation: Hourly figure multiplied by 40 hours and 4.33 weeks,SYC,0.85
Seychelles,ADM - Legislation du Travail,Statutory nominal gross monthly minimum wage,Currency: U.S. dollars,2018,414.92,Currency: SYC - Seychellois rupee (SCR) | ILO calculation: Hourly figure multiplied by 40 hours and 4.33 weeks,SYC,0.847
Seychelles,ADM - Legislation du Travail,Statutory nominal gross monthly minimum wage,Currency: U.S. dollars,2017,422.924,Currency: SYC - Seychellois rupee (SCR) | ILO calculation: Hourly figure multiplied by 40 hours and 4.33 weeks,SYC,0.844
Seychelles,ADM - Legislation du Travail,Statutory nominal gross monthly minimum wage,Currency: U.S. dollars,2016,433.362,Currency: SYC - Seychellois rupee (SCR) | ILO calculation: Hourly figure multiplied by 40 hours and 4.33 weeks,SYC,0.836
Seychelles,ADM - Legislation du Travail,Statutory nominal gross monthly minimum wage,Currency: U.S. dollars,2015,347.606,Currency: SYC - Seychellois rupee (SCR) | ILO calculation: Hourly figure multiplied by 40 hours and 4.33 weeks,SYC,0.819
Seychelles,ADM - Legislation du Travail,Statutory nominal gross monthly minimum wage,Currency: U.S. dollars,2014,363.065,Currency: SYC - Seychellois rupee (SCR) | ILO calculation: Hourly figure multiplied by 40 hours and 4.33 weeks,SYC,0.814
Seychelles,ADM - Legislation du Travail,Statutory nominal gross monthly minimum wage,Currency: U.S. dollars,2013,319.835,Currency: SYC - Seychellois rupee (SCR) | ILO calculation: Hourly figure multiplied by 40 hours and 4.33 weeks,SYC,0.797
Seychelles,ADM - Legislation du Travail,Statutory nominal gross monthly minimum wage,Currency: U.S. dollars,2012,265.615,Currency: SYC - Seychellois rupee (SCR) | ILO calculation: Hourly figure multiplied by 40 hours and 4.33 weeks,SYC,0.797
Seychelles,ADM - Legislation du Travail,Statutory nominal gross monthly minimum wage,Currency: U.S. dollars,2011,293.998,Currency: SYC - Seychellois rupee (SCR) | ILO calculation: Hourly figure multiplied by 40 hours and 4.33 weeks,SYC,0.772
Seychelles,ADM - Legislation du Travail,Statutory nominal gross monthly minimum wage,Currency: U.S. dollars,2010,284.394,Currency: SYC - Seychellois rupee (SCR) | ILO calculation: Hourly figure multiplied by 40 hours and 4.33 weeks,SYC,0.758
Seychelles,ADM - Legislation du Travail,Statutory nominal gross monthly minimum wage,Currency: U.S. dollars,2009,210.141,Currency: SYC - Seychellois rupee (SCR) | ILO calculation: Hourly figure multiplied by 40 hours and 4.33 weeks,SYC,0.758
Seychelles,ADM - Legislation du Travail,Statutory nominal gross monthly minimum wage,Currency: U.S. dollars,2008,302.414,Currency: SYC - Seychellois rupee (SCR) | ILO calculation: Hourly figure multiplied by 40 hours and 4.33 weeks,SYC,0.758
Syrian Arab Republic,ADM - Labour legislation,Statutory nominal gross monthly minimum wage,Currency: U.S. dollars,2021,7.775,Type of minimum wage: Singular national minimum wage | Currency: SYR - Syrian pound (SYP),SYR,0.571
Syrian Arab Republic,ADM - Labour legislation,Statutory nominal gross monthly minimum wage,Currency: U.S. dollars,2020,11.123,Type of minimum wage: Singular national minimum wage | Currency: SYR - Syrian pound (SYP),SYR,0.57
Syrian Arab Republic,ADM - Labour legislation,Statutory nominal gross monthly minimum wage,Currency: U.S. dollars,2019,22.371,Type of minimum wage: Singular national minimum wage | Currency: SYR - Syrian pound (SYP),SYR,0.569
Syrian Arab Republic,ADM - Labour legislation,Statutory nominal gross monthly minimum wage,Currency: U.S. dollars,2018,22.371,Type of minimum wage: Singular national minimum wage | Currency: SYR - Syrian pound (SYP),SYR,0.557
Syrian Arab Republic,ADM - Labour legislation,Statutory nominal gross monthly minimum wage,Currency: U.S. dollars,2017,19.823,Type of minimum wage: Singular national minimum wage | Currency: SYR - Syrian pound (SYP),SYR,0.551
Chad,ADM - Labour legislation,Statutory nominal gross monthly minimum wage,Currency: U.S. dollars,2023,98.917,Type of minimum wage: Rate of the SMIG when SMIG/SMAG system | Currency: TCD - Central African CFA franc (XAF),TCD,0.416
Chad,ADM - Labour legislation,Statutory nominal gross monthly minimum wage,Currency: U.S. dollars,2022,96.191,Type of minimum wage: Rate of the SMIG when SMIG/SMAG system | Currency: TCD - Central African CFA franc (XAF),TCD,0.414
Chad,ADM - Labour legislation,Statutory nominal gross monthly minimum wage,Currency: U.S. dollars,2021,108.2,Type of minimum wage: Rate of the SMIG when SMIG/SMAG system | Currency: TCD - Central African CFA franc (XAF),TCD,0.408
Chad,ADM - Labour legislation,Statutory nominal gross monthly minimum wage,Currency: U.S. dollars,2020,104.242,Type of minimum wage: Rate of the SMIG when SMIG/SMAG system | Currency: TCD - Central African CFA franc (XAF),TCD,0.408
Chad,ADM - Labour legislation,Statutory nominal gross monthly minimum wage,Currency: U.S. dollars,2019,102.405,Type of minimum wage: Rate of the SMIG when SMIG/SMAG system | Currency: TCD - Central African CFA franc (XAF),TCD,0.406
Chad,ADM - Labour legislation,Statutory nominal gross monthly minimum wage,Currency: U.S. dollars,2018,108.021,Type of minimum wage: Rate of the SMIG when SMIG/SMAG system | Currency: TCD - Central African CFA franc (XAF),TCD,0.402
Chad,ADM - Labour legislation,Statutory nominal gross monthly minimum wage,Currency: U.S. dollars,2017,103.331,Type of minimum wage: Rate of the SMIG when SMIG/SMAG system | Currency: TCD - Central African CFA franc (XAF),TCD,0.397
Chad,ADM - Labour legislation,Statutory nominal gross monthly minimum wage,Currency: U.S. dollars,2016,101.248,Type of minimum wage: Rate of the SMIG when SMIG/SMAG system | Currency: TCD - Central African CFA franc (XAF),TCD,0.396
Chad,ADM - Labour legislation,Statutory nominal gross monthly minimum wage,Currency: U.S. dollars,2015,101.487,Type of minimum wage: Rate of the SMIG when SMIG/SMAG system | Currency: TCD - Central African CFA franc (XAF),TCD,0.396
Chad,ADM - Labour legislation,Statutory nominal gross monthly minimum wage,Currency: U.S. dollars,2014,121.517,Type of minimum wage: Rate of the SMIG when SMIG/SMAG system | Currency: TCD - Central African CFA franc (XAF),TCD,0.401
Chad,ADM - Labour legislation,Statutory nominal gross monthly minimum wage,Currency: U.S. dollars,2013,121.482,Type of minimum wage: Rate of the SMIG when SMIG/SMAG system | Currency: TCD - Central African CFA franc (XAF),TCD,0.396
Chad,ADM - Labour legislation,Statutory nominal gross monthly minimum wage,Currency: U.S. dollars,2012,117.519,Type of minimum wage: Rate of the SMIG when SMIG/SMAG system | Currency: TCD - Central African CFA franc (XAF),TCD,0.391
Chad,ADM - Labour legislation,Statutory nominal gross monthly minimum wage,Currency: U.S. dollars,2011,127.321,Type of minimum wage: Rate of the SMIG when SMIG/SMAG system | Currency: TCD - Central African CFA franc (XAF),TCD,0.384
Chad,ADM - Labour legislation,Statutory nominal gross monthly minimum wage,Currency: U.S. dollars,2010,56.589,Type of minimum wage: Rate of the SMIG when SMIG/SMAG system | Currency: TCD - Central African CFA franc (XAF),TCD,0.375
Chad,ADM - Labour legislation,Statutory nominal gross monthly minimum wage,Currency: U.S. dollars,2009,59.537,Type of minimum wage: Rate of the SMIG when SMIG/SMAG system | Currency: TCD - Central African CFA franc (XAF),TCD,0.369
Chad,ADM - Labour legislation,Statutory nominal gross monthly minimum wage,Currency: U.S. dollars,2008,62.78,Type of minimum wage: Rate of the SMIG when SMIG/SMAG system | Currency: TCD - Central African CFA franc (XAF),TCD,0.354
Chad,ADM - Labour legislation,Statutory nominal gross monthly minimum wage,Currency: U.S. dollars,2007,58.5,Currency: TCD - Central African CFA franc (XAF),TCD,0.35
Chad,ADM - Labour legislation,Statutory nominal gross monthly minimum wage,Currency: U.S. dollars,2006,49.232,Currency: TCD - Central African CFA franc (XAF),TCD,0.339
Chad,ADM - Labour legislation,Statutory nominal gross monthly minimum wage,Currency: U.S. dollars,2005,48.781,Currency: TCD - Central African CFA franc (XAF),TCD,0.339
Chad,ADM - Labour legislation,Statutory nominal gross monthly minimum wage,Currency: U.S. dollars,2004,48.773,Currency: TCD - Central African CFA franc (XAF),TCD,0.338
Chad,ADM - Labour legislation,Statutory nominal gross monthly minimum wage,Currency: U.S. dollars,2003,43.939,Currency: TCD - Central African CFA franc (XAF),TCD,0.32
Chad,ADM - Labour legislation,Statutory nominal gross monthly minimum wage,Currency: U.S. dollars,2002,36.73,Currency: TCD - Central African CFA franc (XAF),TCD,0.32
Chad,ADM - Labour legislation,Statutory nominal gross monthly minimum wage,Currency: U.S. dollars,2001,34.79,Currency: TCD - Central African CFA franc (XAF),TCD,0.313
Chad,ADM - Labour legislation,Statutory nominal gross monthly minimum wage,Currency: U.S. dollars,2000,35.877,Currency: TCD - Central African CFA franc (XAF),TCD,0.303
Togo,ADM - Labour legislation,Statutory nominal gross monthly minimum wage,Currency: U.S. dollars,2023,86.552,Type of minimum wage: Rate of the SMIG when SMIG/SMAG system | Currency: TGO - West African CFA franc (XOF),TGO,0.571
Togo,ADM - Labour legislation,Statutory nominal gross monthly minimum wage,Currency: U.S. dollars,2022,56.111,Type of minimum wage: Rate of the SMIG when SMIG/SMAG system | Currency: TGO - West African CFA franc (XOF),TGO,0.567
Togo,ADM - Labour legislation,Statutory nominal gross monthly minimum wage,Currency: U.S. dollars,2021,63.116,Type of minimum wage: Rate of the SMIG when SMIG/SMAG system | Currency: TGO - West African CFA franc (XOF),TGO,0.56
Togo,ADM - Labour legislation,Statutory nominal gross monthly minimum wage,Currency: U.S. dollars,2020,60.808,Type of minimum wage: Rate of the SMIG when SMIG/SMAG system | Currency: TGO - West African CFA franc (XOF),TGO,0.554
Togo,ADM - Labour legislation,Statutory nominal gross monthly minimum wage,Currency: U.S. dollars,2019,59.736,Type of minimum wage: Rate of the SMIG when SMIG/SMAG system | Currency: TGO - West African CFA franc (XOF),TGO,0.549
Togo,ADM - Labour legislation,Statutory nominal gross monthly minimum wage,Currency: U.S. dollars,2018,63.012,Type of minimum wage: Rate of the SMIG when SMIG/SMAG system | Currency: TGO - West African CFA franc (XOF),TGO,0.542
Togo,ADM - Labour legislation,Statutory nominal gross monthly minimum wage,Currency: U.S. dollars,2017,60.277,Type of minimum wage: Rate of the SMIG when SMIG/SMAG system | Currency: TGO - West African CFA franc (XOF),TGO,0.534
Togo,ADM - Labour legislation,Statutory nominal gross monthly minimum wage,Currency: U.S. dollars,2016,59.061,Type of minimum wage: Rate of the SMIG when SMIG/SMAG system | Currency: TGO - West African CFA franc (XOF),TGO,0.528
Togo,ADM - Labour legislation,Statutory nominal gross monthly minimum wage,Currency: U.S. dollars,2015,59.2,Type of minimum wage: Rate of the SMIG when SMIG/SMAG system | Currency: TGO - West African CFA franc (XOF),TGO,0.523
Togo,ADM - Labour legislation,Statutory nominal gross monthly minimum wage,Currency: U.S. dollars,2014,70.885,Type of minimum wage: Rate of the SMIG when SMIG/SMAG system | Currency: TGO - West African CFA franc (XOF),TGO,0.514
Togo,ADM - Labour legislation,Statutory nominal gross monthly minimum wage,Currency: U.S. dollars,2013,70.865,Type of minimum wage: Rate of the SMIG when SMIG/SMAG system | Currency: TGO - West African CFA franc (XOF),TGO,0.507
Togo,ADM - Labour legislation,Statutory nominal gross monthly minimum wage,Currency: U.S. dollars,2012,68.553,Type of minimum wage: Rate of the SMIG when SMIG/SMAG system | Currency: TGO - West African CFA franc (XOF),TGO,0.5
Togo,ADM - Labour legislation,Statutory nominal gross monthly minimum wage,Currency: U.S. dollars,2011,59.417,Type of minimum wage: Rate of the SMIG when SMIG/SMAG system | Currency: TGO - West African CFA franc (XOF),TGO,0.495
Togo,ADM - Labour legislation,Statutory nominal gross monthly minimum wage,Currency: U.S. dollars,2010,56.589,Type of minimum wage: Rate of the SMIG when SMIG/SMAG system | Currency: TGO - West African CFA franc (XOF),TGO,0.483
Togo,ADM - Labour legislation,Statutory nominal gross monthly minimum wage,Currency: U.S. dollars,2009,59.537,Type of minimum wage: Rate of the SMIG when SMIG/SMAG system | Currency: TGO - West African CFA franc (XOF),TGO,0.473
Togo,ADM - Labour legislation,Statutory nominal gross monthly minimum wage,Currency: U.S. dollars,2008,62.78,Type of minimum wage: Rate of the SMIG when SMIG/SMAG system | Currency: TGO - West African CFA franc (XOF),TGO,0.465
Togo,ADM - Labour legislation,Statutory nominal gross monthly minimum wage,Currency: U.S. dollars,2007,28.742,Currency: TGO - West African CFA franc (XOF),TGO,0.458
Togo,ADM - Labour legislation,Statutory nominal gross monthly minimum wage,Currency: U.S. dollars,2006,26.333,Currency: TGO - West African CFA franc (XOF),TGO,0.465
Togo,ADM - Labour legislation,Statutory nominal gross monthly minimum wage,Currency: U.S. dollars,2005,26.092,Currency: TGO - West African CFA franc (XOF),TGO,0.46
Togo,ADM - Labour legislation,Statutory nominal gross monthly minimum wage,Currency: U.S. dollars,2004,26.088,Currency: TGO - West African CFA franc (XOF),TGO,0.461
Togo,ADM - Labour legislation,Statutory nominal gross monthly minimum wage,Currency: U.S. dollars,2003,23.723,Currency: TGO - West African CFA franc (XOF),TGO,0.46
Togo,ADM - Labour legislation,Statutory nominal gross monthly minimum wage,Currency: U.S. dollars,2002,19.831,Currency: TGO - West African CFA franc (XOF),TGO,0.455
Togo,ADM - Labour legislation,Statutory nominal gross monthly minimum wage,Currency: U.S. dollars,2001,18.784,Currency: TGO - West African CFA franc (XOF),TGO,0.452
Togo,ADM - Labour legislation,Statutory nominal gross monthly minimum wage,Currency: U.S. dollars,2000,19.37,Currency: TGO - West African CFA franc (XOF),TGO,0.448
Thailand,ADM - Labour legislation,Statutory nominal gross monthly minimum wage,Currency: U.S. dollars,2023,250.272,Central tendency measure: Median | Currency: THA - Baht (THB) | ILO calculation: Daily figure multiplied by 6 days and 4.33 weeks,THA,0.798
Thailand,ADM - Labour legislation,Statutory nominal gross monthly minimum wage,Currency: U.S. dollars,2022,248.422,Central tendency measure: Median | Currency: THA - Baht (THB) | ILO calculation: Daily figure multiplied by 6 days and 4.33 weeks,THA,0.792
Thailand,ADM - Labour legislation,Statutory nominal gross monthly minimum wage,Currency: U.S. dollars,2021,260.186,Central tendency measure: Median | Currency: THA - Baht (THB) | ILO calculation: Daily figure multiplied by 6 days and 4.33 weeks,THA,0.8
Thailand,ADM - Labour legislation,Statutory nominal gross monthly minimum wage,Currency: U.S. dollars,2020,265.868,Central tendency measure: Median | Currency: THA - Baht (THB) | ILO calculation: Daily figure multiplied by 6 days and 4.33 weeks,THA,0.798
Thailand,ADM - Labour legislation,Statutory nominal gross monthly minimum wage,Currency: U.S. dollars,2019,263.788,Central tendency measure: Median | Currency: THA - Baht (THB) | ILO calculation: Daily figure multiplied by 6 days and 4.33 weeks,THA,0.8
Thailand,ADM - Labour legislation,Statutory nominal gross monthly minimum wage,Currency: U.S. dollars,2018,253.48,Central tendency measure: Median | Currency: THA - Baht (THB) | ILO calculation: Daily figure multiplied by 6 days and 4.33 weeks,THA,0.796
Thailand,ADM - Labour legislation,Statutory nominal gross monthly minimum wage,Currency: U.S. dollars,2017,233.649,Central tendency measure: Median | Currency: THA - Baht (THB) | ILO calculation: Daily figure multiplied by 6 days and 4.33 weeks,THA,0.794
Thailand,ADM - Labour legislation,Statutory nominal gross monthly minimum wage,Currency: U.S. dollars,2016,220.986,Central tendency measure: Median | Currency: THA - Baht (THB) | ILO calculation: Daily figure multiplied by 6 days and 4.33 weeks,THA,0.792
Thailand,ADM - Labour legislation,Statutory nominal gross monthly minimum wage,Currency: U.S. dollars,2015,227.752,Central tendency measure: Median | Currency: THA - Baht (THB) | ILO calculation: Daily figure multiplied by 6 days and 4.33 weeks,THA,0.788
Thailand,ADM - Labour legislation,Statutory nominal gross monthly minimum wage,Currency: U.S. dollars,2014,240.149,Central tendency measure: Median | Currency: THA - Baht (THB) | ILO calculation: Daily figure multiplied by 6 days and 4.33 weeks,THA,0.784
Thailand,ADM - Labour legislation,Statutory nominal gross monthly minimum wage,Currency: U.S. dollars,2013,253.857,Central tendency measure: Median | Currency: THA - Baht (THB) | ILO calculation: Daily figure multiplied by 6 days and 4.33 weeks,THA,0.752
Thailand,ADM - Labour legislation,Statutory nominal gross monthly minimum wage,Currency: U.S. dollars,2012,199.916,Central tendency measure: Median | Currency: THA - Baht (THB) | ILO calculation: Daily figure multiplied by 6 days and 4.33 weeks,THA,0.75
Thailand,ADM - Labour legislation,Statutory nominal gross monthly minimum wage,Currency: U.S. dollars,2011,145.81,Central tendency measure: Median | Currency: THA - Baht (THB) | ILO calculation: Daily figure multiplied by 6 days and 4.33 weeks,THA,0.747
Thailand,ADM - Labour legislation,Statutory nominal gross monthly minimum wage,Currency: U.S. dollars,2010,131.29,Central tendency measure: Median | Currency: THA - Baht (THB) | ILO calculation: Daily figure multiplied by 6 days and 4.33 weeks,THA,0.742
Thailand,ADM - Labour legislation,Statutory nominal gross monthly minimum wage,Currency: U.S. dollars,2009,117.542,Central tendency measure: Median | Currency: THA - Baht (THB) | ILO calculation: Daily figure multiplied by 6 days and 4.33 weeks,THA,0.725
Thailand,ADM - Labour legislation,Statutory nominal gross monthly minimum wage,Currency: U.S. dollars,2008,120.973,Central tendency measure: Median | Currency: THA - Baht (THB) | ILO calculation: Daily figure multiplied by 6 days and 4.33 weeks,THA,0.723
Thailand,ADM - Labour legislation,Statutory nominal gross monthly minimum wage,Currency: U.S. dollars,2007,143.866,Currency: THA - Baht (THB),THA,0.721
Thailand,ADM - Labour legislation,Statutory nominal gross monthly minimum wage,Currency: U.S. dollars,2006,126.287,Currency: THA - Baht (THB),THA,0.71
Thailand,ADM - Labour legislation,Statutory nominal gross monthly minimum wage,Currency: U.S. dollars,2005,115.067,Currency: THA - Baht (THB),THA,0.707
Thailand,ADM - Labour legislation,Statutory nominal gross monthly minimum wage,Currency: U.S. dollars,2004,109.889,Currency: THA - Baht (THB),THA,0.699
Thailand,ADM - Labour legislation,Statutory nominal gross monthly minimum wage,Currency: U.S. dollars,2003,105.919,Currency: THA - Baht (THB),THA,0.69
Thailand,ADM - Labour legislation,Statutory nominal gross monthly minimum wage,Currency: U.S. dollars,2002,99.86,Currency: THA - Baht (THB),THA,0.678
Thailand,ADM - Labour legislation,Statutory nominal gross monthly minimum wage,Currency: U.S. dollars,2001,96.552,Currency: THA - Baht (THB),THA,0.667
Thailand,ADM - Labour legislation,Statutory nominal gross monthly minimum wage,Currency: U.S. dollars,2000,105.006,Currency: THA - Baht (THB),THA,0.657
Tajikistan,ADM - Labour legislation,Statutory nominal gross monthly minimum wage,Currency: U.S. dollars,2021,35.37,Type of minimum wage: Singular national minimum wage | Currency: TJK - Somoni (TJS),TJK,0.672
Tajikistan,ADM - Labour legislation,Statutory nominal gross monthly minimum wage,Currency: U.S. dollars,2020,38.752,Type of minimum wage: Singular national minimum wage | Currency: TJK - Somoni (TJS),TJK,0.664
Tajikistan,ADM - Labour legislation,Statutory nominal gross monthly minimum wage,Currency: U.S. dollars,2019,41.971,Type of minimum wage: Singular national minimum wage | Currency: TJK - Somoni (TJS),TJK,0.673
Tajikistan,ADM - Labour legislation,Statutory nominal gross monthly minimum wage,Currency: U.S. dollars,2018,43.71,Type of minimum wage: Singular national minimum wage | Currency: TJK - Somoni (TJS),TJK,0.67
Tajikistan,ADM - Labour legislation,Statutory nominal gross monthly minimum wage,Currency: U.S. dollars,2017,46.785,Type of minimum wage: Singular national minimum wage | Currency: TJK - Somoni (TJS),TJK,0.666
Tajikistan,ADM - Labour legislation,Statutory nominal gross monthly minimum wage,Currency: U.S. dollars,2016,51.049,Type of minimum wage: Singular national minimum wage | Currency: TJK - Somoni (TJS),TJK,0.661
Tajikistan,ADM - Labour legislation,Statutory nominal gross monthly minimum wage,Currency: U.S. dollars,2015,40.564,Type of minimum wage: Singular national minimum wage | Currency: TJK - Somoni (TJS),TJK,0.658
Tajikistan,ADM - Labour legislation,Statutory nominal gross monthly minimum wage,Currency: U.S. dollars,2014,50.632,Type of minimum wage: Singular national minimum wage | Currency: TJK - Somoni (TJS),TJK,0.657
Tajikistan,ADM - Labour legislation,Statutory nominal gross monthly minimum wage,Currency: U.S. dollars,2013,52.474,Type of minimum wage: Singular national minimum wage | Currency: TJK - Somoni (TJS),TJK,0.655
Tajikistan,ADM - Labour legislation,Statutory nominal gross monthly minimum wage,Currency: U.S. dollars,2012,42.214,Currency: TJK - Somoni (TJS),TJK,0.649
Tajikistan,ADM - Labour legislation,Statutory nominal gross monthly minimum wage,Currency: U.S. dollars,2011,17.353,Currency: TJK - Somoni (TJS),TJK,0.644
Tajikistan,ADM - Labour legislation,Statutory nominal gross monthly minimum wage,Currency: U.S. dollars,2010,18.269,Currency: TJK - Somoni (TJS),TJK,0.639
Tajikistan,ADM - Labour legislation,Statutory nominal gross monthly minimum wage,Currency: U.S. dollars,2009,14.483,Currency: TJK - Somoni (TJS),TJK,0.634
Tajikistan,ADM - Labour legislation,Statutory nominal gross monthly minimum wage,Currency: U.S. dollars,2008,17.489,Currency: TJK - Somoni (TJS),TJK,0.634
Tajikistan,ADM - Labour legislation,Statutory nominal gross monthly minimum wage,Currency: U.S. dollars,2007,5.81,Currency: TJK - Somoni (TJS),TJK,0.625
Tajikistan,ADM - Labour legislation,Statutory nominal gross monthly minimum wage,Currency: U.S. dollars,2006,6.064,Currency: TJK - Somoni (TJS),TJK,0.62
Tajikistan,ADM - Labour legislation,Statutory nominal gross monthly minimum wage,Currency: U.S. dollars,2005,3.85,Currency: TJK - Somoni (TJS),TJK,0.611
Tajikistan,ADM - Labour legislation,Statutory nominal gross monthly minimum wage,Currency: U.S. dollars,2004,2.356,Currency: TJK - Somoni (TJS),TJK,0.598
Tajikistan,ADM - Labour legislation,Statutory nominal gross monthly minimum wage,Currency: U.S. dollars,2003,1.633,Currency: TJK - Somoni (TJS),TJK,0.587
Tajikistan,ADM - Labour legislation,Statutory nominal gross monthly minimum wage,Currency: U.S. dollars,2002,1.447,Currency: TJK - Somoni (TJS),TJK,0.575
Tajikistan,ADM - Labour legislation,Statutory nominal gross monthly minimum wage,Currency: U.S. dollars,2001,1.265,Currency: TJK - Somoni (TJS),TJK,0.563
Tajikistan,ADM - Labour legislation,Statutory nominal gross monthly minimum wage,Currency: U.S. dollars,2000,0.482,Currency: TJK - Somoni (TJS),TJK,0.554
Timor-Leste,ADM - Labour legislation,Statutory nominal gross monthly minimum wage,Currency: U.S. dollars,2023,115.0,Type of minimum wage: Singular national minimum wage | Currency: TLS - United States dollar (USD),TLS,0.634
Timor-Leste,ADM - Labour legislation,Statutory nominal gross monthly minimum wage,Currency: U.S. dollars,2022,115.0,Type of minimum wage: Singular national minimum wage | Currency: TLS - United States dollar (USD),TLS,0.633
Timor-Leste,ADM - Labour legislation,Statutory nominal gross monthly minimum wage,Currency: U.S. dollars,2021,115.0,Type of minimum wage: Singular national minimum wage | Currency: TLS - United States dollar (USD),TLS,0.644
Timor-Leste,ADM - Labour legislation,Statutory nominal gross monthly minimum wage,Currency: U.S. dollars,2020,115.0,Type of minimum wage: Singular national minimum wage | Currency: TLS - United States dollar (USD),TLS,0.65
Timor-Leste,ADM - Labour legislation,Statutory nominal gross monthly minimum wage,Currency: U.S. dollars,2019,115.0,Type of minimum wage: Singular national minimum wage | Currency: TLS - United States dollar (USD),TLS,0.642
Timor-Leste,ADM - Labour legislation,Statutory nominal gross monthly minimum wage,Currency: U.S. dollars,2018,115.0,Type of minimum wage: Singular national minimum wage | Currency: TLS - United States dollar (USD),TLS,0.624
Timor-Leste,ADM - Labour legislation,Statutory nominal gross monthly minimum wage,Currency: U.S. dollars,2017,115.0,Type of minimum wage: Singular national minimum wage | Currency: TLS - United States dollar (USD),TLS,0.621
Timor-Leste,ADM - Labour legislation,Statutory nominal gross monthly minimum wage,Currency: U.S. dollars,2016,115.0,Type of minimum wage: Singular national minimum wage | Currency: TLS - United States dollar (USD),TLS,0.618
Timor-Leste,ADM - Labour legislation,Statutory nominal gross monthly minimum wage,Currency: U.S. dollars,2015,115.0,Type of minimum wage: Singular national minimum wage | Currency: TLS - United States dollar (USD),TLS,0.628
Timor-Leste,ADM - Labour legislation,Statutory nominal gross monthly minimum wage,Currency: U.S. dollars,2014,115.0,Type of minimum wage: Singular national minimum wage | Currency: TLS - United States dollar (USD),TLS,0.637
Timor-Leste,ADM - Labour legislation,Statutory nominal gross monthly minimum wage,Currency: U.S. dollars,2013,115.0,Type of minimum wage: Singular national minimum wage | Currency: TLS - United States dollar (USD),TLS,0.646
Timor-Leste,ADM - Labour legislation,Statutory nominal gross monthly minimum wage,Currency: U.S. dollars,2012,115.0,Type of minimum wage: Singular national minimum wage | Currency: TLS - United States dollar (USD),TLS,0.65
Timor-Leste,ADM - Labour legislation,Statutory nominal gross monthly minimum wage,Currency: U.S. dollars,2011,85.0,Type of minimum wage: Singular national minimum wage | Currency: TLS - United States dollar (USD),TLS,0.655
Timor-Leste,ADM - Labour legislation,Statutory nominal gross monthly minimum wage,Currency: U.S. dollars,2010,85.0,Type of minimum wage: Singular national minimum wage | Currency: TLS - United States dollar (USD),TLS,0.645
Trinidad and Tobago,ADM - Labour legislation,Statutory nominal gross monthly minimum wage,Currency: U.S. dollars,2023,449.02,Type of minimum wage: Singular national minimum wage | Currency: TTO - Trinidad and Tobago dollar (TTD) | ILO calculation: Hourly figure multiplied by 40 hours and 4.33 weeks,TTO,0.807
Trinidad and Tobago,ADM - Labour legislation,Statutory nominal gross monthly minimum wage,Currency: U.S. dollars,2022,448.762,Type of minimum wage: Singular national minimum wage | Currency: TTO - Trinidad and Tobago dollar (TTD) | ILO calculation: Hourly figure multiplied by 40 hours and 4.33 weeks,TTO,0.805
Trinidad and Tobago,ADM - Labour legislation,Statutory nominal gross monthly minimum wage,Currency: U.S. dollars,2021,448.47,Type of minimum wage: Singular national minimum wage | Currency: TTO - Trinidad and Tobago dollar (TTD) | ILO calculation: Hourly figure multiplied by 40 hours and 4.33 weeks,TTO,0.796
Trinidad and Tobago,ADM - Labour legislation,Statutory nominal gross monthly minimum wage,Currency: U.S. dollars,2020,448.967,Type of minimum wage: Singular national minimum wage | Currency: TTO - Trinidad and Tobago dollar (TTD) | ILO calculation: Hourly figure multiplied by 40 hours and 4.33 weeks,TTO,0.8
Trinidad and Tobago,ADM - Labour legislation,Statutory nominal gross monthly minimum wage,Currency: U.S. dollars,2019,448.749,Type of minimum wage: Singular national minimum wage | Currency: TTO - Trinidad and Tobago dollar (TTD) | ILO calculation: Hourly figure multiplied by 40 hours and 4.33 weeks,TTO,0.805
Trinidad and Tobago,ADM - Labour legislation,Statutory nominal gross monthly minimum wage,Currency: U.S. dollars,2018,460.806,Type of minimum wage: Singular national minimum wage | Currency: TTO - Trinidad and Tobago dollar (TTD) | ILO calculation: Hourly figure multiplied by 40 hours and 4.33 weeks,TTO,0.803
Trinidad and Tobago,ADM - Labour legislation,Statutory nominal gross monthly minimum wage,Currency: U.S. dollars,2017,460.209,Type of minimum wage: Singular national minimum wage | Currency: TTO - Trinidad and Tobago dollar (TTD) | ILO calculation: Hourly figure multiplied by 40 hours and 4.33 weeks,TTO,0.806
Trinidad and Tobago,ADM - Labour legislation,Statutory nominal gross monthly minimum wage,Currency: U.S. dollars,2016,467.839,Type of minimum wage: Singular national minimum wage | Currency: TTO - Trinidad and Tobago dollar (TTD) | ILO calculation: Hourly figure multiplied by 40 hours and 4.33 weeks,TTO,0.806
Trinidad and Tobago,ADM - Labour legislation,Statutory nominal gross monthly minimum wage,Currency: U.S. dollars,2015,489.224,Type of minimum wage: Singular national minimum wage | Currency: TTO - Trinidad and Tobago dollar (TTD) | ILO calculation: Hourly figure multiplied by 40 hours and 4.33 weeks,TTO,0.808
Trinidad and Tobago,ADM - Labour legislation,Statutory nominal gross monthly minimum wage,Currency: U.S. dollars,2014,405.674,Type of minimum wage: Singular national minimum wage | Currency: TTO - Trinidad and Tobago dollar (TTD) | ILO calculation: Hourly figure multiplied by 40 hours and 4.33 weeks,TTO,0.805
Trinidad and Tobago,ADM - Labour legislation,Statutory nominal gross monthly minimum wage,Currency: U.S. dollars,2013,403.562,Type of minimum wage: Singular national minimum wage | Currency: TTO - Trinidad and Tobago dollar (TTD) | ILO calculation: Hourly figure multiplied by 40 hours and 4.33 weeks,TTO,0.802
Trinidad and Tobago,ADM - Labour legislation,Statutory nominal gross monthly minimum wage,Currency: U.S. dollars,2012,404.38,Type of minimum wage: Singular national minimum wage | Currency: TTO - Trinidad and Tobago dollar (TTD) | ILO calculation: Hourly figure multiplied by 40 hours and 4.33 weeks,TTO,0.796
Trinidad and Tobago,ADM - Labour legislation,Statutory nominal gross monthly minimum wage,Currency: U.S. dollars,2011,405.66,Type of minimum wage: Singular national minimum wage | Currency: TTO - Trinidad and Tobago dollar (TTD) | ILO calculation: Hourly figure multiplied by 40 hours and 4.33 weeks,TTO,0.792
Trinidad and Tobago,ADM - Labour legislation,Statutory nominal gross monthly minimum wage,Currency: U.S. dollars,2010,407.811,Type of minimum wage: Singular national minimum wage | Currency: TTO - Trinidad and Tobago dollar (TTD) | ILO calculation: Hourly figure multiplied by 40 hours and 4.33 weeks,TTO,0.789
Trinidad and Tobago,ADM - Labour legislation,Statutory nominal gross monthly minimum wage,Currency: U.S. dollars,2009,295.973,Type of minimum wage: Singular national minimum wage | Currency: TTO - Trinidad and Tobago dollar (TTD) | ILO calculation: Hourly figure multiplied by 40 hours and 4.33 weeks,TTO,0.782
Trinidad and Tobago,ADM - Labour legislation,Statutory nominal gross monthly minimum wage,Currency: U.S. dollars,2008,297.642,Type of minimum wage: Singular national minimum wage | Currency: TTO - Trinidad and Tobago dollar (TTD) | ILO calculation: Hourly figure multiplied by 40 hours and 4.33 weeks,TTO,0.782
Trinidad and Tobago,ADM - Labour legislation,Statutory nominal gross monthly minimum wage,Currency: U.S. dollars,2007,246.522,Central tendency measure: Lowest occupational minimum wage | Working time arrangement coverage: Full-time equivalents | Currency: TTO - Trinidad and Tobago dollar (TTD),TTO,0.774
Trinidad and Tobago,ADM - Labour legislation,Statutory nominal gross monthly minimum wage,Currency: U.S. dollars,2006,247.137,Central tendency measure: Lowest occupational minimum wage | Working time arrangement coverage: Full-time equivalents | Currency: TTO - Trinidad and Tobago dollar (TTD),TTO,0.766
Trinidad and Tobago,ADM - Labour legislation,Statutory nominal gross monthly minimum wage,Currency: U.S. dollars,2005,247.636,Central tendency measure: Lowest occupational minimum wage | Working time arrangement coverage: Full-time equivalents | Currency: TTO - Trinidad and Tobago dollar (TTD),TTO,0.756
Tunisia,ADM - Labour legislation,Statutory nominal gross monthly minimum wage,Currency: U.S. dollars,2023,147.856,Type of minimum wage: Rate of the SMIG when SMIG/SMAG system | Currency: TUN - Tunisian dinar (TND) | ILO calculation: Hourly figure multiplied by 48 hours and 4.33 weeks,TUN,0.746
Tunisia,ADM - Labour legislation,Statutory nominal gross monthly minimum wage,Currency: U.S. dollars,2022,125.501,Type of minimum wage: Rate of the SMIG when SMIG/SMAG system | Currency: TUN - Tunisian dinar (TND) | ILO calculation: Hourly figure multiplied by 48 hours and 4.33 weeks,TUN,0.745
Tunisia,ADM - Labour legislation,Statutory nominal gross monthly minimum wage,Currency: U.S. dollars,2021,139.384,Type of minimum wage: Rate of the SMIG when SMIG/SMAG system | Currency: TUN - Tunisian dinar (TND) | ILO calculation: Hourly figure multiplied by 48 hours and 4.33 weeks,TUN,0.728
Tunisia,ADM - Labour legislation,Statutory nominal gross monthly minimum wage,Currency: U.S. dollars,2020,130.045,Type of minimum wage: Rate of the SMIG when SMIG/SMAG system | Currency: TUN - Tunisian dinar (TND) | ILO calculation: Hourly figure multiplied by 48 hours and 4.33 weeks,TUN,0.733
Tunisia,ADM - Labour legislation,Statutory nominal gross monthly minimum wage,Currency: U.S. dollars,2019,110.222,Type of minimum wage: Rate of the SMIG when SMIG/SMAG system | Currency: TUN - Tunisian dinar (TND) | ILO calculation: Hourly figure multiplied by 48 hours and 4.33 weeks,TUN,0.74
Tunisia,ADM - Labour legislation,Statutory nominal gross monthly minimum wage,Currency: U.S. dollars,2018,122.197,Type of minimum wage: Rate of the SMIG when SMIG/SMAG system | Currency: TUN - Tunisian dinar (TND) | ILO calculation: Hourly figure multiplied by 48 hours and 4.33 weeks,TUN,0.742
Tunisia,ADM - Labour legislation,Statutory nominal gross monthly minimum wage,Currency: U.S. dollars,2017,126.305,Type of minimum wage: Rate of the SMIG when SMIG/SMAG system | Currency: TUN - Tunisian dinar (TND) | ILO calculation: Hourly figure multiplied by 48 hours and 4.33 weeks,TUN,0.737
Tunisia,ADM - Labour legislation,Statutory nominal gross monthly minimum wage,Currency: U.S. dollars,2016,134.84,Type of minimum wage: Rate of the SMIG when SMIG/SMAG system | Currency: TUN - Tunisian dinar (TND) | ILO calculation: Hourly figure multiplied by 48 hours and 4.33 weeks,TUN,0.733
Tunisia,ADM - Labour legislation,Statutory nominal gross monthly minimum wage,Currency: U.S. dollars,2015,147.653,Type of minimum wage: Rate of the SMIG when SMIG/SMAG system | Currency: TUN - Tunisian dinar (TND) | ILO calculation: Hourly figure multiplied by 48 hours and 4.33 weeks,TUN,0.728
Tunisia,ADM - Labour legislation,Statutory nominal gross monthly minimum wage,Currency: U.S. dollars,2014,163.361,Type of minimum wage: Rate of the SMIG when SMIG/SMAG system | Currency: TUN - Tunisian dinar (TND) | ILO calculation: Hourly figure multiplied by 48 hours and 4.33 weeks,TUN,0.725
Tunisia,ADM - Labour legislation,Statutory nominal gross monthly minimum wage,Currency: U.S. dollars,2013,160.034,Type of minimum wage: Rate of the SMIG when SMIG/SMAG system | Currency: TUN - Tunisian dinar (TND) | ILO calculation: Hourly figure multiplied by 48 hours and 4.33 weeks,TUN,0.722
Tunisia,ADM - Labour legislation,Statutory nominal gross monthly minimum wage,Currency: U.S. dollars,2012,166.465,Type of minimum wage: Rate of the SMIG when SMIG/SMAG system | Currency: TUN - Tunisian dinar (TND) | ILO calculation: Hourly figure multiplied by 48 hours and 4.33 weeks,TUN,0.72
Tunisia,ADM - Labour legislation,Statutory nominal gross monthly minimum wage,Currency: U.S. dollars,2011,172.375,Type of minimum wage: Rate of the SMIG when SMIG/SMAG system | Currency: TUN - Tunisian dinar (TND) | ILO calculation: Hourly figure multiplied by 48 hours and 4.33 weeks,TUN,0.718
Tunisia,ADM - Labour legislation,Statutory nominal gross monthly minimum wage,Currency: U.S. dollars,2010,169.531,Type of minimum wage: Rate of the SMIG when SMIG/SMAG system | Currency: TUN - Tunisian dinar (TND) | ILO calculation: Hourly figure multiplied by 48 hours and 4.33 weeks,TUN,0.717
Tunisia,ADM - Labour legislation,Statutory nominal gross monthly minimum wage,Currency: U.S. dollars,2009,166.88,Type of minimum wage: Rate of the SMIG when SMIG/SMAG system | Currency: TUN - Tunisian dinar (TND) | ILO calculation: Hourly figure multiplied by 48 hours and 4.33 weeks,TUN,0.713
Tunisia,ADM - Labour legislation,Statutory nominal gross monthly minimum wage,Currency: U.S. dollars,2008,182.879,Type of minimum wage: Rate of the SMIG when SMIG/SMAG system | Currency: TUN - Tunisian dinar (TND) | ILO calculation: Hourly figure multiplied by 48 hours and 4.33 weeks,TUN,0.709
Tunisia,ADM - Labour legislation,Statutory nominal gross monthly minimum wage,Currency: U.S. dollars,2007,166.23,Currency: TUN - Tunisian dinar (TND),TUN,0.703
Tunisia,ADM - Labour legislation,Statutory nominal gross monthly minimum wage,Currency: U.S. dollars,2006,154.768,Currency: TUN - Tunisian dinar (TND),TUN,0.697
Tunisia,ADM - Labour legislation,Statutory nominal gross monthly minimum wage,Currency: U.S. dollars,2005,154.15,Currency: TUN - Tunisian dinar (TND),TUN,0.69
Tunisia,ADM - Labour legislation,Statutory nominal gross monthly minimum wage,Currency: U.S. dollars,2004,156.568,Currency: TUN - Tunisian dinar (TND),TUN,0.683
Tunisia,ADM - Labour legislation,Statutory nominal gross monthly minimum wage,Currency: U.S. dollars,2003,146.687,Currency: TUN - Tunisian dinar (TND),TUN,0.673
Tunisia,ADM - Labour legislation,Statutory nominal gross monthly minimum wage,Currency: U.S. dollars,2002,128.013,Currency: TUN - Tunisian dinar (TND),TUN,0.667
Tunisia,ADM - Labour legislation,Statutory nominal gross monthly minimum wage,Currency: U.S. dollars,2001,122.332,Currency: TUN - Tunisian dinar (TND),TUN,0.661
Tunisia,ADM - Labour legislation,Statutory nominal gross monthly minimum wage,Currency: U.S. dollars,2000,123.296,Currency: TUN - Tunisian dinar (TND),TUN,0.654
Türkiye,ADM - Labour legislation,Statutory nominal gross monthly minimum wage,Currency: U.S. dollars,2023,565.114,Type of minimum wage: Singular national minimum wage | Currency: TUR - Turkish lira (TRY),TUR,0.853
Türkiye,ADM - Labour legislation,Statutory nominal gross monthly minimum wage,Currency: U.S. dollars,2022,391.024,Type of minimum wage: Singular national minimum wage | Currency: TUR - Turkish lira (TRY),TUR,0.853
Türkiye,ADM - Labour legislation,Statutory nominal gross monthly minimum wage,Currency: U.S. dollars,2021,404.275,Type of minimum wage: Singular national minimum wage | Currency: TUR - Turkish lira (TRY),TUR,0.841
Türkiye,ADM - Labour legislation,Statutory nominal gross monthly minimum wage,Currency: U.S. dollars,2020,419.912,Type of minimum wage: Singular national minimum wage | Currency: TUR - Turkish lira (TRY),TUR,0.838
Türkiye,ADM - Labour legislation,Statutory nominal gross monthly minimum wage,Currency: U.S. dollars,2019,450.843,Type of minimum wage: Singular national minimum wage | Currency: TUR - Turkish lira (TRY),TUR,0.841
Türkiye,ADM - Labour legislation,Statutory nominal gross monthly minimum wage,Currency: U.S. dollars,2018,420.432,Type of minimum wage: Singular national minimum wage | Currency: TUR - Turkish lira (TRY),TUR,0.838
Türkiye,ADM - Labour legislation,Statutory nominal gross monthly minimum wage,Currency: U.S. dollars,2017,487.373,Type of minimum wage: Singular national minimum wage | Currency: TUR - Turkish lira (TRY),TUR,0.833
Türkiye,ADM - Labour legislation,Statutory nominal gross monthly minimum wage,Currency: U.S. dollars,2016,545.34,Type of minimum wage: Singular national minimum wage | Currency: TUR - Turkish lira (TRY),TUR,0.826
Türkiye,ADM - Labour legislation,Statutory nominal gross monthly minimum wage,Currency: U.S. dollars,2015,468.381,Type of minimum wage: Singular national minimum wage | Currency: TUR - Turkish lira (TRY),TUR,0.821
Türkiye,ADM - Labour legislation,Statutory nominal gross monthly minimum wage,Currency: U.S. dollars,2014,518.153,Type of minimum wage: Singular national minimum wage | Currency: TUR - Turkish lira (TRY),TUR,0.813
Türkiye,ADM - Labour legislation,Statutory nominal gross monthly minimum wage,Currency: U.S. dollars,2013,536.83,Type of minimum wage: Singular national minimum wage | Currency: TUR - Turkish lira (TRY),TUR,0.802
Türkiye,ADM - Labour legislation,Statutory nominal gross monthly minimum wage,Currency: U.S. dollars,2012,523.942,Type of minimum wage: Singular national minimum wage | Currency: TUR - Turkish lira (TRY),TUR,0.772
Türkiye,ADM - Labour legislation,Statutory nominal gross monthly minimum wage,Currency: U.S. dollars,2011,499.715,Type of minimum wage: Singular national minimum wage | Currency: TUR - Turkish lira (TRY),TUR,0.764
Türkiye,ADM - Labour legislation,Statutory nominal gross monthly minimum wage,Currency: U.S. dollars,2010,506.372,Type of minimum wage: Singular national minimum wage | Currency: TUR - Turkish lira (TRY),TUR,0.75
Türkiye,ADM - Labour legislation,Statutory nominal gross monthly minimum wage,Currency: U.S. dollars,2009,447.108,Type of minimum wage: Singular national minimum wage | Currency: TUR - Turkish lira (TRY),TUR,0.728
Türkiye,ADM - Labour legislation,Statutory nominal gross monthly minimum wage,Currency: U.S. dollars,2008,490.964,Type of minimum wage: Singular national minimum wage | Currency: TUR - Turkish lira (TRY),TUR,0.721
Türkiye,ADM - Labour legislation,Statutory nominal gross monthly minimum wage,Currency: U.S. dollars,2007,448.988,Type of minimum wage: Singular national minimum wage | Currency: TUR - Turkish lira (TRY),TUR,0.719
Türkiye,ADM - Labour legislation,Statutory nominal gross monthly minimum wage,Currency: U.S. dollars,2006,371.731,Type of minimum wage: Singular national minimum wage | Currency: TUR - Turkish lira (TRY),TUR,0.711
Türkiye,ADM - Labour legislation,Statutory nominal gross monthly minimum wage,Currency: U.S. dollars,2005,363.952,Type of minimum wage: Singular national minimum wage | Currency: TUR - Turkish lira (TRY),TUR,0.701
Türkiye,ADM - Labour legislation,Statutory nominal gross monthly minimum wage,Currency: U.S. dollars,2004,311.462,Type of minimum wage: Singular national minimum wage | Currency: TUR - Turkish lira (TRY),TUR,0.696
Türkiye,ADM - Labour legislation,Statutory nominal gross monthly minimum wage,Currency: U.S. dollars,2003,203.88,Type of minimum wage: Singular national minimum wage | Currency: TUR - Turkish lira (TRY),TUR,0.691
Türkiye,ADM - Labour legislation,Statutory nominal gross monthly minimum wage,Currency: U.S. dollars,2002,166.531,Type of minimum wage: Singular national minimum wage | Currency: TUR - Turkish lira (TRY),TUR,0.685
Türkiye,ADM - Labour legislation,Statutory nominal gross monthly minimum wage,Currency: U.S. dollars,2001,137.077,Type of minimum wage: Singular national minimum wage | Currency: TUR - Turkish lira (TRY),TUR,0.675
Türkiye,ADM - Labour legislation,Statutory nominal gross monthly minimum wage,Currency: U.S. dollars,2000,190.333,Type of minimum wage: Singular national minimum wage | Currency: TUR - Turkish lira (TRY),TUR,0.669
Uganda,ADM - Labour legislation,Statutory nominal gross monthly minimum wage,Currency: U.S. dollars,2023,34.889,Type of minimum wage: Singular national minimum wage | Currency: UGA - Ugandan shilling (UGX),UGA,0.582
Uganda,ADM - Labour legislation,Statutory nominal gross monthly minimum wage,Currency: U.S. dollars,2022,35.232,Type of minimum wage: Singular national minimum wage | Currency: UGA - Ugandan shilling (UGX),UGA,0.578
Uganda,ADM - Labour legislation,Statutory nominal gross monthly minimum wage,Currency: U.S. dollars,2021,36.242,Type of minimum wage: Singular national minimum wage | Currency: UGA - Ugandan shilling (UGX),UGA,0.573
Uganda,ADM - Labour legislation,Statutory nominal gross monthly minimum wage,Currency: U.S. dollars,2020,34.963,Type of minimum wage: Singular national minimum wage | Currency: UGA - Ugandan shilling (UGX),UGA,0.571
Uganda,ADM - Labour legislation,Statutory nominal gross monthly minimum wage,Currency: U.S. dollars,2019,35.097,Type of minimum wage: Singular national minimum wage | Currency: UGA - Ugandan shilling (UGX),UGA,0.569
Uganda,ADM - Labour legislation,Statutory nominal gross monthly minimum wage,Currency: U.S. dollars,2018,34.88,Type of minimum wage: Singular national minimum wage | Currency: UGA - Ugandan shilling (UGX),UGA,0.563
Uganda,ADM - Labour legislation,Statutory nominal gross monthly minimum wage,Currency: U.S. dollars,2017,35.999,Type of minimum wage: Singular national minimum wage | Currency: UGA - Ugandan shilling (UGX),UGA,0.557
Uganda,ADM - Labour legislation,Statutory nominal gross monthly minimum wage,Currency: U.S. dollars,2016,1.754,Type of minimum wage: Singular national minimum wage | Currency: UGA - Ugandan shilling (UGX),UGA,0.553
Uganda,ADM - Labour legislation,Statutory nominal gross monthly minimum wage,Currency: U.S. dollars,2015,1.851,Type of minimum wage: Singular national minimum wage | Currency: UGA - Ugandan shilling (UGX),UGA,0.547
Uganda,ADM - Labour legislation,Statutory nominal gross monthly minimum wage,Currency: U.S. dollars,2014,2.308,Type of minimum wage: Singular national minimum wage | Currency: UGA - Ugandan shilling (UGX),UGA,0.539
Uganda,ADM - Labour legislation,Statutory nominal gross monthly minimum wage,Currency: U.S. dollars,2013,2.319,Type of minimum wage: Singular national minimum wage | Currency: UGA - Ugandan shilling (UGX),UGA,0.532
Uganda,ADM - Labour legislation,Statutory nominal gross monthly minimum wage,Currency: U.S. dollars,2012,2.396,Type of minimum wage: Singular national minimum wage | Currency: UGA - Ugandan shilling (UGX),UGA,0.526
Uganda,ADM - Labour legislation,Statutory nominal gross monthly minimum wage,Currency: U.S. dollars,2011,2.378,Type of minimum wage: Singular national minimum wage | Currency: UGA - Ugandan shilling (UGX),UGA,0.522
Uganda,ADM - Labour legislation,Statutory nominal gross monthly minimum wage,Currency: U.S. dollars,2010,2.755,Type of minimum wage: Singular national minimum wage | Currency: UGA - Ugandan shilling (UGX),UGA,0.514
Uganda,ADM - Labour legislation,Statutory nominal gross monthly minimum wage,Currency: U.S. dollars,2009,2.955,Type of minimum wage: Singular national minimum wage | Currency: UGA - Ugandan shilling (UGX),UGA,0.509
Uganda,ADM - Labour legislation,Statutory nominal gross monthly minimum wage,Currency: U.S. dollars,2008,3.487,Type of minimum wage: Singular national minimum wage | Currency: UGA - Ugandan shilling (UGX),UGA,0.502
Uganda,ADM - Labour legislation,Statutory nominal gross monthly minimum wage,Currency: U.S. dollars,2007,3.481,Currency: UGA - Ugandan shilling (UGX),UGA,0.492
Uganda,ADM - Labour legislation,Statutory nominal gross monthly minimum wage,Currency: U.S. dollars,2006,3.276,Currency: UGA - Ugandan shilling (UGX),UGA,0.481
Uganda,ADM - Labour legislation,Statutory nominal gross monthly minimum wage,Currency: U.S. dollars,2005,3.37,Currency: UGA - Ugandan shilling (UGX),UGA,0.47
Uganda,ADM - Labour legislation,Statutory nominal gross monthly minimum wage,Currency: U.S. dollars,2004,3.314,Currency: UGA - Ugandan shilling (UGX),UGA,0.461
Uganda,ADM - Labour legislation,Statutory nominal gross monthly minimum wage,Currency: U.S. dollars,2003,3.055,Currency: UGA - Ugandan shilling (UGX),UGA,0.446
Uganda,ADM - Labour legislation,Statutory nominal gross monthly minimum wage,Currency: U.S. dollars,2002,3.338,Currency: UGA - Ugandan shilling (UGX),UGA,0.432
Uganda,ADM - Labour legislation,Statutory nominal gross monthly minimum wage,Currency: U.S. dollars,2001,3.418,Currency: UGA - Ugandan shilling (UGX),UGA,0.418
Uganda,ADM - Labour legislation,Statutory nominal gross monthly minimum wage,Currency: U.S. dollars,2000,3.649,Currency: UGA - Ugandan shilling (UGX),UGA,0.407
Ukraine,ADM - Labour legislation,Statutory nominal gross monthly minimum wage,Currency: U.S. dollars,2023,183.191,Currency: UKR - Hryvnia (UAH),UKR,0.779
Ukraine,ADM - Labour legislation,Statutory nominal gross monthly minimum wage,Currency: U.S. dollars,2022,200.975,Currency: UKR - Hryvnia (UAH),UKR,0.772
Ukraine,ADM - Labour legislation,Statutory nominal gross monthly minimum wage,Currency: U.S. dollars,2021,219.892,Currency: UKR - Hryvnia (UAH),UKR,0.772
Ukraine,ADM - Labour legislation,Statutory nominal gross monthly minimum wage,Currency: U.S. dollars,2020,175.202,Currency: UKR - Hryvnia (UAH),UKR,0.783
Ukraine,ADM - Labour legislation,Statutory nominal gross monthly minimum wage,Currency: U.S. dollars,2019,161.459,Currency: UKR - Hryvnia (UAH),UKR,0.789
Ukraine,ADM - Labour legislation,Statutory nominal gross monthly minimum wage,Currency: U.S. dollars,2018,136.872,Currency: UKR - Hryvnia (UAH),UKR,0.784
Ukraine,ADM - Labour legislation,Statutory nominal gross monthly minimum wage,Currency: U.S. dollars,2017,120.316,Currency: UKR - Hryvnia (UAH),UKR,0.785
Ukraine,ADM - Labour legislation,Statutory nominal gross monthly minimum wage,Currency: U.S. dollars,2016,56.748,Currency: UKR - Hryvnia (UAH),UKR,0.78
Ukraine,ADM - Labour legislation,Statutory nominal gross monthly minimum wage,Currency: U.S. dollars,2015,55.757,Currency: UKR - Hryvnia (UAH),UKR,0.778
Ukraine,ADM - Labour legislation,Statutory nominal gross monthly minimum wage,Currency: U.S. dollars,2014,102.468,Currency: UKR - Hryvnia (UAH),UKR,0.788
Ukraine,ADM - Labour legislation,Statutory nominal gross monthly minimum wage,Currency: U.S. dollars,2013,143.501,Currency: UKR - Hryvnia (UAH),UKR,0.789
Ukraine,ADM - Labour legislation,Statutory nominal gross monthly minimum wage,Currency: U.S. dollars,2012,137.905,Currency: UKR - Hryvnia (UAH),UKR,0.789
Ukraine,ADM - Labour legislation,Statutory nominal gross monthly minimum wage,Currency: U.S. dollars,2011,120.488,Currency: UKR - Hryvnia (UAH),UKR,0.786
Ukraine,ADM - Labour legislation,Statutory nominal gross monthly minimum wage,Currency: U.S. dollars,2010,111.9,Currency: UKR - Hryvnia (UAH),UKR,0.782
Ukraine,ADM - Labour legislation,Statutory nominal gross monthly minimum wage,Currency: U.S. dollars,2009,80.86,Currency: UKR - Hryvnia (UAH),UKR,0.773
Ukraine,ADM - Labour legislation,Statutory nominal gross monthly minimum wage,Currency: U.S. dollars,2008,99.673,Currency: UKR - Hryvnia (UAH),UKR,0.776
Ukraine,ADM - Labour legislation,Statutory nominal gross monthly minimum wage,Currency: U.S. dollars,2007,87.129,Currency: UKR - Hryvnia (UAH),UKR,0.77
Ukraine,ADM - Labour legislation,Statutory nominal gross monthly minimum wage,Currency: U.S. dollars,2006,74.257,Currency: UKR - Hryvnia (UAH),UKR,0.762
Ukraine,ADM - Labour legislation,Statutory nominal gross monthly minimum wage,Currency: U.S. dollars,2005,60.491,Currency: UKR - Hryvnia (UAH),UKR,0.757
Ukraine,ADM - Labour legislation,Statutory nominal gross monthly minimum wage,Currency: U.S. dollars,2004,38.54,Currency: UKR - Hryvnia (UAH),UKR,0.751
Ukraine,ADM - Labour legislation,Statutory nominal gross monthly minimum wage,Currency: U.S. dollars,2003,34.692,Currency: UKR - Hryvnia (UAH),UKR,0.745
Ukraine,ADM - Labour legislation,Statutory nominal gross monthly minimum wage,Currency: U.S. dollars,2002,30.977,Currency: UKR - Hryvnia (UAH),UKR,0.736
Ukraine,ADM - Labour legislation,Statutory nominal gross monthly minimum wage,Currency: U.S. dollars,2001,21.965,Currency: UKR - Hryvnia (UAH),UKR,0.728
Ukraine,ADM - Labour legislation,Statutory nominal gross monthly minimum wage,Currency: U.S. dollars,2000,21.69,Currency: UKR - Hryvnia (UAH),UKR,0.716
Uruguay,ILO - SIALC Estimates,Statutory nominal gross monthly minimum wage,Currency: U.S. dollars,2023,573.564,Type of minimum wage: Singular national minimum wage | Currency: URY - Uruguayan peso (UYU),URY,0.862
Uruguay,ILO - SIALC Estimates,Statutory nominal gross monthly minimum wage,Currency: U.S. dollars,2022,470.33,Type of minimum wage: Singular national minimum wage | Currency: URY - Uruguayan peso (UYU),URY,0.852
Uruguay,ILO - SIALC Estimates,Statutory nominal gross monthly minimum wage,Currency: U.S. dollars,2021,411.667,Type of minimum wage: Singular national minimum wage | Currency: URY - Uruguayan peso (UYU),URY,0.837
Uruguay,ILO - SIALC Estimates,Statutory nominal gross monthly minimum wage,Currency: U.S. dollars,2020,387.973,Type of minimum wage: Singular national minimum wage | Currency: URY - Uruguayan peso (UYU),URY,0.837
Uruguay,ILO - SIALC Estimates,Statutory nominal gross monthly minimum wage,Currency: U.S. dollars,2019,443.904,Type of minimum wage: Singular national minimum wage | Currency: URY - Uruguayan peso (UYU),URY,0.83
Uruguay,ILO - SIALC Estimates,Statutory nominal gross monthly minimum wage,Currency: U.S. dollars,2018,437.1,Type of minimum wage: Singular national minimum wage | Currency: URY - Uruguayan peso (UYU),URY,0.826
Uruguay,ILO - SIALC Estimates,Statutory nominal gross monthly minimum wage,Currency: U.S. dollars,2017,427.704,Type of minimum wage: Singular national minimum wage | Currency: URY - Uruguayan peso (UYU),URY,0.827
Uruguay,ILO - SIALC Estimates,Statutory nominal gross monthly minimum wage,Currency: U.S. dollars,2016,369.663,Type of minimum wage: Singular national minimum wage | Currency: URY - Uruguayan peso (UYU),URY,0.821
Uruguay,ILO - SIALC Estimates,Statutory nominal gross monthly minimum wage,Currency: U.S. dollars,2015,365.933,Type of minimum wage: Singular national minimum wage | Currency: URY - Uruguayan peso (UYU),URY,0.818
Uruguay,ILO - SIALC Estimates,Statutory nominal gross monthly minimum wage,Currency: U.S. dollars,2014,385.442,Type of minimum wage: Singular national minimum wage | Currency: URY - Uruguayan peso (UYU),URY,0.816
Uruguay,ILO - SIALC Estimates,Statutory nominal gross monthly minimum wage,Currency: U.S. dollars,2013,386.688,Type of minimum wage: Singular national minimum wage | Currency: URY - Uruguayan peso (UYU),URY,0.812
Uruguay,ILO - SIALC Estimates,Statutory nominal gross monthly minimum wage,Currency: U.S. dollars,2012,354.495,Type of minimum wage: Singular national minimum wage | Currency: URY - Uruguayan peso (UYU),URY,0.804
Uruguay,ILO - SIALC Estimates,Statutory nominal gross monthly minimum wage,Currency: U.S. dollars,2011,310.652,Type of minimum wage: Singular national minimum wage | Currency: URY - Uruguayan peso (UYU),URY,0.801
Uruguay,ILO - SIALC Estimates,Statutory nominal gross monthly minimum wage,Currency: U.S. dollars,2010,239.241,Type of minimum wage: Singular national minimum wage | Currency: URY - Uruguayan peso (UYU),URY,0.796
Uruguay,ILO - SIALC Estimates,Statutory nominal gross monthly minimum wage,Currency: U.S. dollars,2009,196.783,Type of minimum wage: Singular national minimum wage | Currency: URY - Uruguayan peso (UYU),URY,0.787
Uruguay,ILO - SIALC Estimates,Statutory nominal gross monthly minimum wage,Currency: U.S. dollars,2008,198.097,Type of minimum wage: Singular national minimum wage | Currency: URY - Uruguayan peso (UYU),URY,0.783
Uruguay,ILO - SIALC Estimates,Statutory nominal gross monthly minimum wage,Currency: U.S. dollars,2007,138.213,Currency: URY - Uruguayan peso (UYU),URY,0.78
Uruguay,ILO - SIALC Estimates,Statutory nominal gross monthly minimum wage,Currency: U.S. dollars,2006,124.619,Currency: URY - Uruguayan peso (UYU),URY,0.777
Uruguay,ILO - SIALC Estimates,Statutory nominal gross monthly minimum wage,Currency: U.S. dollars,2005,102.13,Currency: URY - Uruguayan peso (UYU),URY,0.778
Uruguay,ILO - SIALC Estimates,Statutory nominal gross monthly minimum wage,Currency: U.S. dollars,2004,45.639,Currency: URY - Uruguayan peso (UYU),URY,0.779
Uruguay,ILO - SIALC Estimates,Statutory nominal gross monthly minimum wage,Currency: U.S. dollars,2003,42.327,Currency: URY - Uruguayan peso (UYU),URY,0.78
Uruguay,ILO - SIALC Estimates,Statutory nominal gross monthly minimum wage,Currency: U.S. dollars,2002,52.218,Currency: URY - Uruguayan peso (UYU),URY,0.775
Uruguay,ILO - SIALC Estimates,Statutory nominal gross monthly minimum wage,Currency: U.S. dollars,2001,81.987,Currency: URY - Uruguayan peso (UYU),URY,0.771
Uruguay,ILO - SIALC Estimates,Statutory nominal gross monthly minimum wage,Currency: U.S. dollars,2000,87.606,Currency: URY - Uruguayan peso (UYU),URY,0.764
United States of America,ADM - Labour legislation,Statutory nominal gross monthly minimum wage,Currency: U.S. dollars,2023,1257.0,Type of minimum wage: Singular national minimum wage | Currency: USA - United States dollar (USD),USA,0.938
United States of America,ADM - Labour legislation,Statutory nominal gross monthly minimum wage,Currency: U.S. dollars,2022,1257.0,Type of minimum wage: Singular national minimum wage | Currency: USA - United States dollar (USD),USA,0.93
United States of America,ADM - Labour legislation,Statutory nominal gross monthly minimum wage,Currency: U.S. dollars,2021,1257.0,Type of minimum wage: Singular national minimum wage | Currency: USA - United States dollar (USD),USA,0.921
United States of America,ADM - Labour legislation,Statutory nominal gross monthly minimum wage,Currency: U.S. dollars,2020,1257.0,Type of minimum wage: Singular national minimum wage | Currency: USA - United States dollar (USD),USA,0.925
United States of America,ADM - Labour legislation,Statutory nominal gross monthly minimum wage,Currency: U.S. dollars,2019,1257.0,Type of minimum wage: Singular national minimum wage | Currency: USA - United States dollar (USD),USA,0.936
United States of America,ADM - Labour legislation,Statutory nominal gross monthly minimum wage,Currency: U.S. dollars,2018,1257.0,Type of minimum wage: Singular national minimum wage | Currency: USA - United States dollar (USD),USA,0.934
United States of America,ADM - Labour legislation,Statutory nominal gross monthly minimum wage,Currency: U.S. dollars,2017,1257.0,Type of minimum wage: Singular national minimum wage | Currency: USA - United States dollar (USD),USA,0.931
United States of America,ADM - Labour legislation,Statutory nominal gross monthly minimum wage,Currency: U.S. dollars,2016,1257.0,Type of minimum wage: Singular national minimum wage | Currency: USA - United States dollar (USD),USA,0.929
United States of America,ADM - Labour legislation,Statutory nominal gross monthly minimum wage,Currency: U.S. dollars,2015,1257.0,Type of minimum wage: Singular national minimum wage | Currency: USA - United States dollar (USD),USA,0.928
United States of America,ADM - Labour legislation,Statutory nominal gross monthly minimum wage,Currency: U.S. dollars,2014,1257.0,Type of minimum wage: Singular national minimum wage | Currency: USA - United States dollar (USD),USA,0.926
United States of America,ADM - Labour legislation,Statutory nominal gross monthly minimum wage,Currency: U.S. dollars,2013,1257.0,Type of minimum wage: Singular national minimum wage | Currency: USA - United States dollar (USD),USA,0.925
United States of America,ADM - Labour legislation,Statutory nominal gross monthly minimum wage,Currency: U.S. dollars,2012,1257.0,Type of minimum wage: Singular national minimum wage | Currency: USA - United States dollar (USD),USA,0.923
United States of America,ADM - Labour legislation,Statutory nominal gross monthly minimum wage,Currency: U.S. dollars,2011,1257.0,Type of minimum wage: Singular national minimum wage | Currency: USA - United States dollar (USD),USA,0.92
United States of America,ADM - Labour legislation,Statutory nominal gross monthly minimum wage,Currency: U.S. dollars,2010,1257.0,Type of minimum wage: Singular national minimum wage | Currency: USA - United States dollar (USD),USA,0.919
United States of America,ADM - Labour legislation,Statutory nominal gross monthly minimum wage,Currency: U.S. dollars,2009,1135.0,Type of minimum wage: Singular national minimum wage | Currency: USA - United States dollar (USD),USA,0.915
United States of America,ADM - Labour legislation,Statutory nominal gross monthly minimum wage,Currency: U.S. dollars,2008,1014.0,Type of minimum wage: Singular national minimum wage | Currency: USA - United States dollar (USD),USA,0.914
United States of America,ADM - Labour legislation,Statutory nominal gross monthly minimum wage,Currency: U.S. dollars,2007,893.0,Type of minimum wage: Singular national minimum wage | Currency: USA - United States dollar (USD),USA,0.914
United States of America,ADM - Labour legislation,Statutory nominal gross monthly minimum wage,Currency: U.S. dollars,2006,893.0,Type of minimum wage: Singular national minimum wage | Currency: USA - United States dollar (USD),USA,0.911
United States of America,ADM - Labour legislation,Statutory nominal gross monthly minimum wage,Currency: U.S. dollars,2005,893.0,Type of minimum wage: Singular national minimum wage | Currency: USA - United States dollar (USD),USA,0.907
United States of America,ADM - Labour legislation,Statutory nominal gross monthly minimum wage,Currency: U.S. dollars,2004,893.0,Type of minimum wage: Singular national minimum wage | Currency: USA - United States dollar (USD),USA,0.905
United States of America,ADM - Labour legislation,Statutory nominal gross monthly minimum wage,Currency: U.S. dollars,2003,893.0,Type of minimum wage: Singular national minimum wage | Currency: USA - United States dollar (USD),USA,0.9
United States of America,ADM - Labour legislation,Statutory nominal gross monthly minimum wage,Currency: U.S. dollars,2002,893.0,Type of minimum wage: Singular national minimum wage | Currency: USA - United States dollar (USD),USA,0.898
United States of America,ADM - Labour legislation,Statutory nominal gross monthly minimum wage,Currency: U.S. dollars,2001,893.0,Type of minimum wage: Singular national minimum wage | Currency: USA - United States dollar (USD),USA,0.897
United States of America,ADM - Labour legislation,Statutory nominal gross monthly minimum wage,Currency: U.S. dollars,2000,893.0,Type of minimum wage: Singular national minimum wage | Currency: USA - United States dollar (USD),USA,0.895
Uzbekistan,ADM - Labour legislation,Statutory nominal gross monthly minimum wage,Currency: U.S. dollars,2023,89.477,Type of minimum wage: Singular national minimum wage | Currency: UZB - Uzbekistani som (UZS),UZB,0.74
Uzbekistan,ADM - Labour legislation,Statutory nominal gross monthly minimum wage,Currency: U.S. dollars,2022,83.257,Type of minimum wage: Singular national minimum wage | Currency: UZB - Uzbekistani som (UZS),UZB,0.737
Uzbekistan,ADM - Labour legislation,Statutory nominal gross monthly minimum wage,Currency: U.S. dollars,2021,77.478,Type of minimum wage: Singular national minimum wage | Currency: UZB - Uzbekistani som (UZS),UZB,0.727
Uzbekistan,ADM - Labour legislation,Statutory nominal gross monthly minimum wage,Currency: U.S. dollars,2020,74.327,Type of minimum wage: Singular national minimum wage | Currency: UZB - Uzbekistani som (UZS),UZB,0.723
Uzbekistan,ADM - Labour legislation,Statutory nominal gross monthly minimum wage,Currency: U.S. dollars,2019,71.845,Type of minimum wage: Singular national minimum wage | Currency: UZB - Uzbekistani som (UZS),UZB,0.73
Uzbekistan,ADM - Labour legislation,Statutory nominal gross monthly minimum wage,Currency: U.S. dollars,2018,21.344,Type of minimum wage: Singular national minimum wage | Central tendency measure: Minimum | Working time arrangement coverage: Full-time workers | Currency: UZB - Uzbekistani som (UZS),UZB,0.725
Uzbekistan,ADM - Labour legislation,Statutory nominal gross monthly minimum wage,Currency: U.S. dollars,2017,29.288,Type of minimum wage: Singular national minimum wage | Central tendency measure: Minimum | Working time arrangement coverage: Full-time workers | Currency: UZB - Uzbekistani som (UZS),UZB,0.719
Uzbekistan,ADM - Labour legislation,Statutory nominal gross monthly minimum wage,Currency: U.S. dollars,2016,43.922,Type of minimum wage: Singular national minimum wage | Central tendency measure: Minimum | Working time arrangement coverage: Full-time workers | Currency: UZB - Uzbekistani som (UZS),UZB,0.714
Uzbekistan,ADM - Labour legislation,Statutory nominal gross monthly minimum wage,Currency: U.S. dollars,2015,46.106,Type of minimum wage: Singular national minimum wage | Central tendency measure: Minimum | Working time arrangement coverage: Full-time workers | Currency: UZB - Uzbekistani som (UZS),UZB,0.707
Uzbekistan,ADM - Labour legislation,Statutory nominal gross monthly minimum wage,Currency: U.S. dollars,2014,41.587,Type of minimum wage: Singular national minimum wage | Central tendency measure: Minimum | Working time arrangement coverage: Full-time workers | Currency: UZB - Uzbekistani som (UZS),UZB,0.703
Uzbekistan,ADM - Labour legislation,Statutory nominal gross monthly minimum wage,Currency: U.S. dollars,2013,37.991,Type of minimum wage: Singular national minimum wage | Central tendency measure: Minimum | Working time arrangement coverage: Full-time workers | Currency: UZB - Uzbekistani som (UZS),UZB,0.698
Saint Vincent and the Grenadines,ADM - Legislation du Travail,Statutory nominal gross monthly minimum wage,Currency: U.S. dollars,2023,385.185,Type of minimum wage: Sectoral (manufacturing) | Currency: VCT - East Caribbean dollar (XCD) | ILO calculation: Daily figure multiplied by 6 days and 4.33 weeks,VCT,0.798
Saint Vincent and the Grenadines,ADM - Legislation du Travail,Statutory nominal gross monthly minimum wage,Currency: U.S. dollars,2022,385.185,Type of minimum wage: Sectoral (manufacturing) | Currency: VCT - East Caribbean dollar (XCD) | ILO calculation: Daily figure multiplied by 6 days and 4.33 weeks,VCT,0.794
Saint Vincent and the Grenadines,ADM - Legislation du Travail,Statutory nominal gross monthly minimum wage,Currency: U.S. dollars,2021,385.185,Type of minimum wage: Sectoral (manufacturing) | Currency: VCT - East Caribbean dollar (XCD) | ILO calculation: Daily figure multiplied by 6 days and 4.33 weeks,VCT,0.781
Saint Vincent and the Grenadines,ADM - Legislation du Travail,Statutory nominal gross monthly minimum wage,Currency: U.S. dollars,2020,385.185,Type of minimum wage: Sectoral (manufacturing) | Currency: VCT - East Caribbean dollar (XCD) | ILO calculation: Daily figure multiplied by 6 days and 4.33 weeks,VCT,0.781
Saint Vincent and the Grenadines,ADM - Legislation du Travail,Statutory nominal gross monthly minimum wage,Currency: U.S. dollars,2019,385.185,Type of minimum wage: Sectoral (manufacturing) | Currency: VCT - East Caribbean dollar (XCD) | ILO calculation: Daily figure multiplied by 6 days and 4.33 weeks,VCT,0.787
Saint Vincent and the Grenadines,ADM - Legislation du Travail,Statutory nominal gross monthly minimum wage,Currency: U.S. dollars,2018,385.185,Type of minimum wage: Sectoral (manufacturing) | Currency: VCT - East Caribbean dollar (XCD) | ILO calculation: Daily figure multiplied by 6 days and 4.33 weeks,VCT,0.783
Saint Vincent and the Grenadines,ADM - Legislation du Travail,Statutory nominal gross monthly minimum wage,Currency: U.S. dollars,2017,385.185,Type of minimum wage: Sectoral (manufacturing) | Currency: VCT - East Caribbean dollar (XCD) | ILO calculation: Daily figure multiplied by 6 days and 4.33 weeks,VCT,0.778
Saint Vincent and the Grenadines,ADM - Legislation du Travail,Statutory nominal gross monthly minimum wage,Currency: U.S. dollars,2016,385.185,Type of minimum wage: Sectoral (manufacturing) | Currency: VCT - East Caribbean dollar (XCD) | ILO calculation: Daily figure multiplied by 6 days and 4.33 weeks,VCT,0.771
Saint Vincent and the Grenadines,ADM - Legislation du Travail,Statutory nominal gross monthly minimum wage,Currency: U.S. dollars,2015,385.185,Type of minimum wage: Sectoral (manufacturing) | Currency: VCT - East Caribbean dollar (XCD) | ILO calculation: Daily figure multiplied by 6 days and 4.33 weeks,VCT,0.765
Saint Vincent and the Grenadines,ADM - Legislation du Travail,Statutory nominal gross monthly minimum wage,Currency: U.S. dollars,2014,385.185,Type of minimum wage: Sectoral (manufacturing) | Currency: VCT - East Caribbean dollar (XCD) | ILO calculation: Daily figure multiplied by 6 days and 4.33 weeks,VCT,0.759
Saint Vincent and the Grenadines,ADM - Legislation du Travail,Statutory nominal gross monthly minimum wage,Currency: U.S. dollars,2013,385.185,Type of minimum wage: Sectoral (manufacturing) | Currency: VCT - East Caribbean dollar (XCD) | ILO calculation: Daily figure multiplied by 6 days and 4.33 weeks,VCT,0.755
Saint Vincent and the Grenadines,ADM - Legislation du Travail,Statutory nominal gross monthly minimum wage,Currency: U.S. dollars,2012,385.185,Type of minimum wage: Sectoral (manufacturing) | Currency: VCT - East Caribbean dollar (XCD) | ILO calculation: Daily figure multiplied by 6 days and 4.33 weeks,VCT,0.753
Saint Vincent and the Grenadines,ADM - Legislation du Travail,Statutory nominal gross monthly minimum wage,Currency: U.S. dollars,2011,385.185,Type of minimum wage: Sectoral (manufacturing) | Currency: VCT - East Caribbean dollar (XCD) | ILO calculation: Daily figure multiplied by 6 days and 4.33 weeks,VCT,0.749
Saint Vincent and the Grenadines,ADM - Legislation du Travail,Statutory nominal gross monthly minimum wage,Currency: U.S. dollars,2010,385.185,Type of minimum wage: Sectoral (manufacturing) | Currency: VCT - East Caribbean dollar (XCD) | ILO calculation: Daily figure multiplied by 6 days and 4.33 weeks,VCT,0.746
Saint Vincent and the Grenadines,ADM - Legislation du Travail,Statutory nominal gross monthly minimum wage,Currency: U.S. dollars,2009,385.185,Type of minimum wage: Sectoral (manufacturing) | Currency: VCT - East Caribbean dollar (XCD) | ILO calculation: Daily figure multiplied by 6 days and 4.33 weeks,VCT,0.745
Saint Vincent and the Grenadines,ADM - Legislation du Travail,Statutory nominal gross monthly minimum wage,Currency: U.S. dollars,2008,385.185,Type of minimum wage: Sectoral (manufacturing) | Currency: VCT - East Caribbean dollar (XCD) | ILO calculation: Daily figure multiplied by 6 days and 4.33 weeks,VCT,0.741
Viet Nam,ADM - Labour legislation,Statutory nominal gross monthly minimum wage,Currency: U.S. dollars,2023,196.744,Type of minimum wage: Regional | Central tendency measure: Median | Currency: VNM - Dông (VND),VNM,0.766
Viet Nam,ADM - Labour legislation,Statutory nominal gross monthly minimum wage,Currency: U.S. dollars,2022,167.396,Type of minimum wage: Regional | Central tendency measure: Median | Currency: VNM - Dông (VND),VNM,0.764
Viet Nam,ADM - Labour legislation,Statutory nominal gross monthly minimum wage,Currency: U.S. dollars,2021,158.68,Type of minimum wage: Regional | Central tendency measure: Median | Currency: VNM - Dông (VND),VNM,0.754
Viet Nam,ADM - Labour legislation,Statutory nominal gross monthly minimum wage,Currency: U.S. dollars,2020,158.348,Type of minimum wage: Regional | Central tendency measure: Median | Currency: VNM - Dông (VND),VNM,0.755
Viet Nam,ADM - Labour legislation,Statutory nominal gross monthly minimum wage,Currency: U.S. dollars,2019,150.975,Type of minimum wage: Regional | Central tendency measure: Median | Currency: VNM - Dông (VND),VNM,0.744
Viet Nam,ADM - Labour legislation,Statutory nominal gross monthly minimum wage,Currency: U.S. dollars,2018,146.447,Type of minimum wage: Regional | Central tendency measure: Median | Currency: VNM - Dông (VND),VNM,0.737
Viet Nam,ADM - Labour legislation,Statutory nominal gross monthly minimum wage,Currency: U.S. dollars,2017,139.025,Type of minimum wage: Regional | Central tendency measure: Median | Currency: VNM - Dông (VND),VNM,0.729
Viet Nam,ADM - Labour legislation,Statutory nominal gross monthly minimum wage,Currency: U.S. dollars,2016,132.209,Type of minimum wage: Regional | Central tendency measure: Median | Currency: VNM - Dông (VND),VNM,0.723
Viet Nam,ADM - Labour legislation,Statutory nominal gross monthly minimum wage,Currency: U.S. dollars,2015,118.677,Type of minimum wage: Regional | Central tendency measure: Median | Currency: VNM - Dông (VND),VNM,0.717
Viet Nam,ADM - Labour legislation,Statutory nominal gross monthly minimum wage,Currency: U.S. dollars,2014,106.393,Type of minimum wage: Regional | Central tendency measure: Median | Currency: VNM - Dông (VND),VNM,0.711
Viet Nam,ADM - Labour legislation,Statutory nominal gross monthly minimum wage,Currency: U.S. dollars,2013,93.152,Type of minimum wage: Regional | Central tendency measure: Median | Currency: VNM - Dông (VND),VNM,0.704
Viet Nam,ADM - Labour legislation,Statutory nominal gross monthly minimum wage,Currency: U.S. dollars,2012,79.94,Type of minimum wage: Regional | Central tendency measure: Median | Currency: VNM - Dông (VND),VNM,0.698
Viet Nam,ADM - Labour legislation,Statutory nominal gross monthly minimum wage,Currency: U.S. dollars,2011,54.852,Type of minimum wage: Regional | Central tendency measure: Median | Currency: VNM - Dông (VND),VNM,0.693
Viet Nam,ADM - Labour legislation,Statutory nominal gross monthly minimum wage,Currency: U.S. dollars,2010,45.399,Type of minimum wage: Regional | Central tendency measure: Median | Currency: VNM - Dông (VND),VNM,0.686
Viet Nam,ADM - Labour legislation,Statutory nominal gross monthly minimum wage,Currency: U.S. dollars,2009,38.09,Type of minimum wage: Regional | Central tendency measure: Median | Currency: VNM - Dông (VND),VNM,0.679
Viet Nam,ADM - Labour legislation,Statutory nominal gross monthly minimum wage,Currency: U.S. dollars,2008,33.124,Type of minimum wage: Regional | Central tendency measure: Median | Currency: VNM - Dông (VND),VNM,0.672
Viet Nam,ADM - Labour legislation,Statutory nominal gross monthly minimum wage,Currency: U.S. dollars,2007,33.53,Type of minimum wage: Singular national minimum wage | Currency: VNM - Dông (VND),VNM,0.664
Viet Nam,ADM - Labour legislation,Statutory nominal gross monthly minimum wage,Currency: U.S. dollars,2006,28.135,Type of minimum wage: Singular national minimum wage | Currency: VNM - Dông (VND),VNM,0.656
Viet Nam,ADM - Labour legislation,Statutory nominal gross monthly minimum wage,Currency: U.S. dollars,2005,22.07,Type of minimum wage: Singular national minimum wage | Currency: VNM - Dông (VND),VNM,0.647
Viet Nam,ADM - Labour legislation,Statutory nominal gross monthly minimum wage,Currency: U.S. dollars,2004,18.417,Type of minimum wage: Singular national minimum wage | Currency: VNM - Dông (VND),VNM,0.638
Viet Nam,ADM - Labour legislation,Statutory nominal gross monthly minimum wage,Currency: U.S. dollars,2003,18.698,Type of minimum wage: Singular national minimum wage | Currency: VNM - Dông (VND),VNM,0.63
Viet Nam,ADM - Labour legislation,Statutory nominal gross monthly minimum wage,Currency: U.S. dollars,2002,13.744,Type of minimum wage: Singular national minimum wage | Currency: VNM - Dông (VND),VNM,0.621
Viet Nam,ADM - Labour legislation,Statutory nominal gross monthly minimum wage,Currency: U.S. dollars,2001,12.224,Type of minimum wage: Singular national minimum wage | Currency: VNM - Dông (VND),VNM,0.612
Viet Nam,ADM - Labour legislation,Statutory nominal gross monthly minimum wage,Currency: U.S. dollars,2000,12.705,Type of minimum wage: Singular national minimum wage | Currency: VNM - Dông (VND),VNM,0.604
Vanuatu,ADM - Legislation du Travail,Statutory nominal gross monthly minimum wage,Currency: U.S. dollars,2023,479.924,Type of minimum wage: Singular national minimum wage | Currency: VUT - Vatu (VUV) | ILO calculation: Hourly figure multiplied by 48 hours and 4.33 weeks,VUT,0.621
Vanuatu,ADM - Legislation du Travail,Statutory nominal gross monthly minimum wage,Currency: U.S. dollars,2022,330.577,Type of minimum wage: Singular national minimum wage | Currency: VUT - Vatu (VUV) | ILO calculation: Hourly figure multiplied by 48 hours and 4.33 weeks,VUT,0.621
Vanuatu,ADM - Legislation du Travail,Statutory nominal gross monthly minimum wage,Currency: U.S. dollars,2021,348.401,Type of minimum wage: Singular national minimum wage | Currency: VUT - Vatu (VUV) | ILO calculation: Hourly figure multiplied by 48 hours and 4.33 weeks,VUT,0.615
Vanuatu,ADM - Legislation du Travail,Statutory nominal gross monthly minimum wage,Currency: U.S. dollars,2020,330.502,Type of minimum wage: Singular national minimum wage | Currency: VUT - Vatu (VUV) | ILO calculation: Hourly figure multiplied by 48 hours and 4.33 weeks,VUT,0.617
Vanuatu,ADM - Legislation du Travail,Statutory nominal gross monthly minimum wage,Currency: U.S. dollars,2019,332.367,Type of minimum wage: Singular national minimum wage | Currency: VUT - Vatu (VUV) | ILO calculation: Hourly figure multiplied by 48 hours and 4.33 weeks,VUT,0.622
Vanuatu,ADM - Legislation du Travail,Statutory nominal gross monthly minimum wage,Currency: U.S. dollars,2018,314.68,Type of minimum wage: Singular national minimum wage | Currency: VUT - Vatu (VUV) | ILO calculation: Hourly figure multiplied by 48 hours and 4.33 weeks,VUT,0.612
Vanuatu,ADM - Legislation du Travail,Statutory nominal gross monthly minimum wage,Currency: U.S. dollars,2017,273.293,Type of minimum wage: Singular national minimum wage | Currency: VUT - Vatu (VUV) | ILO calculation: Hourly figure multiplied by 48 hours and 4.33 weeks,VUT,0.607
Vanuatu,ADM - Legislation du Travail,Statutory nominal gross monthly minimum wage,Currency: U.S. dollars,2016,271.645,Type of minimum wage: Singular national minimum wage | Currency: VUT - Vatu (VUV) | ILO calculation: Hourly figure multiplied by 48 hours and 4.33 weeks,VUT,0.603
Vanuatu,ADM - Legislation du Travail,Statutory nominal gross monthly minimum wage,Currency: U.S. dollars,2015,270.363,Type of minimum wage: Singular national minimum wage | Currency: VUT - Vatu (VUV) | ILO calculation: Hourly figure multiplied by 48 hours and 4.33 weeks,VUT,0.599
Vanuatu,ADM - Legislation du Travail,Statutory nominal gross monthly minimum wage,Currency: U.S. dollars,2014,303.556,Type of minimum wage: Singular national minimum wage | Currency: VUT - Vatu (VUV) | ILO calculation: Hourly figure multiplied by 48 hours and 4.33 weeks,VUT,0.597
Vanuatu,ADM - Legislation du Travail,Statutory nominal gross monthly minimum wage,Currency: U.S. dollars,2013,311.676,Type of minimum wage: Singular national minimum wage | Currency: VUT - Vatu (VUV) | ILO calculation: Hourly figure multiplied by 48 hours and 4.33 weeks,VUT,0.592
Vanuatu,ADM - Legislation du Travail,Statutory nominal gross monthly minimum wage,Currency: U.S. dollars,2012,318.086,Type of minimum wage: Singular national minimum wage | Currency: VUT - Vatu (VUV) | ILO calculation: Hourly figure multiplied by 48 hours and 4.33 weeks,VUT,0.587
Vanuatu,ADM - Legislation du Travail,Statutory nominal gross monthly minimum wage,Currency: U.S. dollars,2011,290.603,Type of minimum wage: Singular national minimum wage | Currency: VUT - Vatu (VUV) | ILO calculation: Hourly figure multiplied by 48 hours and 4.33 weeks,VUT,0.587
Vanuatu,ADM - Legislation du Travail,Statutory nominal gross monthly minimum wage,Currency: U.S. dollars,2010,268.302,Type of minimum wage: Singular national minimum wage | Currency: VUT - Vatu (VUV) | ILO calculation: Hourly figure multiplied by 48 hours and 4.33 weeks,VUT,0.582
Vanuatu,ADM - Legislation du Travail,Statutory nominal gross monthly minimum wage,Currency: U.S. dollars,2009,186.745,Type of minimum wage: Singular national minimum wage | Currency: VUT - Vatu (VUV) | ILO calculation: Hourly figure multiplied by 48 hours and 4.33 weeks,VUT,0.579
Vanuatu,ADM - Legislation du Travail,Statutory nominal gross monthly minimum wage,Currency: U.S. dollars,2008,196.709,Type of minimum wage: Singular national minimum wage | Currency: VUT - Vatu (VUV) | ILO calculation: Hourly figure multiplied by 48 hours and 4.33 weeks,VUT,0.578
Samoa,ADM - Legislation du Travail,Statutory nominal gross monthly minimum wage,Currency: U.S. dollars,2023,227.867,Type of minimum wage: Rate of the SMIG when SMIG/SMAG system | Currency: WSM - Tala (WST) | ILO calculation: Hourly figure multiplied by 48 hours and 4.33 weeks,WSM,0.708
Samoa,ADM - Legislation du Travail,Statutory nominal gross monthly minimum wage,Currency: U.S. dollars,2022,232.057,Type of minimum wage: Rate of the SMIG when SMIG/SMAG system | Currency: WSM - Tala (WST) | ILO calculation: Hourly figure multiplied by 48 hours and 4.33 weeks,WSM,0.703
Samoa,ADM - Legislation du Travail,Statutory nominal gross monthly minimum wage,Currency: U.S. dollars,2021,244.123,Type of minimum wage: Rate of the SMIG when SMIG/SMAG system | Currency: WSM - Tala (WST) | ILO calculation: Hourly figure multiplied by 48 hours and 4.33 weeks,WSM,0.706
Samoa,ADM - Legislation du Travail,Statutory nominal gross monthly minimum wage,Currency: U.S. dollars,2020,234.15,Type of minimum wage: Rate of the SMIG when SMIG/SMAG system | Currency: WSM - Tala (WST) | ILO calculation: Hourly figure multiplied by 48 hours and 4.33 weeks,WSM,0.708
Samoa,ADM - Legislation du Travail,Statutory nominal gross monthly minimum wage,Currency: U.S. dollars,2019,180.608,Type of minimum wage: Rate of the SMIG when SMIG/SMAG system | Currency: WSM - Tala (WST) | ILO calculation: Hourly figure multiplied by 48 hours and 4.33 weeks,WSM,0.708
Samoa,ADM - Legislation du Travail,Statutory nominal gross monthly minimum wage,Currency: U.S. dollars,2018,184.905,Type of minimum wage: Rate of the SMIG when SMIG/SMAG system | Currency: WSM - Tala (WST) | ILO calculation: Hourly figure multiplied by 48 hours and 4.33 weeks,WSM,0.711
Samoa,ADM - Legislation du Travail,Statutory nominal gross monthly minimum wage,Currency: U.S. dollars,2017,187.286,Type of minimum wage: Rate of the SMIG when SMIG/SMAG system | Currency: WSM - Tala (WST) | ILO calculation: Hourly figure multiplied by 48 hours and 4.33 weeks,WSM,0.712
Samoa,ADM - Legislation du Travail,Statutory nominal gross monthly minimum wage,Currency: U.S. dollars,2016,186.516,Type of minimum wage: Rate of the SMIG when SMIG/SMAG system | Currency: WSM - Tala (WST) | ILO calculation: Hourly figure multiplied by 48 hours and 4.33 weeks,WSM,0.712
Samoa,ADM - Legislation du Travail,Statutory nominal gross monthly minimum wage,Currency: U.S. dollars,2015,186.811,Type of minimum wage: Rate of the SMIG when SMIG/SMAG system | Currency: WSM - Tala (WST) | ILO calculation: Hourly figure multiplied by 48 hours and 4.33 weeks,WSM,0.708
Samoa,ADM - Legislation du Travail,Statutory nominal gross monthly minimum wage,Currency: U.S. dollars,2014,178.405,Type of minimum wage: Rate of the SMIG when SMIG/SMAG system | Currency: WSM - Tala (WST) | ILO calculation: Hourly figure multiplied by 48 hours and 4.33 weeks,WSM,0.706
Samoa,ADM - Legislation du Travail,Statutory nominal gross monthly minimum wage,Currency: U.S. dollars,2013,180.016,Type of minimum wage: Rate of the SMIG when SMIG/SMAG system | Currency: WSM - Tala (WST) | ILO calculation: Hourly figure multiplied by 48 hours and 4.33 weeks,WSM,0.706
Samoa,ADM - Legislation du Travail,Statutory nominal gross monthly minimum wage,Currency: U.S. dollars,2012,181.476,Type of minimum wage: Rate of the SMIG when SMIG/SMAG system | Currency: WSM - Tala (WST) | ILO calculation: Hourly figure multiplied by 48 hours and 4.33 weeks,WSM,0.707
South Africa,ADM - Labour legislation,Statutory nominal gross monthly minimum wage,Currency: U.S. dollars,2023,238.628,Type of minimum wage: Occupational | Currency: ZAF - Rand (ZAR) | ILO calculation: Daily figure multiplied by 6 days and 4.33 weeks,ZAF,0.741
South Africa,ADM - Labour legislation,Statutory nominal gross monthly minimum wage,Currency: U.S. dollars,2022,248.122,Type of minimum wage: Occupational | Currency: ZAF - Rand (ZAR) | ILO calculation: Daily figure multiplied by 6 days and 4.33 weeks,ZAF,0.737
South Africa,ADM - Labour legislation,Statutory nominal gross monthly minimum wage,Currency: U.S. dollars,2021,256.84,Type of minimum wage: Occupational | Currency: ZAF - Rand (ZAR) | ILO calculation: Daily figure multiplied by 6 days and 4.33 weeks,ZAF,0.721
South Africa,ADM - Labour legislation,Statutory nominal gross monthly minimum wage,Currency: U.S. dollars,2020,220.729,Type of minimum wage: Occupational | Currency: ZAF - Rand (ZAR) | ILO calculation: Daily figure multiplied by 6 days and 4.33 weeks,ZAF,0.724
South Africa,ADM - Labour legislation,Statutory nominal gross monthly minimum wage,Currency: U.S. dollars,2019,242.241,Type of minimum wage: Occupational | Currency: ZAF - Rand (ZAR) | ILO calculation: Daily figure multiplied by 6 days and 4.33 weeks,ZAF,0.742
South Africa,ADM - Labour legislation,Statutory nominal gross monthly minimum wage,Currency: U.S. dollars,2018,249.926,Type of minimum wage: Occupational | Currency: ZAF - Rand (ZAR) | ILO calculation: Daily figure multiplied by 6 days and 4.33 weeks,ZAF,0.732
South Africa,ADM - Labour legislation,Statutory nominal gross monthly minimum wage,Currency: U.S. dollars,2017,231.953,Type of minimum wage: Occupational | Currency: ZAF - Rand (ZAR) | ILO calculation: Daily figure multiplied by 6 days and 4.33 weeks,ZAF,0.726
South Africa,ADM - Labour legislation,Statutory nominal gross monthly minimum wage,Currency: U.S. dollars,2016,195.23,Type of minimum wage: Occupational | Currency: ZAF - Rand (ZAR) | ILO calculation: Daily figure multiplied by 6 days and 4.33 weeks,ZAF,0.722
South Africa,ADM - Labour legislation,Statutory nominal gross monthly minimum wage,Currency: U.S. dollars,2015,212.185,Type of minimum wage: Occupational | Currency: ZAF - Rand (ZAR) | ILO calculation: Daily figure multiplied by 6 days and 4.33 weeks,ZAF,0.722
South Africa,ADM - Labour legislation,Statutory nominal gross monthly minimum wage,Currency: U.S. dollars,2014,228.815,Type of minimum wage: Occupational | Currency: ZAF - Rand (ZAR) | ILO calculation: Daily figure multiplied by 6 days and 4.33 weeks,ZAF,0.713
South Africa,ADM - Labour legislation,Statutory nominal gross monthly minimum wage,Currency: U.S. dollars,2013,237.259,Type of minimum wage: Occupational | Currency: ZAF - Rand (ZAR) | ILO calculation: Daily figure multiplied by 6 days and 4.33 weeks,ZAF,0.705
South Africa,ADM - Labour legislation,Statutory nominal gross monthly minimum wage,Currency: U.S. dollars,2012,260.689,Type of minimum wage: Occupational | Currency: ZAF - Rand (ZAR) | ILO calculation: Daily figure multiplied by 6 days and 4.33 weeks,ZAF,0.696
South Africa,ADM - Labour legislation,Statutory nominal gross monthly minimum wage,Currency: U.S. dollars,2011,271.617,Type of minimum wage: Occupational | Currency: ZAF - Rand (ZAR) | ILO calculation: Daily figure multiplied by 6 days and 4.33 weeks,ZAF,0.683
South Africa,ADM - Labour legislation,Statutory nominal gross monthly minimum wage,Currency: U.S. dollars,2010,260.544,Type of minimum wage: Occupational | Currency: ZAF - Rand (ZAR) | ILO calculation: Daily figure multiplied by 6 days and 4.33 weeks,ZAF,0.669
South Africa,ADM - Labour legislation,Statutory nominal gross monthly minimum wage,Currency: U.S. dollars,2009,229.77,Central tendency measure: Lowest occupational minimum wage | Working time arrangement coverage: Full-time equivalents | Currency: ZAF - Rand (ZAR),ZAF,0.657
South Africa,ADM - Labour legislation,Statutory nominal gross monthly minimum wage,Currency: U.S. dollars,2008,210.259,Central tendency measure: Lowest occupational minimum wage | Working time arrangement coverage: Full-time equivalents | Currency: ZAF - Rand (ZAR),ZAF,0.643
South Africa,ADM - Labour legislation,Statutory nominal gross monthly minimum wage,Currency: U.S. dollars,2007,226.39,Central tendency measure: Lowest occupational minimum wage | Working time arrangement coverage: Full-time equivalents | Currency: ZAF - Rand (ZAR),ZAF,0.632
South Africa,ADM - Labour legislation,Statutory nominal gross monthly minimum wage,Currency: U.S. dollars,2006,222.253,Central tendency measure: Lowest occupational minimum wage | Working time arrangement coverage: Full-time equivalents | Currency: ZAF - Rand (ZAR),ZAF,0.622
South Africa,ADM - Labour legislation,Statutory nominal gross monthly minimum wage,Currency: U.S. dollars,2005,224.08,Central tendency measure: Lowest occupational minimum wage | Working time arrangement coverage: Full-time equivalents | Currency: ZAF - Rand (ZAR),ZAF,0.616
South Africa,ADM - Labour legislation,Statutory nominal gross monthly minimum wage,Currency: U.S. dollars,2004,202.796,Central tendency measure: Lowest occupational minimum wage | Working time arrangement coverage: Full-time equivalents | Currency: ZAF - Rand (ZAR),ZAF,0.613
South Africa,ADM - Labour legislation,Statutory nominal gross monthly minimum wage,Currency: U.S. dollars,2003,159.159,Central tendency measure: Lowest occupational minimum wage | Working time arrangement coverage: Full-time equivalents | Currency: ZAF - Rand (ZAR),ZAF,0.61
Zambia,ADM - Labour legislation,Statutory nominal gross monthly minimum wage,Currency: U.S. dollars,2023,64.318,Type of minimum wage: Occupational (unskilled workers) | Currency: ZMB - Zambian kwacha (ZMW),ZMB,0.595
Zambia,ADM - Labour legislation,Statutory nominal gross monthly minimum wage,Currency: U.S. dollars,2022,61.992,Type of minimum wage: Occupational (unskilled workers) | Currency: ZMB - Zambian kwacha (ZMW),ZMB,0.589
Zambia,ADM - Labour legislation,Statutory nominal gross monthly minimum wage,Currency: U.S. dollars,2021,52.452,Type of minimum wage: Occupational (unskilled workers) | Currency: ZMB - Zambian kwacha (ZMW),ZMB,0.574
Zambia,ADM - Labour legislation,Statutory nominal gross monthly minimum wage,Currency: U.S. dollars,2020,57.239,Type of minimum wage: Occupational (unskilled workers) | Currency: ZMB - Zambian kwacha (ZMW),ZMB,0.578
Zambia,ADM - Labour legislation,Statutory nominal gross monthly minimum wage,Currency: U.S. dollars,2019,81.458,Type of minimum wage: Occupational (unskilled workers) | Currency: ZMB - Zambian kwacha (ZMW),ZMB,0.578
Zambia,ADM - Labour legislation,Statutory nominal gross monthly minimum wage,Currency: U.S. dollars,2018,100.398,Type of minimum wage: Occupational (unskilled workers) | Currency: ZMB - Zambian kwacha (ZMW),ZMB,0.575
Zambia,ADM - Labour legislation,Statutory nominal gross monthly minimum wage,Currency: U.S. dollars,2017,73.549,Type of minimum wage: Occupational (unskilled workers) | Currency: ZMB - Zambian kwacha (ZMW),ZMB,0.57
Zambia,ADM - Labour legislation,Statutory nominal gross monthly minimum wage,Currency: U.S. dollars,2016,67.912,Type of minimum wage: Occupational (unskilled workers) | Currency: ZMB - Zambian kwacha (ZMW),ZMB,0.565
Zambia,ADM - Labour legislation,Statutory nominal gross monthly minimum wage,Currency: U.S. dollars,2015,81.097,Type of minimum wage: Occupational (unskilled workers) | Currency: ZMB - Zambian kwacha (ZMW),ZMB,0.565
Zambia,ADM - Labour legislation,Statutory nominal gross monthly minimum wage,Currency: U.S. dollars,2014,113.744,Type of minimum wage: Occupational (unskilled workers) | Currency: ZMB - Zambian kwacha (ZMW),ZMB,0.559
Zambia,ADM - Labour legislation,Statutory nominal gross monthly minimum wage,Currency: U.S. dollars,2013,129.714,Type of minimum wage: Occupational (unskilled workers) | Currency: ZMB - Zambian kwacha (ZMW),ZMB,0.557
Zambia,ADM - Labour legislation,Statutory nominal gross monthly minimum wage,Currency: U.S. dollars,2012,135.988,Type of minimum wage: Occupational (unskilled workers) | Currency: ZMB - Zambian kwacha (ZMW),ZMB,0.551
Zambia,ADM - Labour legislation,Statutory nominal gross monthly minimum wage,Currency: U.S. dollars,2011,86.39,Type of minimum wage: Occupational (unskilled workers) | Currency: ZMB - Zambian kwacha (ZMW),ZMB,0.538
Zambia,ADM - Labour legislation,Statutory nominal gross monthly minimum wage,Currency: U.S. dollars,2010,55.862,Type of minimum wage: Occupational (unskilled workers) | Currency: ZMB - Zambian kwacha (ZMW),ZMB,0.533
Zambia,ADM - Labour legislation,Statutory nominal gross monthly minimum wage,Currency: U.S. dollars,2009,53.122,Type of minimum wage: Occupational (unskilled workers) | Currency: ZMB - Zambian kwacha (ZMW),ZMB,0.526
Zambia,ADM - Labour legislation,Statutory nominal gross monthly minimum wage,Currency: U.S. dollars,2008,71.562,Type of minimum wage: Occupational (unskilled workers) | Currency: ZMB - Zambian kwacha (ZMW),ZMB,0.514
